timestamp,camera,t0_capture,t1_encode_start,t2_encode_end,t3_pyo3,t4_agg,t5_ui,total_latency_ms
2026-09-19 16:28:39.877,onvif-e9b03eab-61a3-46bd-9f42-888fd59ddbc4,1789815519.686,1789815519.687,1789815519.714,1789815519.869,1789815519.869,1789815519.878,191.77
2026-09-19 16:28:40.064,onvif-e9b03eab-61a3-46bd-9f42-888fd59ddbc4,1789815519.869,1789815519.869,1789815519.890,1789815520.053,1789815520.053,1789815520.064,195.15
2026-09-19 16:28:40.235,onvif-e9b03eab-61a3-46bd-9f42-888fd59ddbc4,1789815519.892,1789815520.053,1789815520.071,1789815520.222,1789815520.222,1789815520.235,343.44
2026-09-19 16:28:40.400,onvif-e9b03eab-61a3-46bd-9f42-888fd59ddbc4,1789815520.073,1789815520.222,1789815520.233,1789815520.390,1789815520.390,1789815520.401,327.62
2026-09-19 16:28:40.566,onvif-e9b03eab-61a3-46bd-9f42-888fd59ddbc4,1789815520.233,1789815520.390,1789815520.416,1789815520.558,1789815520.558,1789815520.566,332.80
2026-09-19 16:28:40.654,onvif-e9b03eab-61a3-46bd-9f42-888fd59ddbc4,1789815520.418,1789815520.558,1789815520.570,1789815520.651,1789815520.651,1789815520.654,236.31
2026-09-19 16:28:40.737,onvif-e9b03eab-61a3-46bd-9f42-888fd59ddbc4,1789815520.570,1789815520.651,1789815520.659,1789815520.734,1789815520.734,1789815520.737,167.62
2026-09-19 16:28:40.820,onvif-e9b03eab-61a3-46bd-9f42-888fd59ddbc4,1789815520.734,1789815520.734,1789815520.740,1789815520.817,1789815520.817,1789815520.821,87.00
2026-09-19 16:28:40.904,onvif-e9b03eab-61a3-46bd-9f42-888fd59ddbc4,1789815520.817,1789815520.817,1789815520.823,1789815520.901,1789815520.901,1789815520.905,87.49
2026-09-19 16:28:40.987,onvif-e9b03eab-61a3-46bd-9f42-888fd59ddbc4,1789815520.823,1789815520.901,1789815520.908,1789815520.984,1789815520.984,1789815520.987,164.08
2026-09-19 16:28:41.070,onvif-e9b03eab-61a3-46bd-9f42-888fd59ddbc4,1789815520.911,1789815520.984,1789815520.991,1789815521.067,1789815521.067,1789815521.070,159.26
2026-09-19 16:28:41.154,onvif-e9b03eab-61a3-46bd-9f42-888fd59ddbc4,1789815520.994,1789815521.067,1789815521.073,1789815521.150,1789815521.150,1789815521.155,160.98
2026-09-19 16:28:41.237,onvif-e9b03eab-61a3-46bd-9f42-888fd59ddbc4,1789815521.071,1789815521.151,1789815521.160,1789815521.234,1789815521.234,1789815521.237,166.19
2026-09-19 16:28:41.322,onvif-e9b03eab-61a3-46bd-9f42-888fd59ddbc4,1789815521.158,1789815521.234,1789815521.242,1789815521.318,1789815521.318,1789815521.322,163.67
2026-09-19 16:28:41.407,onvif-e9b03eab-61a3-46bd-9f42-888fd59ddbc4,1789815521.240,1789815521.319,1789815521.327,1789815521.403,1789815521.404,1789815521.407,167.25
2026-09-19 16:28:41.490,onvif-e9b03eab-61a3-46bd-9f42-888fd59ddbc4,1789815521.326,1789815521.404,1789815521.411,1789815521.487,1789815521.487,1789815521.490,164.83
2026-09-19 16:28:41.576,onvif-e9b03eab-61a3-46bd-9f42-888fd59ddbc4,1789815521.411,1789815521.487,1789815521.495,1789815521.572,1789815521.572,1789815521.576,165.71
2026-09-19 16:28:41.658,onvif-e9b03eab-61a3-46bd-9f42-888fd59ddbc4,1789815521.491,1789815521.572,1789815521.580,1789815521.654,1789815521.654,1789815521.658,167.17
2026-09-19 16:28:41.745,onvif-e9b03eab-61a3-46bd-9f42-888fd59ddbc4,1789815521.582,1789815521.654,1789815521.662,1789815521.741,1789815521.741,1789815521.745,163.44
2026-09-19 16:28:41.827,onvif-e9b03eab-61a3-46bd-9f42-888fd59ddbc4,1789815521.659,1789815521.741,1789815521.750,1789815521.824,1789815521.824,1789815521.828,168.93
2026-09-19 16:28:41.909,onvif-e9b03eab-61a3-46bd-9f42-888fd59ddbc4,1789815521.747,1789815521.824,1789815521.833,1789815521.906,1789815521.906,1789815521.909,162.43
2026-09-19 16:28:41.992,onvif-e9b03eab-61a3-46bd-9f42-888fd59ddbc4,1789815521.833,1789815521.906,1789815521.913,1789815521.989,1789815521.989,1789815521.992,158.93
2026-09-19 16:28:42.075,onvif-e9b03eab-61a3-46bd-9f42-888fd59ddbc4,1789815521.910,1789815521.989,1789815521.997,1789815522.072,1789815522.072,1789815522.075,164.85
2026-09-19 16:28:42.166,onvif-e9b03eab-61a3-46bd-9f42-888fd59ddbc4,1789815521.996,1789815522.072,1789815522.079,1789815522.162,1789815522.162,1789815522.167,171.16
2026-09-19 16:28:42.259,onvif-e9b03eab-61a3-46bd-9f42-888fd59ddbc4,1789815522.076,1789815522.162,1789815522.174,1789815522.254,1789815522.254,1789815522.260,183.12
2026-09-19 16:28:42.342,onvif-e9b03eab-61a3-46bd-9f42-888fd59ddbc4,1789815522.172,1789815522.254,1789815522.260,1789815522.339,1789815522.339,1789815522.343,170.67
2026-09-19 16:28:42.428,onvif-e9b03eab-61a3-46bd-9f42-888fd59ddbc4,1789815522.260,1789815522.339,1789815522.347,1789815522.424,1789815522.424,1789815522.428,167.70
2026-09-19 16:28:42.511,onvif-e9b03eab-61a3-46bd-9f42-888fd59ddbc4,1789815522.346,1789815522.424,1789815522.432,1789815522.507,1789815522.507,1789815522.511,164.77
2026-09-19 16:28:42.595,onvif-e9b03eab-61a3-46bd-9f42-888fd59ddbc4,1789815522.429,1789815522.508,1789815522.516,1789815522.591,1789815522.591,1789815522.595,166.07
2026-09-19 16:28:42.676,onvif-e9b03eab-61a3-46bd-9f42-888fd59ddbc4,1789815522.513,1789815522.592,1789815522.600,1789815522.673,1789815522.673,1789815522.676,163.45
2026-09-19 16:28:42.762,onvif-e9b03eab-61a3-46bd-9f42-888fd59ddbc4,1789815522.599,1789815522.673,1789815522.681,1789815522.759,1789815522.759,1789815522.762,163.60
2026-09-19 16:28:42.844,onvif-e9b03eab-61a3-46bd-9f42-888fd59ddbc4,1789815522.679,1789815522.759,1789815522.766,1789815522.841,1789815522.841,1789815522.845,166.25
2026-09-19 16:28:42.931,onvif-e9b03eab-61a3-46bd-9f42-888fd59ddbc4,1789815522.841,1789815522.841,1789815522.848,1789815522.927,1789815522.927,1789815522.931,90.09
2026-09-19 16:28:43.013,onvif-e9b03eab-61a3-46bd-9f42-888fd59ddbc4,1789815522.846,1789815522.927,1789815522.936,1789815523.009,1789815523.009,1789815523.014,168.03
2026-09-19 16:28:43.097,onvif-e9b03eab-61a3-46bd-9f42-888fd59ddbc4,1789815522.932,1789815523.010,1789815523.018,1789815523.093,1789815523.093,1789815523.098,165.05
2026-09-19 16:28:43.179,onvif-e9b03eab-61a3-46bd-9f42-888fd59ddbc4,1789815523.017,1789815523.094,1789815523.102,1789815523.175,1789815523.175,1789815523.179,162.15
2026-09-19 16:28:43.265,onvif-e9b03eab-61a3-46bd-9f42-888fd59ddbc4,1789815523.098,1789815523.175,1789815523.184,1789815523.260,1789815523.260,1789815523.266,167.38
2026-09-19 16:28:43.354,onvif-e9b03eab-61a3-46bd-9f42-888fd59ddbc4,1789815523.183,1789815523.260,1789815523.267,1789815523.351,1789815523.351,1789815523.355,171.82
2026-09-19 16:28:43.438,onvif-e9b03eab-61a3-46bd-9f42-888fd59ddbc4,1789815523.266,1789815523.351,1789815523.359,1789815523.435,1789815523.435,1789815523.438,172.60
2026-09-19 16:28:43.520,onvif-e9b03eab-61a3-46bd-9f42-888fd59ddbc4,1789815523.356,1789815523.435,1789815523.443,1789815523.517,1789815523.517,1789815523.521,164.16
2026-09-19 16:28:43.605,onvif-e9b03eab-61a3-46bd-9f42-888fd59ddbc4,1789815523.443,1789815523.518,1789815523.525,1789815523.601,1789815523.601,1789815523.606,162.25
2026-09-19 16:28:43.687,onvif-e9b03eab-61a3-46bd-9f42-888fd59ddbc4,1789815523.524,1789815523.602,1789815523.609,1789815523.683,1789815523.683,1789815523.687,162.58
2026-09-19 16:28:43.771,onvif-e9b03eab-61a3-46bd-9f42-888fd59ddbc4,1789815523.607,1789815523.684,1789815523.691,1789815523.766,1789815523.766,1789815523.772,164.80
2026-09-19 16:28:43.854,onvif-e9b03eab-61a3-46bd-9f42-888fd59ddbc4,1789815523.690,1789815523.767,1789815523.776,1789815523.849,1789815523.849,1789815523.855,165.06
2026-09-19 16:28:43.939,onvif-e9b03eab-61a3-46bd-9f42-888fd59ddbc4,1789815523.773,1789815523.850,1789815523.859,1789815523.932,1789815523.932,1789815523.939,166.21
2026-09-19 16:28:44.021,onvif-e9b03eab-61a3-46bd-9f42-888fd59ddbc4,1789815523.859,1789815523.932,1789815523.942,1789815524.019,1789815524.019,1789815524.022,162.53
2026-09-19 16:28:44.107,onvif-e9b03eab-61a3-46bd-9f42-888fd59ddbc4,1789815523.939,1789815524.019,1789815524.026,1789815524.102,1789815524.102,1789815524.107,168.49
2026-09-19 16:28:44.189,onvif-e9b03eab-61a3-46bd-9f42-888fd59ddbc4,1789815524.023,1789815524.103,1789815524.111,1789815524.185,1789815524.185,1789815524.189,165.85
2026-09-19 16:28:44.272,onvif-e9b03eab-61a3-46bd-9f42-888fd59ddbc4,1789815524.111,1789815524.185,1789815524.193,1789815524.267,1789815524.267,1789815524.272,161.34
2026-09-19 16:28:44.355,onvif-e9b03eab-61a3-46bd-9f42-888fd59ddbc4,1789815524.193,1789815524.267,1789815524.275,1789815524.351,1789815524.351,1789815524.356,162.66
2026-09-19 16:28:44.440,onvif-e9b03eab-61a3-46bd-9f42-888fd59ddbc4,1789815524.273,1789815524.351,1789815524.360,1789815524.437,1789815524.437,1789815524.440,166.89
2026-09-19 16:28:44.524,onvif-e9b03eab-61a3-46bd-9f42-888fd59ddbc4,1789815524.359,1789815524.437,1789815524.444,1789815524.521,1789815524.521,1789815524.524,164.98
2026-09-19 16:28:44.610,onvif-e9b03eab-61a3-46bd-9f42-888fd59ddbc4,1789815524.443,1789815524.521,1789815524.528,1789815524.606,1789815524.606,1789815524.610,166.88
2026-09-19 16:28:44.694,onvif-e9b03eab-61a3-46bd-9f42-888fd59ddbc4,1789815524.522,1789815524.606,1789815524.614,1789815524.690,1789815524.690,1789815524.694,171.93
2026-09-19 16:28:44.777,onvif-e9b03eab-61a3-46bd-9f42-888fd59ddbc4,1789815524.613,1789815524.690,1789815524.698,1789815524.774,1789815524.774,1789815524.778,164.51
2026-09-19 16:28:44.860,onvif-e9b03eab-61a3-46bd-9f42-888fd59ddbc4,1789815524.696,1789815524.774,1789815524.781,1789815524.856,1789815524.856,1789815524.860,163.65
2026-09-19 16:28:44.944,onvif-e9b03eab-61a3-46bd-9f42-888fd59ddbc4,1789815524.778,1789815524.857,1789815524.864,1789815524.940,1789815524.941,1789815524.944,166.17
2026-09-19 16:28:45.026,onvif-e9b03eab-61a3-46bd-9f42-888fd59ddbc4,1789815524.863,1789815524.941,1789815524.947,1789815525.023,1789815525.023,1789815525.026,162.94
2026-09-19 16:28:45.109,onvif-e9b03eab-61a3-46bd-9f42-888fd59ddbc4,1789815524.945,1789815525.023,1789815525.029,1789815525.106,1789815525.106,1789815525.109,164.22
2026-09-19 16:28:45.194,onvif-e9b03eab-61a3-46bd-9f42-888fd59ddbc4,1789815525.028,1789815525.106,1789815525.112,1789815525.190,1789815525.190,1789815525.194,165.96
2026-09-19 16:28:45.276,onvif-e9b03eab-61a3-46bd-9f42-888fd59ddbc4,1789815525.110,1789815525.190,1789815525.196,1789815525.273,1789815525.273,1789815525.276,166.02
2026-09-19 16:28:45.361,onvif-e9b03eab-61a3-46bd-9f42-888fd59ddbc4,1789815525.198,1789815525.273,1789815525.280,1789815525.357,1789815525.357,1789815525.361,163.45
2026-09-19 16:28:45.446,onvif-e9b03eab-61a3-46bd-9f42-888fd59ddbc4,1789815525.277,1789815525.358,1789815525.365,1789815525.443,1789815525.443,1789815525.447,169.18
2026-09-19 16:28:45.528,onvif-e9b03eab-61a3-46bd-9f42-888fd59ddbc4,1789815525.363,1789815525.443,1789815525.450,1789815525.525,1789815525.525,1789815525.529,165.20
2026-09-19 16:28:45.612,onvif-e9b03eab-61a3-46bd-9f42-888fd59ddbc4,1789815525.448,1789815525.525,1789815525.534,1789815525.609,1789815525.609,1789815525.612,164.76
2026-09-19 16:28:45.694,onvif-e9b03eab-61a3-46bd-9f42-888fd59ddbc4,1789815525.533,1789815525.609,1789815525.616,1789815525.691,1789815525.691,1789815525.694,161.28
2026-09-19 16:28:45.777,onvif-e9b03eab-61a3-46bd-9f42-888fd59ddbc4,1789815525.613,1789815525.691,1789815525.698,1789815525.774,1789815525.774,1789815525.777,163.99
2026-09-19 16:28:45.859,onvif-e9b03eab-61a3-46bd-9f42-888fd59ddbc4,1789815525.699,1789815525.774,1789815525.781,1789815525.856,1789815525.857,1789815525.859,160.51
2026-09-19 16:28:45.946,onvif-e9b03eab-61a3-46bd-9f42-888fd59ddbc4,1789815525.778,1789815525.857,1789815525.864,1789815525.943,1789815525.943,1789815525.947,168.50
2026-09-19 16:28:46.029,onvif-e9b03eab-61a3-46bd-9f42-888fd59ddbc4,1789815525.863,1789815525.943,1789815525.950,1789815526.025,1789815526.025,1789815526.029,165.73
2026-09-19 16:28:46.111,onvif-e9b03eab-61a3-46bd-9f42-888fd59ddbc4,1789815525.953,1789815526.026,1789815526.033,1789815526.108,1789815526.108,1789815526.111,158.01
2026-09-19 16:28:46.193,onvif-e9b03eab-61a3-46bd-9f42-888fd59ddbc4,1789815526.027,1789815526.108,1789815526.115,1789815526.190,1789815526.190,1789815526.194,167.01
2026-09-19 16:28:46.277,onvif-e9b03eab-61a3-46bd-9f42-888fd59ddbc4,1789815526.114,1789815526.190,1789815526.199,1789815526.274,1789815526.274,1789815526.277,163.26
2026-09-19 16:28:46.360,onvif-e9b03eab-61a3-46bd-9f42-888fd59ddbc4,1789815526.198,1789815526.274,1789815526.282,1789815526.357,1789815526.357,1789815526.361,162.98
2026-09-19 16:28:46.443,onvif-e9b03eab-61a3-46bd-9f42-888fd59ddbc4,1789815526.357,1789815526.357,1789815526.365,1789815526.440,1789815526.440,1789815526.444,86.55
2026-09-19 16:28:46.529,onvif-e9b03eab-61a3-46bd-9f42-888fd59ddbc4,1789815526.364,1789815526.440,1789815526.449,1789815526.525,1789815526.525,1789815526.529,165.61
2026-09-19 16:28:46.611,onvif-e9b03eab-61a3-46bd-9f42-888fd59ddbc4,1789815526.448,1789815526.526,1789815526.534,1789815526.608,1789815526.608,1789815526.611,163.18
2026-09-19 16:28:46.696,onvif-e9b03eab-61a3-46bd-9f42-888fd59ddbc4,1789815526.531,1789815526.608,1789815526.615,1789815526.693,1789815526.693,1789815526.696,165.86
2026-09-19 16:28:46.780,onvif-e9b03eab-61a3-46bd-9f42-888fd59ddbc4,1789815526.614,1789815526.693,1789815526.700,1789815526.777,1789815526.777,1789815526.780,166.01
2026-09-19 16:28:46.863,onvif-e9b03eab-61a3-46bd-9f42-888fd59ddbc4,1789815526.697,1789815526.777,1789815526.785,1789815526.861,1789815526.861,1789815526.864,166.68
2026-09-19 16:28:46.948,onvif-e9b03eab-61a3-46bd-9f42-888fd59ddbc4,1789815526.787,1789815526.861,1789815526.868,1789815526.945,1789815526.945,1789815526.949,162.13
2026-09-19 16:28:47.031,onvif-e9b03eab-61a3-46bd-9f42-888fd59ddbc4,1789815526.866,1789815526.945,1789815526.954,1789815527.028,1789815527.028,1789815527.031,165.12
2026-09-19 16:28:47.115,onvif-e9b03eab-61a3-46bd-9f42-888fd59ddbc4,1789815526.953,1789815527.028,1789815527.035,1789815527.111,1789815527.111,1789815527.116,162.81
2026-09-19 16:28:47.195,onvif-e9b03eab-61a3-46bd-9f42-888fd59ddbc4,1789815527.034,1789815527.111,1789815527.118,1789815527.193,1789815527.193,1789815527.196,161.72
2026-09-19 16:28:47.278,onvif-e9b03eab-61a3-46bd-9f42-888fd59ddbc4,1789815527.115,1789815527.193,1789815527.199,1789815527.275,1789815527.275,1789815527.279,163.98
2026-09-19 16:28:47.361,onvif-e9b03eab-61a3-46bd-9f42-888fd59ddbc4,1789815527.196,1789815527.275,1789815527.283,1789815527.358,1789815527.358,1789815527.362,165.94
2026-09-19 16:28:47.448,onvif-e9b03eab-61a3-46bd-9f42-888fd59ddbc4,1789815527.283,1789815527.358,1789815527.365,1789815527.445,1789815527.445,1789815527.449,165.63
2026-09-19 16:28:47.533,onvif-e9b03eab-61a3-46bd-9f42-888fd59ddbc4,1789815527.368,1789815527.445,1789815527.453,1789815527.530,1789815527.530,1789815527.534,165.64
2026-09-19 16:28:47.616,onvif-e9b03eab-61a3-46bd-9f42-888fd59ddbc4,1789815527.453,1789815527.530,1789815527.537,1789815527.613,1789815527.613,1789815527.617,164.06
2026-09-19 16:28:47.699,onvif-e9b03eab-61a3-46bd-9f42-888fd59ddbc4,1789815527.534,1789815527.613,1789815527.621,1789815527.696,1789815527.696,1789815527.699,164.78
2026-09-19 16:28:47.783,onvif-e9b03eab-61a3-46bd-9f42-888fd59ddbc4,1789815527.696,1789815527.696,1789815527.703,1789815527.780,1789815527.780,1789815527.783,87.45
2026-09-19 16:28:47.867,onvif-e9b03eab-61a3-46bd-9f42-888fd59ddbc4,1789815527.702,1789815527.780,1789815527.788,1789815527.864,1789815527.864,1789815527.868,165.79
2026-09-19 16:28:47.953,onvif-e9b03eab-61a3-46bd-9f42-888fd59ddbc4,1789815527.787,1789815527.864,1789815527.872,1789815527.949,1789815527.949,1789815527.953,165.98
2026-09-19 16:28:48.036,onvif-e9b03eab-61a3-46bd-9f42-888fd59ddbc4,1789815527.869,1789815527.949,1789815527.959,1789815528.033,1789815528.033,1789815528.037,167.22
2026-09-19 16:28:48.122,onvif-e9b03eab-61a3-46bd-9f42-888fd59ddbc4,1789815527.957,1789815528.033,1789815528.041,1789815528.118,1789815528.118,1789815528.122,165.16
2026-09-19 16:28:48.208,onvif-e9b03eab-61a3-46bd-9f42-888fd59ddbc4,1789815528.038,1789815528.119,1789815528.126,1789815528.204,1789815528.205,1789815528.209,170.96
2026-09-19 16:28:48.293,onvif-e9b03eab-61a3-46bd-9f42-888fd59ddbc4,1789815528.125,1789815528.205,1789815528.213,1789815528.289,1789815528.289,1789815528.293,168.33
2026-09-19 16:28:48.381,onvif-e9b03eab-61a3-46bd-9f42-888fd59ddbc4,1789815528.210,1789815528.289,1789815528.299,1789815528.375,1789815528.376,1789815528.382,171.70
2026-09-19 16:28:48.465,onvif-e9b03eab-61a3-46bd-9f42-888fd59ddbc4,1789815528.298,1789815528.376,1789815528.386,1789815528.462,1789815528.462,1789815528.466,167.98
2026-09-19 16:28:48.552,onvif-e9b03eab-61a3-46bd-9f42-888fd59ddbc4,1789815528.383,1789815528.463,1789815528.470,1789815528.547,1789815528.547,1789815528.553,169.99
2026-09-19 16:28:48.633,onvif-e9b03eab-61a3-46bd-9f42-888fd59ddbc4,1789815528.470,1789815528.547,1789815528.555,1789815528.630,1789815528.630,1789815528.633,163.03
2026-09-19 16:28:48.718,onvif-e9b03eab-61a3-46bd-9f42-888fd59ddbc4,1789815528.554,1789815528.630,1789815528.638,1789815528.714,1789815528.714,1789815528.719,164.17
2026-09-19 16:28:48.800,onvif-e9b03eab-61a3-46bd-9f42-888fd59ddbc4,1789815528.634,1789815528.715,1789815528.722,1789815528.797,1789815528.797,1789815528.801,166.67
2026-09-19 16:28:48.884,onvif-e9b03eab-61a3-46bd-9f42-888fd59ddbc4,1789815528.723,1789815528.798,1789815528.806,1789815528.881,1789815528.881,1789815528.885,162.02
2026-09-19 16:28:48.967,onvif-e9b03eab-61a3-46bd-9f42-888fd59ddbc4,1789815528.802,1789815528.881,1789815528.889,1789815528.964,1789815528.964,1789815528.967,165.44
2026-09-19 16:28:49.052,onvif-e9b03eab-61a3-46bd-9f42-888fd59ddbc4,1789815528.889,1789815528.964,1789815528.970,1789815529.048,1789815529.048,1789815529.053,163.28
2026-09-19 16:28:49.136,onvif-e9b03eab-61a3-46bd-9f42-888fd59ddbc4,1789815528.970,1789815529.049,1789815529.056,1789815529.134,1789815529.134,1789815529.137,167.10
2026-09-19 16:28:49.222,onvif-e9b03eab-61a3-46bd-9f42-888fd59ddbc4,1789815529.056,1789815529.134,1789815529.140,1789815529.219,1789815529.219,1789815529.222,166.64
2026-09-19 16:28:49.306,onvif-e9b03eab-61a3-46bd-9f42-888fd59ddbc4,1789815529.139,1789815529.219,1789815529.226,1789815529.303,1789815529.303,1789815529.306,167.78
2026-09-19 16:28:49.392,onvif-e9b03eab-61a3-46bd-9f42-888fd59ddbc4,1789815529.225,1789815529.303,1789815529.310,1789815529.389,1789815529.389,1789815529.393,168.01
2026-09-19 16:28:49.476,onvif-e9b03eab-61a3-46bd-9f42-888fd59ddbc4,1789815529.307,1789815529.389,1789815529.396,1789815529.472,1789815529.472,1789815529.477,169.24
2026-09-19 16:28:49.562,onvif-e9b03eab-61a3-46bd-9f42-888fd59ddbc4,1789815529.395,1789815529.473,1789815529.480,1789815529.559,1789815529.559,1789815529.562,166.92
2026-09-19 16:28:49.650,onvif-e9b03eab-61a3-46bd-9f42-888fd59ddbc4,1789815529.559,1789815529.559,1789815529.567,1789815529.644,1789815529.644,1789815529.650,91.32
2026-09-19 16:28:49.734,onvif-e9b03eab-61a3-46bd-9f42-888fd59ddbc4,1789815529.567,1789815529.644,1789815529.654,1789815529.731,1789815529.731,1789815529.735,167.74
2026-09-19 16:28:49.819,onvif-e9b03eab-61a3-46bd-9f42-888fd59ddbc4,1789815529.654,1789815529.732,1789815529.739,1789815529.816,1789815529.816,1789815529.820,166.17
2026-09-19 16:28:49.904,onvif-e9b03eab-61a3-46bd-9f42-888fd59ddbc4,1789815529.736,1789815529.816,1789815529.822,1789815529.901,1789815529.901,1789815529.905,168.72
2026-09-19 16:28:49.988,onvif-e9b03eab-61a3-46bd-9f42-888fd59ddbc4,1789815529.825,1789815529.901,1789815529.908,1789815529.984,1789815529.984,1789815529.988,163.00
2026-09-19 16:28:50.070,onvif-e9b03eab-61a3-46bd-9f42-888fd59ddbc4,1789815529.906,1789815529.985,1789815529.993,1789815530.067,1789815530.067,1789815530.071,165.04
2026-09-19 16:28:50.159,onvif-e9b03eab-61a3-46bd-9f42-888fd59ddbc4,1789815529.990,1789815530.068,1789815530.075,1789815530.152,1789815530.152,1789815530.159,169.04
2026-09-19 16:28:50.240,onvif-e9b03eab-61a3-46bd-9f42-888fd59ddbc4,1789815530.077,1789815530.153,1789815530.161,1789815530.237,1789815530.237,1789815530.240,163.59
2026-09-19 16:28:50.325,onvif-e9b03eab-61a3-46bd-9f42-888fd59ddbc4,1789815530.154,1789815530.237,1789815530.244,1789815530.322,1789815530.322,1789815530.325,170.97
2026-09-19 16:28:50.412,onvif-e9b03eab-61a3-46bd-9f42-888fd59ddbc4,1789815530.246,1789815530.322,1789815530.329,1789815530.409,1789815530.409,1789815530.413,167.04
2026-09-19 16:28:50.496,onvif-e9b03eab-61a3-46bd-9f42-888fd59ddbc4,1789815530.331,1789815530.409,1789815530.417,1789815530.493,1789815530.493,1789815530.497,165.70
2026-09-19 16:28:50.580,onvif-e9b03eab-61a3-46bd-9f42-888fd59ddbc4,1789815530.417,1789815530.493,1789815530.502,1789815530.577,1789815530.577,1789815530.581,163.47
2026-09-19 16:28:50.671,onvif-e9b03eab-61a3-46bd-9f42-888fd59ddbc4,1789815530.499,1789815530.578,1789815530.586,1789815530.662,1789815530.663,1789815530.671,172.58
2026-09-19 16:28:50.753,onvif-e9b03eab-61a3-46bd-9f42-888fd59ddbc4,1789815530.582,1789815530.663,1789815530.673,1789815530.747,1789815530.747,1789815530.753,171.46
2026-09-19 16:28:50.837,onvif-e9b03eab-61a3-46bd-9f42-888fd59ddbc4,1789815530.672,1789815530.747,1789815530.758,1789815530.833,1789815530.833,1789815530.838,165.84
2026-09-19 16:28:50.921,onvif-e9b03eab-61a3-46bd-9f42-888fd59ddbc4,1789815530.758,1789815530.833,1789815530.842,1789815530.918,1789815530.918,1789815530.921,163.07
2026-09-19 16:28:51.005,onvif-e9b03eab-61a3-46bd-9f42-888fd59ddbc4,1789815530.842,1789815530.918,1789815530.925,1789815531.002,1789815531.002,1789815531.006,163.96
2026-09-19 16:28:51.090,onvif-e9b03eab-61a3-46bd-9f42-888fd59ddbc4,1789815530.924,1789815531.003,1789815531.010,1789815531.088,1789815531.088,1789815531.091,166.73
2026-09-19 16:28:51.176,onvif-e9b03eab-61a3-46bd-9f42-888fd59ddbc4,1789815531.007,1789815531.088,1789815531.095,1789815531.173,1789815531.173,1789815531.176,169.28
2026-09-19 16:28:51.262,onvif-e9b03eab-61a3-46bd-9f42-888fd59ddbc4,1789815531.094,1789815531.173,1789815531.180,1789815531.259,1789815531.259,1789815531.263,168.44
2026-09-19 16:28:51.348,onvif-e9b03eab-61a3-46bd-9f42-888fd59ddbc4,1789815531.177,1789815531.259,1789815531.267,1789815531.344,1789815531.344,1789815531.348,170.70
2026-09-19 16:28:51.439,onvif-e9b03eab-61a3-46bd-9f42-888fd59ddbc4,1789815531.266,1789815531.344,1789815531.353,1789815531.431,1789815531.431,1789815531.440,174.16
2026-09-19 16:28:51.520,onvif-e9b03eab-61a3-46bd-9f42-888fd59ddbc4,1789815531.349,1789815531.431,1789815531.442,1789815531.516,1789815531.517,1789815531.521,171.94
2026-09-19 16:28:51.606,onvif-e9b03eab-61a3-46bd-9f42-888fd59ddbc4,1789815531.441,1789815531.517,1789815531.526,1789815531.603,1789815531.603,1789815531.607,165.61
2026-09-19 16:28:51.691,onvif-e9b03eab-61a3-46bd-9f42-888fd59ddbc4,1789815531.525,1789815531.603,1789815531.610,1789815531.687,1789815531.688,1789815531.691,165.73
2026-09-19 16:28:51.776,onvif-e9b03eab-61a3-46bd-9f42-888fd59ddbc4,1789815531.607,1789815531.688,1789815531.695,1789815531.773,1789815531.773,1789815531.776,169.14
2026-09-19 16:28:51.860,onvif-e9b03eab-61a3-46bd-9f42-888fd59ddbc4,1789815531.694,1789815531.773,1789815531.780,1789815531.857,1789815531.857,1789815531.861,166.89
2026-09-19 16:28:51.945,onvif-e9b03eab-61a3-46bd-9f42-888fd59ddbc4,1789815531.782,1789815531.857,1789815531.865,1789815531.941,1789815531.941,1789815531.945,162.94
2026-09-19 16:28:52.030,onvif-e9b03eab-61a3-46bd-9f42-888fd59ddbc4,1789815531.862,1789815531.942,1789815531.950,1789815532.026,1789815532.026,1789815532.030,168.61
2026-09-19 16:28:52.114,onvif-e9b03eab-61a3-46bd-9f42-888fd59ddbc4,1789815531.949,1789815532.027,1789815532.034,1789815532.111,1789815532.111,1789815532.115,165.34
2026-09-19 16:28:52.199,onvif-e9b03eab-61a3-46bd-9f42-888fd59ddbc4,1789815532.031,1789815532.111,1789815532.119,1789815532.196,1789815532.196,1789815532.200,168.31
2026-09-19 16:28:52.282,onvif-e9b03eab-61a3-46bd-9f42-888fd59ddbc4,1789815532.116,1789815532.196,1789815532.203,1789815532.279,1789815532.279,1789815532.282,166.43
2026-09-19 16:28:52.367,onvif-e9b03eab-61a3-46bd-9f42-888fd59ddbc4,1789815532.201,1789815532.279,1789815532.286,1789815532.363,1789815532.364,1789815532.367,166.46
2026-09-19 16:28:52.457,onvif-e9b03eab-61a3-46bd-9f42-888fd59ddbc4,1789815532.287,1789815532.364,1789815532.373,1789815532.449,1789815532.449,1789815532.458,171.12
2026-09-19 16:28:52.535,onvif-e9b03eab-61a3-46bd-9f42-888fd59ddbc4,1789815532.372,1789815532.449,1789815532.459,1789815532.532,1789815532.532,1789815532.536,163.26
2026-09-19 16:28:52.625,onvif-e9b03eab-61a3-46bd-9f42-888fd59ddbc4,1789815532.459,1789815532.532,1789815532.539,1789815532.616,1789815532.616,1789815532.625,165.90
2026-09-19 16:28:52.706,onvif-e9b03eab-61a3-46bd-9f42-888fd59ddbc4,1789815532.537,1789815532.617,1789815532.627,1789815532.702,1789815532.702,1789815532.706,169.97
2026-09-19 16:28:52.790,onvif-e9b03eab-61a3-46bd-9f42-888fd59ddbc4,1789815532.627,1789815532.702,1789815532.711,1789815532.785,1789815532.785,1789815532.791,163.94
2026-09-19 16:28:52.873,onvif-e9b03eab-61a3-46bd-9f42-888fd59ddbc4,1789815532.709,1789815532.786,1789815532.795,1789815532.869,1789815532.869,1789815532.874,165.07
2026-09-19 16:28:52.960,onvif-e9b03eab-61a3-46bd-9f42-888fd59ddbc4,1789815532.794,1789815532.870,1789815532.877,1789815532.957,1789815532.957,1789815532.961,166.40
2026-09-19 16:28:53.044,onvif-e9b03eab-61a3-46bd-9f42-888fd59ddbc4,1789815532.875,1789815532.958,1789815532.964,1789815533.041,1789815533.041,1789815533.045,169.52
2026-09-19 16:28:53.127,onvif-e9b03eab-61a3-46bd-9f42-888fd59ddbc4,1789815532.964,1789815533.041,1789815533.048,1789815533.124,1789815533.124,1789815533.127,163.10
2026-09-19 16:28:53.210,onvif-e9b03eab-61a3-46bd-9f42-888fd59ddbc4,1789815533.045,1789815533.124,1789815533.131,1789815533.207,1789815533.207,1789815533.210,164.68
2026-09-19 16:28:53.293,onvif-e9b03eab-61a3-46bd-9f42-888fd59ddbc4,1789815533.130,1789815533.207,1789815533.214,1789815533.290,1789815533.291,1789815533.294,163.50
2026-09-19 16:28:53.377,onvif-e9b03eab-61a3-46bd-9f42-888fd59ddbc4,1789815533.211,1789815533.291,1789815533.297,1789815533.374,1789815533.374,1789815533.378,166.51
2026-09-19 16:28:53.461,onvif-e9b03eab-61a3-46bd-9f42-888fd59ddbc4,1789815533.297,1789815533.375,1789815533.382,1789815533.458,1789815533.458,1789815533.461,164.66
2026-09-19 16:28:53.544,onvif-e9b03eab-61a3-46bd-9f42-888fd59ddbc4,1789815533.381,1789815533.458,1789815533.465,1789815533.541,1789815533.541,1789815533.545,163.99
2026-09-19 16:28:53.628,onvif-e9b03eab-61a3-46bd-9f42-888fd59ddbc4,1789815533.462,1789815533.542,1789815533.549,1789815533.625,1789815533.625,1789815533.629,166.58
2026-09-19 16:28:53.712,onvif-e9b03eab-61a3-46bd-9f42-888fd59ddbc4,1789815533.548,1789815533.625,1789815533.632,1789815533.709,1789815533.709,1789815533.713,165.23
2026-09-19 16:28:53.796,onvif-e9b03eab-61a3-46bd-9f42-888fd59ddbc4,1789815533.629,1789815533.710,1789815533.716,1789815533.793,1789815533.793,1789815533.797,167.48
2026-09-19 16:28:53.879,onvif-e9b03eab-61a3-46bd-9f42-888fd59ddbc4,1789815533.716,1789815533.794,1789815533.799,1789815533.876,1789815533.876,1789815533.880,163.79
2026-09-19 16:28:53.963,onvif-e9b03eab-61a3-46bd-9f42-888fd59ddbc4,1789815533.798,1789815533.876,1789815533.883,1789815533.960,1789815533.961,1789815533.964,166.26
2026-09-19 16:28:54.055,onvif-e9b03eab-61a3-46bd-9f42-888fd59ddbc4,1789815533.962,1789815533.962,1789815533.969,1789815534.044,1789815534.044,1789815534.055,93.47
2026-09-19 16:28:54.130,onvif-e9b03eab-61a3-46bd-9f42-888fd59ddbc4,1789815533.966,1789815534.044,1789815534.053,1789815534.127,1789815534.127,1789815534.131,165.05
2026-09-19 16:28:54.215,onvif-e9b03eab-61a3-46bd-9f42-888fd59ddbc4,1789815534.052,1789815534.128,1789815534.134,1789815534.213,1789815534.213,1789815534.216,164.17
2026-09-19 16:28:54.320,onvif-e9b03eab-61a3-46bd-9f42-888fd59ddbc4,1789815534.132,1789815534.213,1789815534.228,1789815534.317,1789815534.317,1789815534.321,189.02
2026-09-19 16:28:54.405,onvif-e9b03eab-61a3-46bd-9f42-888fd59ddbc4,1789815534.223,1789815534.317,1789815534.325,1789815534.402,1789815534.402,1789815534.406,183.05
2026-09-19 16:28:54.493,onvif-e9b03eab-61a3-46bd-9f42-888fd59ddbc4,1789815534.324,1789815534.402,1789815534.410,1789815534.488,1789815534.488,1789815534.494,169.91
2026-09-19 16:28:54.581,onvif-e9b03eab-61a3-46bd-9f42-888fd59ddbc4,1789815534.407,1789815534.489,1789815534.499,1789815534.578,1789815534.578,1789815534.582,175.27
2026-09-19 16:28:54.665,onvif-e9b03eab-61a3-46bd-9f42-888fd59ddbc4,1789815534.498,1789815534.578,1789815534.586,1789815534.662,1789815534.662,1789815534.666,168.03
2026-09-19 16:28:54.748,onvif-e9b03eab-61a3-46bd-9f42-888fd59ddbc4,1789815534.585,1789815534.662,1789815534.670,1789815534.746,1789815534.746,1789815534.749,163.82
2026-09-19 16:28:54.833,onvif-e9b03eab-61a3-46bd-9f42-888fd59ddbc4,1789815534.667,1789815534.746,1789815534.753,1789815534.830,1789815534.830,1789815534.834,166.44
2026-09-19 16:28:54.916,onvif-e9b03eab-61a3-46bd-9f42-888fd59ddbc4,1789815534.754,1789815534.830,1789815534.837,1789815534.913,1789815534.913,1789815534.917,163.26
2026-09-19 16:28:55.001,onvif-e9b03eab-61a3-46bd-9f42-888fd59ddbc4,1789815534.835,1789815534.914,1789815534.921,1789815534.998,1789815534.998,1789815535.001,166.83
2026-09-19 16:28:55.084,onvif-e9b03eab-61a3-46bd-9f42-888fd59ddbc4,1789815534.920,1789815534.998,1789815535.005,1789815535.081,1789815535.082,1789815535.085,164.62
2026-09-19 16:28:55.168,onvif-e9b03eab-61a3-46bd-9f42-888fd59ddbc4,1789815535.002,1789815535.082,1789815535.089,1789815535.166,1789815535.166,1789815535.169,166.62
2026-09-19 16:28:55.253,onvif-e9b03eab-61a3-46bd-9f42-888fd59ddbc4,1789815535.089,1789815535.166,1789815535.173,1789815535.250,1789815535.250,1789815535.254,164.53
2026-09-19 16:28:55.337,onvif-e9b03eab-61a3-46bd-9f42-888fd59ddbc4,1789815535.172,1789815535.250,1789815535.258,1789815535.334,1789815535.334,1789815535.337,165.86
2026-09-19 16:28:55.420,onvif-e9b03eab-61a3-46bd-9f42-888fd59ddbc4,1789815535.257,1789815535.334,1789815535.341,1789815535.417,1789815535.417,1789815535.420,163.18
2026-09-19 16:28:55.507,onvif-e9b03eab-61a3-46bd-9f42-888fd59ddbc4,1789815535.417,1789815535.417,1789815535.424,1789815535.504,1789815535.504,1789815535.508,90.77
2026-09-19 16:28:55.596,onvif-e9b03eab-61a3-46bd-9f42-888fd59ddbc4,1789815535.424,1789815535.504,1789815535.512,1789815535.592,1789815535.592,1789815535.596,172.78
2026-09-19 16:28:55.682,onvif-e9b03eab-61a3-46bd-9f42-888fd59ddbc4,1789815535.510,1789815535.592,1789815535.601,1789815535.679,1789815535.679,1789815535.682,172.56
2026-09-19 16:28:55.768,onvif-e9b03eab-61a3-46bd-9f42-888fd59ddbc4,1789815535.600,1789815535.679,1789815535.685,1789815535.765,1789815535.765,1789815535.768,167.93
2026-09-19 16:28:55.856,onvif-e9b03eab-61a3-46bd-9f42-888fd59ddbc4,1789815535.686,1789815535.765,1789815535.772,1789815535.852,1789815535.852,1789815535.856,169.73
2026-09-19 16:28:55.942,onvif-e9b03eab-61a3-46bd-9f42-888fd59ddbc4,1789815535.772,1789815535.852,1789815535.860,1789815535.939,1789815535.939,1789815535.943,170.91
2026-09-19 16:28:56.030,onvif-e9b03eab-61a3-46bd-9f42-888fd59ddbc4,1789815535.859,1789815535.939,1789815535.947,1789815536.025,1789815536.026,1789815536.031,172.00
2026-09-19 16:28:56.114,onvif-e9b03eab-61a3-46bd-9f42-888fd59ddbc4,1789815535.949,1789815536.026,1789815536.035,1789815536.110,1789815536.110,1789815536.114,165.54
2026-09-19 16:28:56.198,onvif-e9b03eab-61a3-46bd-9f42-888fd59ddbc4,1789815536.032,1789815536.110,1789815536.119,1789815536.195,1789815536.195,1789815536.198,166.50
2026-09-19 16:28:56.283,onvif-e9b03eab-61a3-46bd-9f42-888fd59ddbc4,1789815536.118,1789815536.195,1789815536.202,1789815536.280,1789815536.280,1789815536.283,164.84
2026-09-19 16:28:56.368,onvif-e9b03eab-61a3-46bd-9f42-888fd59ddbc4,1789815536.203,1789815536.280,1789815536.287,1789815536.364,1789815536.364,1789815536.368,165.73
2026-09-19 16:28:56.452,onvif-e9b03eab-61a3-46bd-9f42-888fd59ddbc4,1789815536.289,1789815536.364,1789815536.373,1789815536.449,1789815536.449,1789815536.453,163.57
2026-09-19 16:28:56.540,onvif-e9b03eab-61a3-46bd-9f42-888fd59ddbc4,1789815536.370,1789815536.449,1789815536.457,1789815536.537,1789815536.537,1789815536.541,170.51
2026-09-19 16:28:56.628,onvif-e9b03eab-61a3-46bd-9f42-888fd59ddbc4,1789815536.456,1789815536.537,1789815536.544,1789815536.625,1789815536.625,1789815536.629,173.07
2026-09-19 16:28:56.715,onvif-e9b03eab-61a3-46bd-9f42-888fd59ddbc4,1789815536.543,1789815536.625,1789815536.634,1789815536.710,1789815536.711,1789815536.715,171.98
2026-09-19 16:28:56.799,onvif-e9b03eab-61a3-46bd-9f42-888fd59ddbc4,1789815536.632,1789815536.711,1789815536.720,1789815536.796,1789815536.796,1789815536.800,167.65
2026-09-19 16:28:56.884,onvif-e9b03eab-61a3-46bd-9f42-888fd59ddbc4,1789815536.721,1789815536.797,1789815536.803,1789815536.881,1789815536.881,1789815536.884,163.21
2026-09-19 16:28:56.973,onvif-e9b03eab-61a3-46bd-9f42-888fd59ddbc4,1789815536.801,1789815536.881,1789815536.887,1789815536.969,1789815536.969,1789815536.974,173.22
2026-09-19 16:28:57.057,onvif-e9b03eab-61a3-46bd-9f42-888fd59ddbc4,1789815536.889,1789815536.969,1789815536.978,1789815537.054,1789815537.054,1789815537.057,168.55
2026-09-19 16:28:57.142,onvif-e9b03eab-61a3-46bd-9f42-888fd59ddbc4,1789815536.975,1789815537.054,1789815537.062,1789815537.139,1789815537.139,1789815537.142,167.00
2026-09-19 16:28:57.225,onvif-e9b03eab-61a3-46bd-9f42-888fd59ddbc4,1789815537.062,1789815537.139,1789815537.146,1789815537.222,1789815537.222,1789815537.225,163.62
2026-09-19 16:28:57.310,onvif-e9b03eab-61a3-46bd-9f42-888fd59ddbc4,1789815537.148,1789815537.222,1789815537.229,1789815537.306,1789815537.306,1789815537.310,162.37
2026-09-19 16:28:57.395,onvif-e9b03eab-61a3-46bd-9f42-888fd59ddbc4,1789815537.226,1789815537.307,1789815537.314,1789815537.392,1789815537.392,1789815537.395,169.18
2026-09-19 16:28:57.480,onvif-e9b03eab-61a3-46bd-9f42-888fd59ddbc4,1789815537.313,1789815537.392,1789815537.400,1789815537.476,1789815537.476,1789815537.480,166.79
2026-09-19 16:28:57.569,onvif-e9b03eab-61a3-46bd-9f42-888fd59ddbc4,1789815537.396,1789815537.476,1789815537.484,1789815537.561,1789815537.561,1789815537.570,173.61
2026-09-19 16:28:57.652,onvif-e9b03eab-61a3-46bd-9f42-888fd59ddbc4,1789815537.484,1789815537.562,1789815537.573,1789815537.648,1789815537.648,1789815537.652,168.08
2026-09-19 16:28:57.740,onvif-e9b03eab-61a3-46bd-9f42-888fd59ddbc4,1789815537.570,1789815537.648,1789815537.657,1789815537.736,1789815537.736,1789815537.740,170.26
2026-09-19 16:28:57.825,onvif-e9b03eab-61a3-46bd-9f42-888fd59ddbc4,1789815537.656,1789815537.737,1789815537.743,1789815537.821,1789815537.822,1789815537.825,169.27
2026-09-19 16:28:57.914,onvif-e9b03eab-61a3-46bd-9f42-888fd59ddbc4,1789815537.741,1789815537.822,1789815537.829,1789815537.906,1789815537.906,1789815537.915,173.92
2026-09-19 16:28:57.995,onvif-e9b03eab-61a3-46bd-9f42-888fd59ddbc4,1789815537.828,1789815537.907,1789815537.916,1789815537.992,1789815537.992,1789815537.996,167.71
2026-09-19 16:28:58.082,onvif-e9b03eab-61a3-46bd-9f42-888fd59ddbc4,1789815537.914,1789815537.992,1789815538.000,1789815538.077,1789815538.077,1789815538.082,168.64
2026-09-19 16:28:58.171,onvif-e9b03eab-61a3-46bd-9f42-888fd59ddbc4,1789815537.997,1789815538.078,1789815538.086,1789815538.163,1789815538.163,1789815538.171,174.06
2026-09-19 16:28:58.255,onvif-e9b03eab-61a3-46bd-9f42-888fd59ddbc4,1789815538.084,1789815538.163,1789815538.173,1789815538.253,1789815538.253,1789815538.256,172.17
2026-09-19 16:28:58.342,onvif-e9b03eab-61a3-46bd-9f42-888fd59ddbc4,1789815538.172,1789815538.253,1789815538.260,1789815538.338,1789815538.339,1789815538.342,170.76
2026-09-19 16:28:58.426,onvif-e9b03eab-61a3-46bd-9f42-888fd59ddbc4,1789815538.259,1789815538.339,1789815538.346,1789815538.423,1789815538.423,1789815538.427,168.29
2026-09-19 16:28:58.511,onvif-e9b03eab-61a3-46bd-9f42-888fd59ddbc4,1789815538.345,1789815538.424,1789815538.431,1789815538.507,1789815538.507,1789815538.511,165.72
2026-09-19 16:28:58.595,onvif-e9b03eab-61a3-46bd-9f42-888fd59ddbc4,1789815538.428,1789815538.508,1789815538.516,1789815538.592,1789815538.592,1789815538.595,167.82
2026-09-19 16:28:58.678,onvif-e9b03eab-61a3-46bd-9f42-888fd59ddbc4,1789815538.515,1789815538.592,1789815538.599,1789815538.675,1789815538.675,1789815538.679,164.04
2026-09-19 16:28:58.763,onvif-e9b03eab-61a3-46bd-9f42-888fd59ddbc4,1789815538.599,1789815538.675,1789815538.683,1789815538.759,1789815538.759,1789815538.763,164.09
2026-09-19 16:28:58.847,onvif-e9b03eab-61a3-46bd-9f42-888fd59ddbc4,1789815538.680,1789815538.759,1789815538.769,1789815538.843,1789815538.843,1789815538.847,167.11
2026-09-19 16:28:58.931,onvif-e9b03eab-61a3-46bd-9f42-888fd59ddbc4,1789815538.769,1789815538.844,1789815538.852,1789815538.927,1789815538.927,1789815538.931,161.87
2026-09-19 16:28:59.015,onvif-e9b03eab-61a3-46bd-9f42-888fd59ddbc4,1789815538.849,1789815538.928,1789815538.936,1789815539.012,1789815539.012,1789815539.015,166.60
2026-09-19 16:28:59.099,onvif-e9b03eab-61a3-46bd-9f42-888fd59ddbc4,1789815538.932,1789815539.012,1789815539.021,1789815539.096,1789815539.096,1789815539.100,167.47
2026-09-19 16:28:59.183,onvif-e9b03eab-61a3-46bd-9f42-888fd59ddbc4,1789815539.021,1789815539.096,1789815539.104,1789815539.180,1789815539.180,1789815539.184,162.65
2026-09-19 16:28:59.272,onvif-e9b03eab-61a3-46bd-9f42-888fd59ddbc4,1789815539.105,1789815539.180,1789815539.188,1789815539.265,1789815539.265,1789815539.272,167.85
2026-09-19 16:28:59.354,onvif-e9b03eab-61a3-46bd-9f42-888fd59ddbc4,1789815539.188,1789815539.265,1789815539.276,1789815539.351,1789815539.351,1789815539.355,166.35
2026-09-19 16:28:59.439,onvif-e9b03eab-61a3-46bd-9f42-888fd59ddbc4,1789815539.274,1789815539.351,1789815539.358,1789815539.434,1789815539.434,1789815539.439,165.11
2026-09-19 16:28:59.522,onvif-e9b03eab-61a3-46bd-9f42-888fd59ddbc4,1789815539.356,1789815539.435,1789815539.443,1789815539.519,1789815539.519,1789815539.522,166.47
2026-09-19 16:28:59.606,onvif-e9b03eab-61a3-46bd-9f42-888fd59ddbc4,1789815539.441,1789815539.519,1789815539.527,1789815539.603,1789815539.603,1789815539.606,165.37
2026-09-19 16:28:59.691,onvif-e9b03eab-61a3-46bd-9f42-888fd59ddbc4,1789815539.526,1789815539.603,1789815539.610,1789815539.687,1789815539.687,1789815539.691,165.71
2026-09-19 16:28:59.773,onvif-e9b03eab-61a3-46bd-9f42-888fd59ddbc4,1789815539.607,1789815539.688,1789815539.695,1789815539.770,1789815539.770,1789815539.773,166.12
2026-09-19 16:28:59.857,onvif-e9b03eab-61a3-46bd-9f42-888fd59ddbc4,1789815539.694,1789815539.771,1789815539.777,1789815539.854,1789815539.854,1789815539.857,163.66
2026-09-19 16:28:59.942,onvif-e9b03eab-61a3-46bd-9f42-888fd59ddbc4,1789815539.775,1789815539.854,1789815539.862,1789815539.938,1789815539.938,1789815539.942,167.16
2026-09-19 16:29:00.026,onvif-e9b03eab-61a3-46bd-9f42-888fd59ddbc4,1789815539.862,1789815539.939,1789815539.946,1789815540.023,1789815540.023,1789815540.026,164.49
2026-09-19 16:29:00.112,onvif-e9b03eab-61a3-46bd-9f42-888fd59ddbc4,1789815539.948,1789815540.023,1789815540.030,1789815540.108,1789815540.108,1789815540.112,163.89
2026-09-19 16:29:00.197,onvif-e9b03eab-61a3-46bd-9f42-888fd59ddbc4,1789815540.028,1789815540.108,1789815540.117,1789815540.194,1789815540.194,1789815540.197,168.85
2026-09-19 16:29:00.282,onvif-e9b03eab-61a3-46bd-9f42-888fd59ddbc4,1789815540.116,1789815540.194,1789815540.201,1789815540.279,1789815540.279,1789815540.283,167.15
2026-09-19 16:29:00.369,onvif-e9b03eab-61a3-46bd-9f42-888fd59ddbc4,1789815540.195,1789815540.280,1789815540.287,1789815540.365,1789815540.365,1789815540.369,173.91
2026-09-19 16:29:00.458,onvif-e9b03eab-61a3-46bd-9f42-888fd59ddbc4,1789815540.365,1789815540.365,1789815540.373,1789815540.450,1789815540.450,1789815540.459,93.92
2026-09-19 16:29:00.540,onvif-e9b03eab-61a3-46bd-9f42-888fd59ddbc4,1789815540.373,1789815540.450,1789815540.460,1789815540.536,1789815540.536,1789815540.540,167.33
2026-09-19 16:29:00.626,onvif-e9b03eab-61a3-46bd-9f42-888fd59ddbc4,1789815540.461,1789815540.536,1789815540.545,1789815540.623,1789815540.623,1789815540.626,165.42
2026-09-19 16:29:00.714,onvif-e9b03eab-61a3-46bd-9f42-888fd59ddbc4,1789815540.543,1789815540.623,1789815540.630,1789815540.711,1789815540.711,1789815540.714,171.38
2026-09-19 16:29:00.811,onvif-e9b03eab-61a3-46bd-9f42-888fd59ddbc4,1789815540.630,1789815540.711,1789815540.718,1789815540.801,1789815540.801,1789815540.812,181.68
2026-09-19 16:29:00.891,onvif-e9b03eab-61a3-46bd-9f42-888fd59ddbc4,1789815540.719,1789815540.801,1789815540.811,1789815540.887,1789815540.887,1789815540.891,172.41
2026-09-19 16:29:00.975,onvif-e9b03eab-61a3-46bd-9f42-888fd59ddbc4,1789815540.807,1789815540.887,1789815540.896,1789815540.972,1789815540.972,1789815540.975,168.11
2026-09-19 16:29:01.060,onvif-e9b03eab-61a3-46bd-9f42-888fd59ddbc4,1789815540.895,1789815540.972,1789815540.979,1789815541.057,1789815541.057,1789815541.061,166.30
2026-09-19 16:29:01.144,onvif-e9b03eab-61a3-46bd-9f42-888fd59ddbc4,1789815540.978,1789815541.057,1789815541.064,1789815541.141,1789815541.141,1789815541.145,166.85
2026-09-19 16:29:01.227,onvif-e9b03eab-61a3-46bd-9f42-888fd59ddbc4,1789815541.064,1789815541.141,1789815541.148,1789815541.225,1789815541.225,1789815541.228,163.36
2026-09-19 16:29:01.312,onvif-e9b03eab-61a3-46bd-9f42-888fd59ddbc4,1789815541.145,1789815541.225,1789815541.231,1789815541.309,1789815541.309,1789815541.313,167.45
2026-09-19 16:29:01.397,onvif-e9b03eab-61a3-46bd-9f42-888fd59ddbc4,1789815541.230,1789815541.309,1789815541.316,1789815541.393,1789815541.393,1789815541.397,167.18
2026-09-19 16:29:01.482,onvif-e9b03eab-61a3-46bd-9f42-888fd59ddbc4,1789815541.317,1789815541.393,1789815541.399,1789815541.479,1789815541.479,1789815541.482,165.11
2026-09-19 16:29:01.571,onvif-e9b03eab-61a3-46bd-9f42-888fd59ddbc4,1789815541.397,1789815541.479,1789815541.487,1789815541.567,1789815541.567,1789815541.572,174.33
2026-09-19 16:29:01.660,onvif-e9b03eab-61a3-46bd-9f42-888fd59ddbc4,1789815541.486,1789815541.567,1789815541.576,1789815541.655,1789815541.655,1789815541.660,174.40
2026-09-19 16:29:01.743,onvif-e9b03eab-61a3-46bd-9f42-888fd59ddbc4,1789815541.576,1789815541.656,1789815541.664,1789815541.740,1789815541.740,1789815541.743,167.04
2026-09-19 16:29:01.829,onvif-e9b03eab-61a3-46bd-9f42-888fd59ddbc4,1789815541.663,1789815541.740,1789815541.747,1789815541.826,1789815541.826,1789815541.829,166.15
2026-09-19 16:29:01.916,onvif-e9b03eab-61a3-46bd-9f42-888fd59ddbc4,1789815541.748,1789815541.826,1789815541.833,1789815541.912,1789815541.912,1789815541.916,168.32
2026-09-19 16:29:02.000,onvif-e9b03eab-61a3-46bd-9f42-888fd59ddbc4,1789815541.830,1789815541.912,1789815541.920,1789815541.997,1789815541.997,1789815542.000,169.91
2026-09-19 16:29:02.085,onvif-e9b03eab-61a3-46bd-9f42-888fd59ddbc4,1789815541.919,1789815541.997,1789815542.004,1789815542.082,1789815542.082,1789815542.085,166.36
2026-09-19 16:29:02.171,onvif-e9b03eab-61a3-46bd-9f42-888fd59ddbc4,1789815542.001,1789815542.082,1789815542.090,1789815542.168,1789815542.168,1789815542.172,170.80
2026-09-19 16:29:02.256,onvif-e9b03eab-61a3-46bd-9f42-888fd59ddbc4,1789815542.168,1789815542.168,1789815542.176,1789815542.253,1789815542.253,1789815542.257,88.92
2026-09-19 16:29:02.346,onvif-e9b03eab-61a3-46bd-9f42-888fd59ddbc4,1789815542.173,1789815542.253,1789815542.261,1789815542.338,1789815542.338,1789815542.346,173.23
2026-09-19 16:29:02.428,onvif-e9b03eab-61a3-46bd-9f42-888fd59ddbc4,1789815542.259,1789815542.338,1789815542.348,1789815542.424,1789815542.424,1789815542.428,169.04
2026-09-19 16:29:02.512,onvif-e9b03eab-61a3-46bd-9f42-888fd59ddbc4,1789815542.347,1789815542.424,1789815542.433,1789815542.508,1789815542.509,1789815542.512,165.04
2026-09-19 16:29:02.596,onvif-e9b03eab-61a3-46bd-9f42-888fd59ddbc4,1789815542.432,1789815542.509,1789815542.516,1789815542.593,1789815542.593,1789815542.597,164.66
2026-09-19 16:29:02.680,onvif-e9b03eab-61a3-46bd-9f42-888fd59ddbc4,1789815542.593,1789815542.593,1789815542.601,1789815542.677,1789815542.677,1789815542.681,87.61
2026-09-19 16:29:02.767,onvif-e9b03eab-61a3-46bd-9f42-888fd59ddbc4,1789815542.599,1789815542.677,1789815542.686,1789815542.764,1789815542.764,1789815542.767,167.71
2026-09-19 16:29:02.853,onvif-e9b03eab-61a3-46bd-9f42-888fd59ddbc4,1789815542.685,1789815542.764,1789815542.771,1789815542.850,1789815542.850,1789815542.853,168.42
2026-09-19 16:29:02.941,onvif-e9b03eab-61a3-46bd-9f42-888fd59ddbc4,1789815542.771,1789815542.850,1789815542.858,1789815542.937,1789815542.937,1789815542.941,169.67
2026-09-19 16:29:03.029,onvif-e9b03eab-61a3-46bd-9f42-888fd59ddbc4,1789815542.855,1789815542.938,1789815542.946,1789815543.024,1789815543.024,1789815543.029,174.67
2026-09-19 16:29:03.112,onvif-e9b03eab-61a3-46bd-9f42-888fd59ddbc4,1789815542.943,1789815543.024,1789815543.034,1789815543.108,1789815543.109,1789815543.113,169.69
2026-09-19 16:29:03.197,onvif-e9b03eab-61a3-46bd-9f42-888fd59ddbc4,1789815543.033,1789815543.109,1789815543.117,1789815543.195,1789815543.195,1789815543.198,165.12
2026-09-19 16:29:03.284,onvif-e9b03eab-61a3-46bd-9f42-888fd59ddbc4,1789815543.117,1789815543.195,1789815543.201,1789815543.281,1789815543.281,1789815543.285,167.50
2026-09-19 16:29:03.370,onvif-e9b03eab-61a3-46bd-9f42-888fd59ddbc4,1789815543.197,1789815543.281,1789815543.290,1789815543.367,1789815543.367,1789815543.370,173.01
2026-09-19 16:29:03.454,onvif-e9b03eab-61a3-46bd-9f42-888fd59ddbc4,1789815543.290,1789815543.367,1789815543.374,1789815543.451,1789815543.451,1789815543.454,164.49
2026-09-19 16:29:03.540,onvif-e9b03eab-61a3-46bd-9f42-888fd59ddbc4,1789815543.371,1789815543.451,1789815543.458,1789815543.536,1789815543.536,1789815543.541,169.68
2026-09-19 16:29:03.625,onvif-e9b03eab-61a3-46bd-9f42-888fd59ddbc4,1789815543.458,1789815543.537,1789815543.545,1789815543.621,1789815543.621,1789815543.625,167.44
2026-09-19 16:29:03.713,onvif-e9b03eab-61a3-46bd-9f42-888fd59ddbc4,1789815543.542,1789815543.621,1789815543.631,1789815543.708,1789815543.708,1789815543.714,171.75
2026-09-19 16:29:03.797,onvif-e9b03eab-61a3-46bd-9f42-888fd59ddbc4,1789815543.630,1789815543.708,1789815543.718,1789815543.794,1789815543.794,1789815543.798,167.19
2026-09-19 16:29:03.885,onvif-e9b03eab-61a3-46bd-9f42-888fd59ddbc4,1789815543.717,1789815543.794,1789815543.802,1789815543.882,1789815543.882,1789815543.886,168.81
2026-09-19 16:29:03.980,onvif-e9b03eab-61a3-46bd-9f42-888fd59ddbc4,1789815543.799,1789815543.882,1789815543.891,1789815543.972,1789815543.972,1789815543.980,181.80
2026-09-19 16:29:04.077,onvif-e9b03eab-61a3-46bd-9f42-888fd59ddbc4,1789815543.889,1789815543.972,1789815543.980,1789815544.073,1789815544.073,1789815544.078,188.46
2026-09-19 16:29:04.165,onvif-e9b03eab-61a3-46bd-9f42-888fd59ddbc4,1789815543.974,1789815544.073,1789815544.082,1789815544.161,1789815544.161,1789815544.166,191.59
2026-09-19 16:29:04.249,onvif-e9b03eab-61a3-46bd-9f42-888fd59ddbc4,1789815544.162,1789815544.162,1789815544.170,1789815544.247,1789815544.247,1789815544.250,88.21
2026-09-19 16:29:04.338,onvif-e9b03eab-61a3-46bd-9f42-888fd59ddbc4,1789815544.169,1789815544.247,1789815544.254,1789815544.334,1789815544.334,1789815544.339,169.36
2026-09-19 16:29:04.428,onvif-e9b03eab-61a3-46bd-9f42-888fd59ddbc4,1789815544.334,1789815544.334,1789815544.340,1789815544.424,1789815544.424,1789815544.428,94.08
2026-09-19 16:29:04.517,onvif-e9b03eab-61a3-46bd-9f42-888fd59ddbc4,1789815544.340,1789815544.424,1789815544.433,1789815544.513,1789815544.513,1789815544.517,177.47
2026-09-19 16:29:04.603,onvif-e9b03eab-61a3-46bd-9f42-888fd59ddbc4,1789815544.432,1789815544.514,1789815544.520,1789815544.600,1789815544.600,1789815544.604,171.82
2026-09-19 16:29:04.689,onvif-e9b03eab-61a3-46bd-9f42-888fd59ddbc4,1789815544.521,1789815544.600,1789815544.608,1789815544.686,1789815544.686,1789815544.690,169.10
2026-09-19 16:29:04.778,onvif-e9b03eab-61a3-46bd-9f42-888fd59ddbc4,1789815544.606,1789815544.687,1789815544.694,1789815544.774,1789815544.774,1789815544.778,172.82
2026-09-19 16:29:04.866,onvif-e9b03eab-61a3-46bd-9f42-888fd59ddbc4,1789815544.693,1789815544.774,1789815544.785,1789815544.861,1789815544.861,1789815544.866,172.92
2026-09-19 16:29:04.952,onvif-e9b03eab-61a3-46bd-9f42-888fd59ddbc4,1789815544.861,1789815544.861,1789815544.871,1789815544.947,1789815544.947,1789815544.953,91.75
2026-09-19 16:29:05.038,onvif-e9b03eab-61a3-46bd-9f42-888fd59ddbc4,1789815544.870,1789815544.947,1789815544.957,1789815545.034,1789815545.034,1789815545.038,168.44
2026-09-19 16:29:05.124,onvif-e9b03eab-61a3-46bd-9f42-888fd59ddbc4,1789815544.954,1789815545.034,1789815545.042,1789815545.121,1789815545.121,1789815545.124,170.71
2026-09-19 16:29:05.211,onvif-e9b03eab-61a3-46bd-9f42-888fd59ddbc4,1789815545.041,1789815545.121,1789815545.128,1789815545.208,1789815545.208,1789815545.212,170.53
2026-09-19 16:29:05.300,onvif-e9b03eab-61a3-46bd-9f42-888fd59ddbc4,1789815545.126,1789815545.208,1789815545.216,1789815545.294,1789815545.294,1789815545.301,174.62
2026-09-19 16:29:05.384,onvif-e9b03eab-61a3-46bd-9f42-888fd59ddbc4,1789815545.218,1789815545.294,1789815545.303,1789815545.381,1789815545.381,1789815545.385,166.58
2026-09-19 16:29:05.472,onvif-e9b03eab-61a3-46bd-9f42-888fd59ddbc4,1789815545.300,1789815545.381,1789815545.388,1789815545.469,1789815545.469,1789815545.472,172.39
2026-09-19 16:29:05.558,onvif-e9b03eab-61a3-46bd-9f42-888fd59ddbc4,1789815545.388,1789815545.469,1789815545.476,1789815545.555,1789815545.555,1789815545.559,171.25
2026-09-19 16:29:05.649,onvif-e9b03eab-61a3-46bd-9f42-888fd59ddbc4,1789815545.473,1789815545.555,1789815545.563,1789815545.642,1789815545.642,1789815545.649,176.43
2026-09-19 16:29:05.735,onvif-e9b03eab-61a3-46bd-9f42-888fd59ddbc4,1789815545.562,1789815545.642,1789815545.651,1789815545.728,1789815545.728,1789815545.736,174.17
2026-09-19 16:29:05.819,onvif-e9b03eab-61a3-46bd-9f42-888fd59ddbc4,1789815545.728,1789815545.728,1789815545.738,1789815545.815,1789815545.815,1789815545.819,91.20
2026-09-19 16:35:52.782,onvif-e9b03eab-61a3-46bd-9f42-888fd59ddbc4,1789815952.688,1789815952.688,1789815952.700,1789815952.775,1789815952.775,1789815952.783,94.69
2026-09-19 16:35:52.868,onvif-e9b03eab-61a3-46bd-9f42-888fd59ddbc4,1789815952.701,1789815952.775,1789815952.789,1789815952.863,1789815952.863,1789815952.868,167.14
2026-09-19 16:35:52.951,onvif-e9b03eab-61a3-46bd-9f42-888fd59ddbc4,1789815952.788,1789815952.863,1789815952.873,1789815952.945,1789815952.945,1789815952.952,163.26
2026-09-19 16:35:53.030,onvif-e9b03eab-61a3-46bd-9f42-888fd59ddbc4,1789815952.945,1789815952.945,1789815952.951,1789815953.026,1789815953.026,1789815953.030,85.25
2026-09-19 16:35:53.113,onvif-e9b03eab-61a3-46bd-9f42-888fd59ddbc4,1789815952.955,1789815953.027,1789815953.034,1789815953.109,1789815953.110,1789815953.113,158.14
2026-09-19 16:35:53.196,onvif-e9b03eab-61a3-46bd-9f42-888fd59ddbc4,1789815953.036,1789815953.110,1789815953.117,1789815953.193,1789815953.193,1789815953.196,160.10
2026-09-19 16:35:53.278,onvif-e9b03eab-61a3-46bd-9f42-888fd59ddbc4,1789815953.114,1789815953.193,1789815953.202,1789815953.275,1789815953.275,1789815953.278,164.06
2026-09-19 16:35:53.361,onvif-e9b03eab-61a3-46bd-9f42-888fd59ddbc4,1789815953.204,1789815953.275,1789815953.282,1789815953.359,1789815953.359,1789815953.362,158.14
2026-09-19 16:35:53.445,onvif-e9b03eab-61a3-46bd-9f42-888fd59ddbc4,1789815953.277,1789815953.359,1789815953.366,1789815953.443,1789815953.443,1789815953.445,168.45
2026-09-19 16:35:53.529,onvif-e9b03eab-61a3-46bd-9f42-888fd59ddbc4,1789815953.364,1789815953.443,1789815953.453,1789815953.526,1789815953.526,1789815953.529,165.67
2026-09-19 16:35:53.613,onvif-e9b03eab-61a3-46bd-9f42-888fd59ddbc4,1789815953.446,1789815953.526,1789815953.533,1789815953.610,1789815953.610,1789815953.613,167.64
2026-09-19 16:35:53.697,onvif-e9b03eab-61a3-46bd-9f42-888fd59ddbc4,1789815953.536,1789815953.611,1789815953.621,1789815953.694,1789815953.694,1789815953.698,162.38
2026-09-19 16:35:53.783,onvif-e9b03eab-61a3-46bd-9f42-888fd59ddbc4,1789815953.611,1789815953.695,1789815953.702,1789815953.778,1789815953.778,1789815953.783,171.56
2026-09-19 16:35:53.867,onvif-e9b03eab-61a3-46bd-9f42-888fd59ddbc4,1789815953.702,1789815953.778,1789815953.786,1789815953.862,1789815953.862,1789815953.868,165.88
2026-09-19 16:35:53.949,onvif-e9b03eab-61a3-46bd-9f42-888fd59ddbc4,1789815953.779,1789815953.862,1789815953.870,1789815953.946,1789815953.946,1789815953.950,170.83
2026-09-19 16:35:54.033,onvif-e9b03eab-61a3-46bd-9f42-888fd59ddbc4,1789815953.870,1789815953.947,1789815953.954,1789815954.030,1789815954.030,1789815954.034,164.34
2026-09-19 16:35:54.116,onvif-e9b03eab-61a3-46bd-9f42-888fd59ddbc4,1789815953.951,1789815954.030,1789815954.039,1789815954.113,1789815954.113,1789815954.116,165.52
2026-09-19 16:35:54.200,onvif-e9b03eab-61a3-46bd-9f42-888fd59ddbc4,1789815954.036,1789815954.113,1789815954.119,1789815954.197,1789815954.197,1789815954.201,164.96
2026-09-19 16:35:54.281,onvif-e9b03eab-61a3-46bd-9f42-888fd59ddbc4,1789815954.115,1789815954.197,1789815954.204,1789815954.277,1789815954.277,1789815954.281,166.37
2026-09-19 16:35:54.363,onvif-e9b03eab-61a3-46bd-9f42-888fd59ddbc4,1789815954.278,1789815954.278,1789815954.285,1789815954.359,1789815954.359,1789815954.363,85.69
2026-09-19 16:35:54.445,onvif-e9b03eab-61a3-46bd-9f42-888fd59ddbc4,1789815954.282,1789815954.359,1789815954.367,1789815954.441,1789815954.441,1789815954.446,164.13
2026-09-19 16:35:54.530,onvif-e9b03eab-61a3-46bd-9f42-888fd59ddbc4,1789815954.367,1789815954.441,1789815954.449,1789815954.523,1789815954.523,1789815954.530,163.20
2026-09-19 16:35:54.612,onvif-e9b03eab-61a3-46bd-9f42-888fd59ddbc4,1789815954.448,1789815954.523,1789815954.534,1789815954.607,1789815954.607,1789815954.613,164.67
2026-09-19 16:35:54.692,onvif-e9b03eab-61a3-46bd-9f42-888fd59ddbc4,1789815954.531,1789815954.607,1789815954.617,1789815954.688,1789815954.689,1789815954.692,161.46
2026-09-19 16:35:54.772,onvif-e9b03eab-61a3-46bd-9f42-888fd59ddbc4,1789815954.610,1789815954.689,1789815954.697,1789815954.769,1789815954.769,1789815954.772,162.16
2026-09-19 16:35:54.854,onvif-e9b03eab-61a3-46bd-9f42-888fd59ddbc4,1789815954.698,1789815954.769,1789815954.775,1789815954.850,1789815954.850,1789815954.854,155.70
2026-09-19 16:35:54.942,onvif-e9b03eab-61a3-46bd-9f42-888fd59ddbc4,1789815954.770,1789815954.850,1789815954.857,1789815954.938,1789815954.939,1789815954.942,172.10
2026-09-19 16:35:55.030,onvif-e9b03eab-61a3-46bd-9f42-888fd59ddbc4,1789815954.855,1789815954.939,1789815954.946,1789815955.025,1789815955.025,1789815955.031,175.71
2026-09-19 16:35:55.114,onvif-e9b03eab-61a3-46bd-9f42-888fd59ddbc4,1789815954.949,1789815955.025,1789815955.034,1789815955.109,1789815955.110,1789815955.115,165.94
2026-09-19 16:35:55.198,onvif-e9b03eab-61a3-46bd-9f42-888fd59ddbc4,1789815955.032,1789815955.110,1789815955.118,1789815955.195,1789815955.195,1789815955.198,166.39
2026-09-19 16:35:55.287,onvif-e9b03eab-61a3-46bd-9f42-888fd59ddbc4,1789815955.116,1789815955.195,1789815955.202,1789815955.284,1789815955.284,1789815955.288,171.45
2026-09-19 16:35:55.369,onvif-e9b03eab-61a3-46bd-9f42-888fd59ddbc4,1789815955.202,1789815955.285,1789815955.292,1789815955.367,1789815955.367,1789815955.370,167.49
2026-09-19 16:35:55.454,onvif-e9b03eab-61a3-46bd-9f42-888fd59ddbc4,1789815955.289,1789815955.368,1789815955.373,1789815955.452,1789815955.452,1789815955.455,166.12
2026-09-19 16:35:55.536,onvif-e9b03eab-61a3-46bd-9f42-888fd59ddbc4,1789815955.372,1789815955.452,1789815955.459,1789815955.533,1789815955.533,1789815955.537,165.02
2026-09-19 16:35:55.619,onvif-e9b03eab-61a3-46bd-9f42-888fd59ddbc4,1789815955.461,1789815955.534,1789815955.540,1789815955.615,1789815955.616,1789815955.620,158.36
2026-09-19 16:35:55.702,onvif-e9b03eab-61a3-46bd-9f42-888fd59ddbc4,1789815955.538,1789815955.616,1789815955.624,1789815955.700,1789815955.700,1789815955.703,164.56
2026-09-19 16:35:55.786,onvif-e9b03eab-61a3-46bd-9f42-888fd59ddbc4,1789815955.621,1789815955.700,1789815955.706,1789815955.781,1789815955.781,1789815955.786,165.42
2026-09-19 16:35:55.869,onvif-e9b03eab-61a3-46bd-9f42-888fd59ddbc4,1789815955.704,1789815955.781,1789815955.788,1789815955.865,1789815955.865,1789815955.869,165.04
2026-09-19 16:35:55.952,onvif-e9b03eab-61a3-46bd-9f42-888fd59ddbc4,1789815955.782,1789815955.866,1789815955.873,1789815955.950,1789815955.950,1789815955.953,170.39
2026-09-19 16:35:56.034,onvif-e9b03eab-61a3-46bd-9f42-888fd59ddbc4,1789815955.873,1789815955.950,1789815955.956,1789815956.031,1789815956.031,1789815956.034,161.57
2026-09-19 16:35:56.116,onvif-e9b03eab-61a3-46bd-9f42-888fd59ddbc4,1789815955.951,1789815956.031,1789815956.039,1789815956.113,1789815956.113,1789815956.117,165.88
2026-09-19 16:35:56.199,onvif-e9b03eab-61a3-46bd-9f42-888fd59ddbc4,1789815956.040,1789815956.113,1789815956.121,1789815956.194,1789815956.194,1789815956.200,159.29
2026-09-19 16:35:56.280,onvif-e9b03eab-61a3-46bd-9f42-888fd59ddbc4,1789815956.115,1789815956.194,1789815956.204,1789815956.276,1789815956.276,1789815956.280,164.96
2026-09-19 16:35:56.367,onvif-e9b03eab-61a3-46bd-9f42-888fd59ddbc4,1789815956.201,1789815956.276,1789815956.284,1789815956.360,1789815956.360,1789815956.368,167.20
2026-09-19 16:35:56.446,onvif-e9b03eab-61a3-46bd-9f42-888fd59ddbc4,1789815956.282,1789815956.361,1789815956.370,1789815956.443,1789815956.443,1789815956.446,164.36
2026-09-19 16:35:56.530,onvif-e9b03eab-61a3-46bd-9f42-888fd59ddbc4,1789815956.370,1789815956.443,1789815956.450,1789815956.526,1789815956.526,1789815956.531,160.86
2026-09-19 16:35:56.611,onvif-e9b03eab-61a3-46bd-9f42-888fd59ddbc4,1789815956.446,1789815956.526,1789815956.536,1789815956.608,1789815956.608,1789815956.611,164.81
2026-09-19 16:35:56.693,onvif-e9b03eab-61a3-46bd-9f42-888fd59ddbc4,1789815956.532,1789815956.608,1789815956.614,1789815956.690,1789815956.690,1789815956.693,161.44
2026-09-19 16:35:56.776,onvif-e9b03eab-61a3-46bd-9f42-888fd59ddbc4,1789815956.608,1789815956.690,1789815956.698,1789815956.773,1789815956.773,1789815956.776,167.84
2026-09-19 16:35:56.858,onvif-e9b03eab-61a3-46bd-9f42-888fd59ddbc4,1789815956.697,1789815956.774,1789815956.782,1789815956.855,1789815956.855,1789815956.859,161.90
2026-09-19 16:35:56.939,onvif-e9b03eab-61a3-46bd-9f42-888fd59ddbc4,1789815956.778,1789815956.856,1789815956.862,1789815956.936,1789815956.937,1789815956.940,161.71
2026-09-19 16:35:57.022,onvif-e9b03eab-61a3-46bd-9f42-888fd59ddbc4,1789815956.864,1789815956.937,1789815956.943,1789815957.018,1789815957.018,1789815957.022,158.52
2026-09-19 16:35:57.103,onvif-e9b03eab-61a3-46bd-9f42-888fd59ddbc4,1789815956.938,1789815957.019,1789815957.027,1789815957.101,1789815957.101,1789815957.104,165.97
2026-09-19 16:35:57.186,onvif-e9b03eab-61a3-46bd-9f42-888fd59ddbc4,1789815957.028,1789815957.101,1789815957.107,1789815957.183,1789815957.183,1789815957.187,158.88
2026-09-19 16:35:57.269,onvif-e9b03eab-61a3-46bd-9f42-888fd59ddbc4,1789815957.102,1789815957.183,1789815957.190,1789815957.264,1789815957.264,1789815957.269,167.22
2026-09-19 16:35:57.353,onvif-e9b03eab-61a3-46bd-9f42-888fd59ddbc4,1789815957.188,1789815957.264,1789815957.273,1789815957.346,1789815957.346,1789815957.354,165.63
2026-09-19 16:35:57.436,onvif-e9b03eab-61a3-46bd-9f42-888fd59ddbc4,1789815957.270,1789815957.346,1789815957.356,1789815957.430,1789815957.430,1789815957.436,166.07
2026-09-19 16:35:57.516,onvif-e9b03eab-61a3-46bd-9f42-888fd59ddbc4,1789815957.353,1789815957.430,1789815957.439,1789815957.512,1789815957.512,1789815957.516,163.31
2026-09-19 16:35:57.597,onvif-e9b03eab-61a3-46bd-9f42-888fd59ddbc4,1789815957.437,1789815957.512,1789815957.522,1789815957.593,1789815957.593,1789815957.598,160.44
2026-09-19 16:35:57.680,onvif-e9b03eab-61a3-46bd-9f42-888fd59ddbc4,1789815957.518,1789815957.594,1789815957.602,1789815957.676,1789815957.676,1789815957.680,161.78
2026-09-19 16:35:57.762,onvif-e9b03eab-61a3-46bd-9f42-888fd59ddbc4,1789815957.599,1789815957.676,1789815957.684,1789815957.759,1789815957.759,1789815957.762,163.42
2026-09-19 16:35:57.847,onvif-e9b03eab-61a3-46bd-9f42-888fd59ddbc4,1789815957.681,1789815957.759,1789815957.767,1789815957.844,1789815957.844,1789815957.848,166.81
2026-09-19 16:35:57.930,onvif-e9b03eab-61a3-46bd-9f42-888fd59ddbc4,1789815957.764,1789815957.844,1789815957.852,1789815957.927,1789815957.927,1789815957.930,166.20
2026-09-19 16:35:58.013,onvif-e9b03eab-61a3-46bd-9f42-888fd59ddbc4,1789815957.849,1789815957.927,1789815957.935,1789815958.010,1789815958.011,1789815958.013,164.17
2026-09-19 16:35:58.100,onvif-e9b03eab-61a3-46bd-9f42-888fd59ddbc4,1789815957.932,1789815958.011,1789815958.019,1789815958.096,1789815958.096,1789815958.100,167.83
2026-09-19 16:35:58.183,onvif-e9b03eab-61a3-46bd-9f42-888fd59ddbc4,1789815958.015,1789815958.097,1789815958.106,1789815958.179,1789815958.179,1789815958.183,167.79
2026-09-19 16:35:58.265,onvif-e9b03eab-61a3-46bd-9f42-888fd59ddbc4,1789815958.101,1789815958.179,1789815958.187,1789815958.262,1789815958.262,1789815958.266,164.04
2026-09-19 16:35:58.350,onvif-e9b03eab-61a3-46bd-9f42-888fd59ddbc4,1789815958.184,1789815958.262,1789815958.270,1789815958.347,1789815958.347,1789815958.351,166.84
2026-09-19 16:35:58.434,onvif-e9b03eab-61a3-46bd-9f42-888fd59ddbc4,1789815958.266,1789815958.347,1789815958.355,1789815958.430,1789815958.430,1789815958.434,168.50
2026-09-19 16:35:58.516,onvif-e9b03eab-61a3-46bd-9f42-888fd59ddbc4,1789815958.355,1789815958.431,1789815958.439,1789815958.512,1789815958.512,1789815958.516,160.63
2026-09-19 16:35:58.597,onvif-e9b03eab-61a3-46bd-9f42-888fd59ddbc4,1789815958.435,1789815958.512,1789815958.520,1789815958.593,1789815958.594,1789815958.597,161.97
2026-09-19 16:35:58.679,onvif-e9b03eab-61a3-46bd-9f42-888fd59ddbc4,1789815958.517,1789815958.594,1789815958.601,1789815958.675,1789815958.675,1789815958.679,162.36
2026-09-19 16:35:58.762,onvif-e9b03eab-61a3-46bd-9f42-888fd59ddbc4,1789815958.598,1789815958.676,1789815958.682,1789815958.758,1789815958.758,1789815958.762,164.20
2026-09-19 16:35:58.844,onvif-e9b03eab-61a3-46bd-9f42-888fd59ddbc4,1789815958.680,1789815958.758,1789815958.765,1789815958.840,1789815958.840,1789815958.844,163.88
2026-09-19 16:35:58.928,onvif-e9b03eab-61a3-46bd-9f42-888fd59ddbc4,1789815958.762,1789815958.841,1789815958.847,1789815958.924,1789815958.924,1789815958.928,165.84
2026-09-19 16:35:59.010,onvif-e9b03eab-61a3-46bd-9f42-888fd59ddbc4,1789815958.845,1789815958.925,1789815958.933,1789815959.008,1789815959.008,1789815959.011,165.84
2026-09-19 16:35:59.091,onvif-e9b03eab-61a3-46bd-9f42-888fd59ddbc4,1789815958.929,1789815959.008,1789815959.014,1789815959.089,1789815959.089,1789815959.092,162.63
2026-09-19 16:35:59.178,onvif-e9b03eab-61a3-46bd-9f42-888fd59ddbc4,1789815959.013,1789815959.089,1789815959.096,1789815959.175,1789815959.175,1789815959.178,165.11
2026-09-19 16:35:59.262,onvif-e9b03eab-61a3-46bd-9f42-888fd59ddbc4,1789815959.095,1789815959.175,1789815959.181,1789815959.259,1789815959.259,1789815959.262,167.38
2026-09-19 16:35:59.343,onvif-e9b03eab-61a3-46bd-9f42-888fd59ddbc4,1789815959.179,1789815959.259,1789815959.266,1789815959.340,1789815959.340,1789815959.343,163.96
2026-09-19 16:35:59.429,onvif-e9b03eab-61a3-46bd-9f42-888fd59ddbc4,1789815959.263,1789815959.340,1789815959.347,1789815959.426,1789815959.426,1789815959.430,166.69
2026-09-19 16:35:59.512,onvif-e9b03eab-61a3-46bd-9f42-888fd59ddbc4,1789815959.344,1789815959.426,1789815959.434,1789815959.509,1789815959.509,1789815959.513,168.65
2026-09-19 16:35:59.598,onvif-e9b03eab-61a3-46bd-9f42-888fd59ddbc4,1789815959.431,1789815959.510,1789815959.516,1789815959.594,1789815959.594,1789815959.598,167.67
2026-09-19 16:35:59.681,onvif-e9b03eab-61a3-46bd-9f42-888fd59ddbc4,1789815959.514,1789815959.595,1789815959.603,1789815959.678,1789815959.678,1789815959.682,167.80
2026-09-19 16:35:59.763,onvif-e9b03eab-61a3-46bd-9f42-888fd59ddbc4,1789815959.600,1789815959.678,1789815959.685,1789815959.760,1789815959.760,1789815959.764,164.24
2026-09-19 16:35:59.844,onvif-e9b03eab-61a3-46bd-9f42-888fd59ddbc4,1789815959.683,1789815959.760,1789815959.768,1789815959.841,1789815959.842,1789815959.845,162.44
2026-09-19 16:35:59.931,onvif-e9b03eab-61a3-46bd-9f42-888fd59ddbc4,1789815959.765,1789815959.842,1789815959.849,1789815959.928,1789815959.928,1789815959.932,166.90
2026-09-19 16:36:00.017,onvif-e9b03eab-61a3-46bd-9f42-888fd59ddbc4,1789815959.846,1789815959.928,1789815959.937,1789815960.013,1789815960.014,1789815960.018,171.88
2026-09-19 16:36:00.100,onvif-e9b03eab-61a3-46bd-9f42-888fd59ddbc4,1789815959.933,1789815960.014,1789815960.021,1789815960.096,1789815960.096,1789815960.100,167.03
2026-09-19 16:36:00.182,onvif-e9b03eab-61a3-46bd-9f42-888fd59ddbc4,1789815960.019,1789815960.096,1789815960.104,1789815960.179,1789815960.179,1789815960.182,163.46
2026-09-19 16:36:00.264,onvif-e9b03eab-61a3-46bd-9f42-888fd59ddbc4,1789815960.102,1789815960.179,1789815960.186,1789815960.261,1789815960.261,1789815960.265,162.38
2026-09-19 16:36:00.348,onvif-e9b03eab-61a3-46bd-9f42-888fd59ddbc4,1789815960.185,1789815960.262,1789815960.269,1789815960.345,1789815960.345,1789815960.348,163.77
2026-09-19 16:36:00.430,onvif-e9b03eab-61a3-46bd-9f42-888fd59ddbc4,1789815960.266,1789815960.345,1789815960.352,1789815960.427,1789815960.427,1789815960.430,164.73
2026-09-19 16:36:00.516,onvif-e9b03eab-61a3-46bd-9f42-888fd59ddbc4,1789815960.351,1789815960.427,1789815960.435,1789815960.513,1789815960.513,1789815960.516,165.87
2026-09-19 16:36:00.599,onvif-e9b03eab-61a3-46bd-9f42-888fd59ddbc4,1789815960.432,1789815960.513,1789815960.520,1789815960.595,1789815960.595,1789815960.600,167.30
2026-09-19 16:36:00.681,onvif-e9b03eab-61a3-46bd-9f42-888fd59ddbc4,1789815960.517,1789815960.596,1789815960.605,1789815960.678,1789815960.678,1789815960.681,164.01
2026-09-19 16:36:00.766,onvif-e9b03eab-61a3-46bd-9f42-888fd59ddbc4,1789815960.601,1789815960.679,1789815960.686,1789815960.762,1789815960.762,1789815960.766,164.80
2026-09-19 16:36:00.849,onvif-e9b03eab-61a3-46bd-9f42-888fd59ddbc4,1789815960.683,1789815960.763,1789815960.770,1789815960.845,1789815960.845,1789815960.849,166.38
2026-09-19 16:36:00.932,onvif-e9b03eab-61a3-46bd-9f42-888fd59ddbc4,1789815960.767,1789815960.846,1789815960.852,1789815960.928,1789815960.928,1789815960.932,165.18
2026-09-19 16:36:01.014,onvif-e9b03eab-61a3-46bd-9f42-888fd59ddbc4,1789815960.850,1789815960.929,1789815960.935,1789815961.011,1789815961.011,1789815961.015,164.74
2026-09-19 16:36:01.096,onvif-e9b03eab-61a3-46bd-9f42-888fd59ddbc4,1789815960.933,1789815961.011,1789815961.018,1789815961.093,1789815961.093,1789815961.097,163.79
2026-09-19 16:36:01.178,onvif-e9b03eab-61a3-46bd-9f42-888fd59ddbc4,1789815961.014,1789815961.094,1789815961.100,1789815961.175,1789815961.175,1789815961.179,164.46
2026-09-19 16:36:01.261,onvif-e9b03eab-61a3-46bd-9f42-888fd59ddbc4,1789815961.098,1789815961.175,1789815961.182,1789815961.257,1789815961.257,1789815961.262,163.60
2026-09-19 16:36:01.343,onvif-e9b03eab-61a3-46bd-9f42-888fd59ddbc4,1789815961.180,1789815961.258,1789815961.267,1789815961.340,1789815961.340,1789815961.344,164.29
2026-09-19 16:36:01.427,onvif-e9b03eab-61a3-46bd-9f42-888fd59ddbc4,1789815961.266,1789815961.340,1789815961.348,1789815961.422,1789815961.422,1789815961.428,161.15
2026-09-19 16:36:01.511,onvif-e9b03eab-61a3-46bd-9f42-888fd59ddbc4,1789815961.345,1789815961.423,1789815961.432,1789815961.505,1789815961.505,1789815961.512,166.13
2026-09-19 16:36:01.596,onvif-e9b03eab-61a3-46bd-9f42-888fd59ddbc4,1789815961.429,1789815961.505,1789815961.515,1789815961.588,1789815961.588,1789815961.596,167.29
2026-09-19 16:36:01.678,onvif-e9b03eab-61a3-46bd-9f42-888fd59ddbc4,1789815961.512,1789815961.588,1789815961.599,1789815961.672,1789815961.672,1789815961.679,166.45
2026-09-19 16:36:01.757,onvif-e9b03eab-61a3-46bd-9f42-888fd59ddbc4,1789815961.597,1789815961.672,1789815961.682,1789815961.754,1789815961.754,1789815961.758,161.13
2026-09-19 16:36:01.840,onvif-e9b03eab-61a3-46bd-9f42-888fd59ddbc4,1789815961.680,1789815961.755,1789815961.763,1789815961.837,1789815961.837,1789815961.841,161.31
2026-09-19 16:36:01.923,onvif-e9b03eab-61a3-46bd-9f42-888fd59ddbc4,1789815961.761,1789815961.837,1789815961.846,1789815961.919,1789815961.920,1789815961.923,162.65
2026-09-19 16:36:02.007,onvif-e9b03eab-61a3-46bd-9f42-888fd59ddbc4,1789815961.842,1789815961.920,1789815961.929,1789815962.004,1789815962.004,1789815962.008,165.49
2026-09-19 16:36:02.088,onvif-e9b03eab-61a3-46bd-9f42-888fd59ddbc4,1789815961.925,1789815962.004,1789815962.012,1789815962.085,1789815962.085,1789815962.089,163.60
2026-09-19 16:36:02.169,onvif-e9b03eab-61a3-46bd-9f42-888fd59ddbc4,1789815962.009,1789815962.085,1789815962.093,1789815962.166,1789815962.166,1789815962.170,160.87
2026-09-19 16:36:02.251,onvif-e9b03eab-61a3-46bd-9f42-888fd59ddbc4,1789815962.090,1789815962.166,1789815962.174,1789815962.248,1789815962.248,1789815962.251,160.95
2026-09-19 16:36:02.333,onvif-e9b03eab-61a3-46bd-9f42-888fd59ddbc4,1789815962.171,1789815962.248,1789815962.254,1789815962.330,1789815962.330,1789815962.334,162.77
2026-09-19 16:36:02.415,onvif-e9b03eab-61a3-46bd-9f42-888fd59ddbc4,1789815962.252,1789815962.331,1789815962.340,1789815962.411,1789815962.412,1789815962.415,163.14
2026-09-19 16:36:02.497,onvif-e9b03eab-61a3-46bd-9f42-888fd59ddbc4,1789815962.334,1789815962.412,1789815962.418,1789815962.493,1789815962.493,1789815962.497,162.93
2026-09-19 16:36:02.580,onvif-e9b03eab-61a3-46bd-9f42-888fd59ddbc4,1789815962.416,1789815962.493,1789815962.502,1789815962.576,1789815962.576,1789815962.581,164.61
2026-09-19 16:36:02.664,onvif-e9b03eab-61a3-46bd-9f42-888fd59ddbc4,1789815962.499,1789815962.577,1789815962.585,1789815962.659,1789815962.659,1789815962.665,165.91
2026-09-19 16:36:02.746,onvif-e9b03eab-61a3-46bd-9f42-888fd59ddbc4,1789815962.582,1789815962.659,1789815962.670,1789815962.742,1789815962.742,1789815962.747,164.44
2026-09-19 16:36:02.831,onvif-e9b03eab-61a3-46bd-9f42-888fd59ddbc4,1789815962.667,1789815962.742,1789815962.752,1789815962.824,1789815962.824,1789815962.832,165.28
2026-09-19 16:36:02.909,onvif-e9b03eab-61a3-46bd-9f42-888fd59ddbc4,1789815962.749,1789815962.824,1789815962.833,1789815962.906,1789815962.906,1789815962.910,160.97
2026-09-19 16:36:02.993,onvif-e9b03eab-61a3-46bd-9f42-888fd59ddbc4,1789815962.831,1789815962.907,1789815962.914,1789815962.991,1789815962.991,1789815962.994,162.31
2026-09-19 16:36:03.078,onvif-e9b03eab-61a3-46bd-9f42-888fd59ddbc4,1789815962.914,1789815962.991,1789815963.000,1789815963.074,1789815963.074,1789815963.079,165.02
2026-09-19 16:36:03.159,onvif-e9b03eab-61a3-46bd-9f42-888fd59ddbc4,1789815962.997,1789815963.075,1789815963.084,1789815963.157,1789815963.157,1789815963.160,162.60
2026-09-19 16:36:03.242,onvif-e9b03eab-61a3-46bd-9f42-888fd59ddbc4,1789815963.081,1789815963.157,1789815963.165,1789815963.238,1789815963.238,1789815963.242,161.34
2026-09-19 16:36:03.325,onvif-e9b03eab-61a3-46bd-9f42-888fd59ddbc4,1789815963.165,1789815963.239,1789815963.246,1789815963.322,1789815963.322,1789815963.325,160.67
2026-09-19 16:36:03.409,onvif-e9b03eab-61a3-46bd-9f42-888fd59ddbc4,1789815963.243,1789815963.323,1789815963.330,1789815963.405,1789815963.405,1789815963.409,166.28
2026-09-19 16:36:03.490,onvif-e9b03eab-61a3-46bd-9f42-888fd59ddbc4,1789815963.327,1789815963.406,1789815963.414,1789815963.487,1789815963.487,1789815963.491,163.35
2026-09-19 16:36:03.572,onvif-e9b03eab-61a3-46bd-9f42-888fd59ddbc4,1789815963.410,1789815963.487,1789815963.494,1789815963.569,1789815963.569,1789815963.572,162.17
2026-09-19 16:36:03.658,onvif-e9b03eab-61a3-46bd-9f42-888fd59ddbc4,1789815963.491,1789815963.569,1789815963.576,1789815963.655,1789815963.656,1789815963.659,167.50
2026-09-19 16:36:03.745,onvif-e9b03eab-61a3-46bd-9f42-888fd59ddbc4,1789815963.574,1789815963.656,1789815963.663,1789815963.742,1789815963.742,1789815963.745,171.16
2026-09-19 16:36:03.826,onvif-e9b03eab-61a3-46bd-9f42-888fd59ddbc4,1789815963.661,1789815963.742,1789815963.750,1789815963.823,1789815963.823,1789815963.827,165.54
2026-09-19 16:36:03.907,onvif-e9b03eab-61a3-46bd-9f42-888fd59ddbc4,1789815963.746,1789815963.824,1789815963.830,1789815963.904,1789815963.904,1789815963.907,161.08
2026-09-19 16:36:03.989,onvif-e9b03eab-61a3-46bd-9f42-888fd59ddbc4,1789815963.825,1789815963.905,1789815963.911,1789815963.987,1789815963.987,1789815963.990,165.04
2026-09-19 16:36:04.085,onvif-e9b03eab-61a3-46bd-9f42-888fd59ddbc4,1789815963.911,1789815963.988,1789815963.995,1789815964.073,1789815964.073,1789815964.085,174.09
2026-09-19 16:36:04.158,onvif-e9b03eab-61a3-46bd-9f42-888fd59ddbc4,1789815963.990,1789815964.074,1789815964.081,1789815964.156,1789815964.156,1789815964.159,169.16
2026-09-19 16:36:04.245,onvif-e9b03eab-61a3-46bd-9f42-888fd59ddbc4,1789815964.081,1789815964.156,1789815964.163,1789815964.242,1789815964.242,1789815964.245,164.67
2026-09-19 16:36:04.330,onvif-e9b03eab-61a3-46bd-9f42-888fd59ddbc4,1789815964.166,1789815964.242,1789815964.249,1789815964.326,1789815964.326,1789815964.330,164.23
2026-09-19 16:36:04.412,onvif-e9b03eab-61a3-46bd-9f42-888fd59ddbc4,1789815964.243,1789815964.327,1789815964.336,1789815964.408,1789815964.408,1789815964.412,168.85
2026-09-19 16:36:04.493,onvif-e9b03eab-61a3-46bd-9f42-888fd59ddbc4,1789815964.335,1789815964.408,1789815964.417,1789815964.490,1789815964.490,1789815964.494,158.72
2026-09-19 16:36:04.577,onvif-e9b03eab-61a3-46bd-9f42-888fd59ddbc4,1789815964.413,1789815964.491,1789815964.497,1789815964.573,1789815964.573,1789815964.577,164.25
2026-09-19 16:36:04.659,onvif-e9b03eab-61a3-46bd-9f42-888fd59ddbc4,1789815964.501,1789815964.574,1789815964.582,1789815964.656,1789815964.656,1789815964.660,158.51
2026-09-19 16:36:04.742,onvif-e9b03eab-61a3-46bd-9f42-888fd59ddbc4,1789815964.581,1789815964.656,1789815964.664,1789815964.739,1789815964.739,1789815964.742,160.85
2026-09-19 16:36:04.824,onvif-e9b03eab-61a3-46bd-9f42-888fd59ddbc4,1789815964.661,1789815964.739,1789815964.747,1789815964.821,1789815964.821,1789815964.825,164.04
2026-09-19 16:36:04.906,onvif-e9b03eab-61a3-46bd-9f42-888fd59ddbc4,1789815964.744,1789815964.821,1789815964.829,1789815964.903,1789815964.903,1789815964.907,162.02
2026-09-19 16:36:04.988,onvif-e9b03eab-61a3-46bd-9f42-888fd59ddbc4,1789815964.826,1789815964.903,1789815964.911,1789815964.984,1789815964.985,1789815964.988,162.04
2026-09-19 16:36:05.069,onvif-e9b03eab-61a3-46bd-9f42-888fd59ddbc4,1789815964.907,1789815964.985,1789815964.993,1789815965.067,1789815965.067,1789815965.069,162.02
2026-09-19 16:36:05.153,onvif-e9b03eab-61a3-46bd-9f42-888fd59ddbc4,1789815964.992,1789815965.067,1789815965.074,1789815965.150,1789815965.150,1789815965.153,161.11
2026-09-19 16:36:05.236,onvif-e9b03eab-61a3-46bd-9f42-888fd59ddbc4,1789815965.073,1789815965.150,1789815965.157,1789815965.232,1789815965.232,1789815965.236,162.69
2026-09-19 16:36:05.319,onvif-e9b03eab-61a3-46bd-9f42-888fd59ddbc4,1789815965.158,1789815965.232,1789815965.241,1789815965.313,1789815965.314,1789815965.319,160.80
2026-09-19 16:36:05.403,onvif-e9b03eab-61a3-46bd-9f42-888fd59ddbc4,1789815965.237,1789815965.314,1789815965.322,1789815965.400,1789815965.400,1789815965.404,166.59
2026-09-19 16:36:05.486,onvif-e9b03eab-61a3-46bd-9f42-888fd59ddbc4,1789815965.317,1789815965.400,1789815965.408,1789815965.482,1789815965.482,1789815965.487,169.81
2026-09-19 16:36:05.570,onvif-e9b03eab-61a3-46bd-9f42-888fd59ddbc4,1789815965.407,1789815965.482,1789815965.490,1789815965.563,1789815965.564,1789815965.570,163.47
2026-09-19 16:36:05.653,onvif-e9b03eab-61a3-46bd-9f42-888fd59ddbc4,1789815965.485,1789815965.564,1789815965.575,1789815965.648,1789815965.648,1789815965.653,168.05
2026-09-19 16:36:05.736,onvif-e9b03eab-61a3-46bd-9f42-888fd59ddbc4,1789815965.574,1789815965.648,1789815965.657,1789815965.731,1789815965.731,1789815965.737,162.70
2026-09-19 16:36:05.820,onvif-e9b03eab-61a3-46bd-9f42-888fd59ddbc4,1789815965.652,1789815965.731,1789815965.742,1789815965.816,1789815965.816,1789815965.821,169.20
2026-09-19 16:36:05.903,onvif-e9b03eab-61a3-46bd-9f42-888fd59ddbc4,1789815965.740,1789815965.817,1789815965.825,1789815965.899,1789815965.899,1789815965.903,163.38
2026-09-19 16:36:05.988,onvif-e9b03eab-61a3-46bd-9f42-888fd59ddbc4,1789815965.820,1789815965.900,1789815965.908,1789815965.981,1789815965.981,1789815965.988,168.56
2026-09-19 16:36:06.069,onvif-e9b03eab-61a3-46bd-9f42-888fd59ddbc4,1789815965.981,1789815965.981,1789815965.990,1789815966.065,1789815966.065,1789815966.070,88.65
2026-09-19 16:36:06.155,onvif-e9b03eab-61a3-46bd-9f42-888fd59ddbc4,1789815965.988,1789815966.065,1789815966.074,1789815966.148,1789815966.148,1789815966.155,167.73
2026-09-19 16:36:06.233,onvif-e9b03eab-61a3-46bd-9f42-888fd59ddbc4,1789815966.074,1789815966.148,1789815966.158,1789815966.231,1789815966.231,1789815966.234,159.79
2026-09-19 16:36:06.315,onvif-e9b03eab-61a3-46bd-9f42-888fd59ddbc4,1789815966.150,1789815966.231,1789815966.238,1789815966.312,1789815966.312,1789815966.316,165.54
2026-09-19 16:36:06.405,onvif-e9b03eab-61a3-46bd-9f42-888fd59ddbc4,1789815966.238,1789815966.313,1789815966.320,1789815966.402,1789815966.402,1789815966.406,167.89
2026-09-19 16:36:06.488,onvif-e9b03eab-61a3-46bd-9f42-888fd59ddbc4,1789815966.317,1789815966.402,1789815966.409,1789815966.484,1789815966.484,1789815966.489,171.70
2026-09-19 16:36:06.572,onvif-e9b03eab-61a3-46bd-9f42-888fd59ddbc4,1789815966.408,1789815966.484,1789815966.493,1789815966.566,1789815966.566,1789815966.573,164.44
2026-09-19 16:36:06.656,onvif-e9b03eab-61a3-46bd-9f42-888fd59ddbc4,1789815966.491,1789815966.567,1789815966.576,1789815966.652,1789815966.652,1789815966.657,165.74
2026-09-19 16:36:06.739,onvif-e9b03eab-61a3-46bd-9f42-888fd59ddbc4,1789815966.574,1789815966.652,1789815966.661,1789815966.733,1789815966.733,1789815966.739,165.40
2026-09-19 16:36:06.822,onvif-e9b03eab-61a3-46bd-9f42-888fd59ddbc4,1789815966.655,1789815966.733,1789815966.743,1789815966.818,1789815966.818,1789815966.822,166.93
2026-09-19 16:36:06.906,onvif-e9b03eab-61a3-46bd-9f42-888fd59ddbc4,1789815966.742,1789815966.819,1789815966.825,1789815966.903,1789815966.903,1789815966.907,164.77
2026-09-19 16:36:06.989,onvif-e9b03eab-61a3-46bd-9f42-888fd59ddbc4,1789815966.821,1789815966.903,1789815966.911,1789815966.986,1789815966.986,1789815966.989,168.34
2026-09-19 16:36:07.073,onvif-e9b03eab-61a3-46bd-9f42-888fd59ddbc4,1789815966.909,1789815966.986,1789815966.993,1789815967.070,1789815967.070,1789815967.074,164.42
2026-09-19 16:36:07.157,onvif-e9b03eab-61a3-46bd-9f42-888fd59ddbc4,1789815966.991,1789815967.070,1789815967.077,1789815967.154,1789815967.154,1789815967.157,166.52
2026-09-19 16:36:07.241,onvif-e9b03eab-61a3-46bd-9f42-888fd59ddbc4,1789815967.075,1789815967.154,1789815967.161,1789815967.237,1789815967.237,1789815967.241,166.43
2026-09-19 16:36:07.324,onvif-e9b03eab-61a3-46bd-9f42-888fd59ddbc4,1789815967.156,1789815967.238,1789815967.245,1789815967.321,1789815967.321,1789815967.325,168.54
2026-09-19 16:36:07.408,onvif-e9b03eab-61a3-46bd-9f42-888fd59ddbc4,1789815967.243,1789815967.322,1789815967.328,1789815967.404,1789815967.404,1789815967.408,165.50
2026-09-19 16:36:07.490,onvif-e9b03eab-61a3-46bd-9f42-888fd59ddbc4,1789815967.326,1789815967.405,1789815967.412,1789815967.486,1789815967.486,1789815967.490,164.42
2026-09-19 16:36:07.574,onvif-e9b03eab-61a3-46bd-9f42-888fd59ddbc4,1789815967.412,1789815967.487,1789815967.495,1789815967.571,1789815967.571,1789815967.575,162.88
2026-09-19 16:36:07.658,onvif-e9b03eab-61a3-46bd-9f42-888fd59ddbc4,1789815967.489,1789815967.571,1789815967.578,1789815967.653,1789815967.653,1789815967.658,169.02
2026-09-19 16:36:07.741,onvif-e9b03eab-61a3-46bd-9f42-888fd59ddbc4,1789815967.578,1789815967.653,1789815967.663,1789815967.736,1789815967.736,1789815967.741,163.11
2026-09-19 16:36:07.824,onvif-e9b03eab-61a3-46bd-9f42-888fd59ddbc4,1789815967.660,1789815967.736,1789815967.745,1789815967.820,1789815967.820,1789815967.824,164.22
2026-09-19 16:36:07.911,onvif-e9b03eab-61a3-46bd-9f42-888fd59ddbc4,1789815967.822,1789815967.824,1789815967.829,1789815967.902,1789815967.902,1789815967.911,89.31
2026-09-19 16:36:08.019,onvif-e9b03eab-61a3-46bd-9f42-888fd59ddbc4,1789815967.903,1789815967.908,1789815967.914,1789815967.989,1789815967.990,1789815968.020,116.79
2026-09-19 16:36:08.077,onvif-e9b03eab-61a3-46bd-9f42-888fd59ddbc4,1789815967.912,1789815967.990,1789815967.995,1789815968.074,1789815968.074,1789815968.077,165.54
2026-09-19 16:36:08.159,onvif-e9b03eab-61a3-46bd-9f42-888fd59ddbc4,1789815968.074,1789815968.074,1789815968.080,1789815968.156,1789815968.156,1789815968.160,85.91
2026-09-19 16:36:08.242,onvif-e9b03eab-61a3-46bd-9f42-888fd59ddbc4,1789815968.080,1789815968.156,1789815968.164,1789815968.238,1789815968.238,1789815968.243,162.44
2026-09-19 16:36:08.325,onvif-e9b03eab-61a3-46bd-9f42-888fd59ddbc4,1789815968.163,1789815968.238,1789815968.246,1789815968.320,1789815968.320,1789815968.326,162.99
2026-09-19 16:36:08.409,onvif-e9b03eab-61a3-46bd-9f42-888fd59ddbc4,1789815968.244,1789815968.320,1789815968.329,1789815968.405,1789815968.405,1789815968.410,165.53
2026-09-19 16:36:08.493,onvif-e9b03eab-61a3-46bd-9f42-888fd59ddbc4,1789815968.327,1789815968.405,1789815968.413,1789815968.488,1789815968.488,1789815968.494,166.78
2026-09-19 16:36:08.576,onvif-e9b03eab-61a3-46bd-9f42-888fd59ddbc4,1789815968.411,1789815968.489,1789815968.496,1789815968.571,1789815968.572,1789815968.577,166.04
2026-09-19 16:36:08.660,onvif-e9b03eab-61a3-46bd-9f42-888fd59ddbc4,1789815968.498,1789815968.572,1789815968.581,1789815968.654,1789815968.654,1789815968.660,162.62
2026-09-19 16:36:08.739,onvif-e9b03eab-61a3-46bd-9f42-888fd59ddbc4,1789815968.579,1789815968.654,1789815968.663,1789815968.736,1789815968.737,1789815968.740,161.33
2026-09-19 16:36:08.822,onvif-e9b03eab-61a3-46bd-9f42-888fd59ddbc4,1789815968.658,1789815968.737,1789815968.746,1789815968.819,1789815968.819,1789815968.822,164.50
2026-09-19 16:36:08.905,onvif-e9b03eab-61a3-46bd-9f42-888fd59ddbc4,1789815968.746,1789815968.820,1789815968.827,1789815968.902,1789815968.902,1789815968.905,159.68
2026-09-19 16:36:08.993,onvif-e9b03eab-61a3-46bd-9f42-888fd59ddbc4,1789815968.826,1789815968.902,1789815968.911,1789815968.987,1789815968.987,1789815968.994,167.95
2026-09-19 16:36:09.082,onvif-e9b03eab-61a3-46bd-9f42-888fd59ddbc4,1789815968.911,1789815968.987,1789815968.995,1789815969.069,1789815969.069,1789815969.082,171.00
2026-09-19 16:36:09.158,onvif-e9b03eab-61a3-46bd-9f42-888fd59ddbc4,1789815968.989,1789815969.069,1789815969.076,1789815969.151,1789815969.151,1789815969.159,170.42
2026-09-19 16:36:09.235,onvif-e9b03eab-61a3-46bd-9f42-888fd59ddbc4,1789815969.075,1789815969.151,1789815969.158,1789815969.232,1789815969.232,1789815969.235,159.83
2026-09-19 16:36:09.318,onvif-e9b03eab-61a3-46bd-9f42-888fd59ddbc4,1789815969.154,1789815969.232,1789815969.241,1789815969.314,1789815969.314,1789815969.318,164.35
2026-09-19 16:36:09.402,onvif-e9b03eab-61a3-46bd-9f42-888fd59ddbc4,1789815969.238,1789815969.314,1789815969.323,1789815969.399,1789815969.399,1789815969.402,163.83
2026-09-19 16:36:09.487,onvif-e9b03eab-61a3-46bd-9f42-888fd59ddbc4,1789815969.319,1789815969.399,1789815969.406,1789815969.484,1789815969.484,1789815969.488,168.77
2026-09-19 16:36:09.571,onvif-e9b03eab-61a3-46bd-9f42-888fd59ddbc4,1789815969.404,1789815969.484,1789815969.491,1789815969.567,1789815969.567,1789815969.571,167.40
2026-09-19 16:36:09.654,onvif-e9b03eab-61a3-46bd-9f42-888fd59ddbc4,1789815969.494,1789815969.568,1789815969.575,1789815969.651,1789815969.651,1789815969.654,159.90
2026-09-19 16:36:09.736,onvif-e9b03eab-61a3-46bd-9f42-888fd59ddbc4,1789815969.572,1789815969.651,1789815969.657,1789815969.733,1789815969.733,1789815969.736,164.26
2026-09-19 16:36:09.818,onvif-e9b03eab-61a3-46bd-9f42-888fd59ddbc4,1789815969.661,1789815969.733,1789815969.742,1789815969.815,1789815969.815,1789815969.818,157.02
2026-09-19 16:36:09.902,onvif-e9b03eab-61a3-46bd-9f42-888fd59ddbc4,1789815969.738,1789815969.815,1789815969.822,1789815969.899,1789815969.899,1789815969.902,164.04
2026-09-19 16:36:09.986,onvif-e9b03eab-61a3-46bd-9f42-888fd59ddbc4,1789815969.817,1789815969.900,1789815969.907,1789815969.984,1789815969.984,1789815969.987,169.94
2026-09-19 16:36:10.070,onvif-e9b03eab-61a3-46bd-9f42-888fd59ddbc4,1789815969.906,1789815969.984,1789815969.991,1789815970.067,1789815970.067,1789815970.070,164.22
2026-09-19 16:36:10.153,onvif-e9b03eab-61a3-46bd-9f42-888fd59ddbc4,1789815969.985,1789815970.068,1789815970.076,1789815970.150,1789815970.150,1789815970.153,168.57
2026-09-19 16:36:10.235,onvif-e9b03eab-61a3-46bd-9f42-888fd59ddbc4,1789815970.072,1789815970.150,1789815970.157,1789815970.232,1789815970.232,1789815970.236,163.80
2026-09-19 16:36:10.322,onvif-e9b03eab-61a3-46bd-9f42-888fd59ddbc4,1789815970.154,1789815970.233,1789815970.239,1789815970.318,1789815970.318,1789815970.322,167.81
2026-09-19 16:36:10.403,onvif-e9b03eab-61a3-46bd-9f42-888fd59ddbc4,1789815970.241,1789815970.319,1789815970.325,1789815970.400,1789815970.401,1789815970.404,162.87
2026-09-19 16:36:10.492,onvif-e9b03eab-61a3-46bd-9f42-888fd59ddbc4,1789815970.401,1789815970.401,1789815970.407,1789815970.488,1789815970.488,1789815970.492,91.39
2026-09-19 16:36:10.574,onvif-e9b03eab-61a3-46bd-9f42-888fd59ddbc4,1789815970.407,1789815970.488,1789815970.497,1789815970.571,1789815970.571,1789815970.575,167.96
2026-09-19 16:36:10.655,onvif-e9b03eab-61a3-46bd-9f42-888fd59ddbc4,1789815970.493,1789815970.571,1789815970.579,1789815970.653,1789815970.653,1789815970.656,162.65
2026-09-19 16:36:10.742,onvif-e9b03eab-61a3-46bd-9f42-888fd59ddbc4,1789815970.576,1789815970.653,1789815970.660,1789815970.739,1789815970.739,1789815970.742,166.57
2026-09-19 16:36:10.824,onvif-e9b03eab-61a3-46bd-9f42-888fd59ddbc4,1789815970.654,1789815970.739,1789815970.746,1789815970.821,1789815970.821,1789815970.824,170.02
2026-09-19 16:36:10.908,onvif-e9b03eab-61a3-46bd-9f42-888fd59ddbc4,1789815970.746,1789815970.821,1789815970.829,1789815970.905,1789815970.905,1789815970.908,162.52
2026-09-19 16:36:10.990,onvif-e9b03eab-61a3-46bd-9f42-888fd59ddbc4,1789815970.828,1789815970.905,1789815970.912,1789815970.986,1789815970.986,1789815970.990,162.79
2026-09-19 16:36:11.072,onvif-e9b03eab-61a3-46bd-9f42-888fd59ddbc4,1789815970.906,1789815970.987,1789815970.994,1789815971.070,1789815971.070,1789815971.072,166.03
2026-09-19 16:36:11.155,onvif-e9b03eab-61a3-46bd-9f42-888fd59ddbc4,1789815970.995,1789815971.070,1789815971.076,1789815971.152,1789815971.152,1789815971.156,160.23
2026-09-19 16:36:11.237,onvif-e9b03eab-61a3-46bd-9f42-888fd59ddbc4,1789815971.071,1789815971.152,1789815971.160,1789815971.234,1789815971.234,1789815971.238,166.92
2026-09-19 16:36:11.320,onvif-e9b03eab-61a3-46bd-9f42-888fd59ddbc4,1789815971.157,1789815971.234,1789815971.241,1789815971.317,1789815971.317,1789815971.321,164.09
2026-09-19 16:36:11.402,onvif-e9b03eab-61a3-46bd-9f42-888fd59ddbc4,1789815971.239,1789815971.317,1789815971.325,1789815971.400,1789815971.400,1789815971.403,164.09
2026-09-19 16:36:11.485,onvif-e9b03eab-61a3-46bd-9f42-888fd59ddbc4,1789815971.326,1789815971.400,1789815971.407,1789815971.482,1789815971.482,1789815971.486,160.02
2026-09-19 16:36:11.572,onvif-e9b03eab-61a3-46bd-9f42-888fd59ddbc4,1789815971.403,1789815971.482,1789815971.490,1789815971.569,1789815971.569,1789815971.572,169.51
2026-09-19 16:36:11.655,onvif-e9b03eab-61a3-46bd-9f42-888fd59ddbc4,1789815971.487,1789815971.569,1789815971.576,1789815971.652,1789815971.652,1789815971.655,168.48
2026-09-19 16:36:11.741,onvif-e9b03eab-61a3-46bd-9f42-888fd59ddbc4,1789815971.574,1789815971.652,1789815971.660,1789815971.738,1789815971.738,1789815971.741,167.54
2026-09-19 16:36:11.824,onvif-e9b03eab-61a3-46bd-9f42-888fd59ddbc4,1789815971.660,1789815971.739,1789815971.745,1789815971.821,1789815971.821,1789815971.825,164.54
2026-09-19 16:36:11.908,onvif-e9b03eab-61a3-46bd-9f42-888fd59ddbc4,1789815971.740,1789815971.821,1789815971.829,1789815971.905,1789815971.905,1789815971.908,168.36
2026-09-19 16:36:11.990,onvif-e9b03eab-61a3-46bd-9f42-888fd59ddbc4,1789815971.827,1789815971.905,1789815971.913,1789815971.987,1789815971.987,1789815971.991,163.60
2026-09-19 16:36:12.072,onvif-e9b03eab-61a3-46bd-9f42-888fd59ddbc4,1789815971.910,1789815971.987,1789815971.993,1789815972.069,1789815972.069,1789815972.073,163.05
2026-09-19 16:36:12.154,onvif-e9b03eab-61a3-46bd-9f42-888fd59ddbc4,1789815971.991,1789815972.069,1789815972.076,1789815972.151,1789815972.151,1789815972.155,164.22
2026-09-19 16:36:12.238,onvif-e9b03eab-61a3-46bd-9f42-888fd59ddbc4,1789815972.074,1789815972.152,1789815972.158,1789815972.235,1789815972.235,1789815972.238,164.35
2026-09-19 16:36:12.320,onvif-e9b03eab-61a3-46bd-9f42-888fd59ddbc4,1789815972.156,1789815972.235,1789815972.241,1789815972.317,1789815972.317,1789815972.321,165.32
2026-09-19 16:36:12.402,onvif-e9b03eab-61a3-46bd-9f42-888fd59ddbc4,1789815972.241,1789815972.317,1789815972.325,1789815972.400,1789815972.400,1789815972.403,161.84
2026-09-19 16:36:12.486,onvif-e9b03eab-61a3-46bd-9f42-888fd59ddbc4,1789815972.327,1789815972.400,1789815972.406,1789815972.482,1789815972.482,1789815972.486,159.49
2026-09-19 16:36:12.570,onvif-e9b03eab-61a3-46bd-9f42-888fd59ddbc4,1789815972.401,1789815972.483,1789815972.491,1789815972.567,1789815972.567,1789815972.570,169.12
2026-09-19 16:36:12.653,onvif-e9b03eab-61a3-46bd-9f42-888fd59ddbc4,1789815972.488,1789815972.567,1789815972.574,1789815972.649,1789815972.649,1789815972.654,165.99
2026-09-19 16:36:12.736,onvif-e9b03eab-61a3-46bd-9f42-888fd59ddbc4,1789815972.571,1789815972.650,1789815972.656,1789815972.731,1789815972.731,1789815972.736,164.72
2026-09-19 16:36:12.818,onvif-e9b03eab-61a3-46bd-9f42-888fd59ddbc4,1789815972.654,1789815972.732,1789815972.740,1789815972.813,1789815972.813,1789815972.819,164.26
2026-09-19 16:36:12.902,onvif-e9b03eab-61a3-46bd-9f42-888fd59ddbc4,1789815972.737,1789815972.814,1789815972.823,1789815972.896,1789815972.896,1789815972.902,165.18
2026-09-19 16:36:12.983,onvif-e9b03eab-61a3-46bd-9f42-888fd59ddbc4,1789815972.820,1789815972.896,1789815972.906,1789815972.979,1789815972.979,1789815972.983,163.18
2026-09-19 16:36:13.065,onvif-e9b03eab-61a3-46bd-9f42-888fd59ddbc4,1789815972.904,1789815972.979,1789815972.989,1789815973.061,1789815973.061,1789815973.065,161.51
2026-09-19 16:36:13.147,onvif-e9b03eab-61a3-46bd-9f42-888fd59ddbc4,1789815972.987,1789815973.062,1789815973.070,1789815973.144,1789815973.144,1789815973.148,160.80
2026-09-19 16:36:13.231,onvif-e9b03eab-61a3-46bd-9f42-888fd59ddbc4,1789815973.067,1789815973.144,1789815973.152,1789815973.227,1789815973.227,1789815973.231,164.50
2026-09-19 16:36:13.313,onvif-e9b03eab-61a3-46bd-9f42-888fd59ddbc4,1789815973.150,1789815973.227,1789815973.235,1789815973.309,1789815973.309,1789815973.314,163.95
2026-09-19 16:36:13.398,onvif-e9b03eab-61a3-46bd-9f42-888fd59ddbc4,1789815973.233,1789815973.309,1789815973.318,1789815973.394,1789815973.394,1789815973.398,165.47
2026-09-19 16:36:13.481,onvif-e9b03eab-61a3-46bd-9f42-888fd59ddbc4,1789815973.315,1789815973.394,1789815973.403,1789815973.478,1789815973.478,1789815973.482,166.27
2026-09-19 16:36:13.565,onvif-e9b03eab-61a3-46bd-9f42-888fd59ddbc4,1789815973.399,1789815973.478,1789815973.485,1789815973.561,1789815973.561,1789815973.565,165.98
2026-09-19 16:36:13.646,onvif-e9b03eab-61a3-46bd-9f42-888fd59ddbc4,1789815973.482,1789815973.561,1789815973.570,1789815973.643,1789815973.644,1789815973.647,164.31
2026-09-19 16:36:13.729,onvif-e9b03eab-61a3-46bd-9f42-888fd59ddbc4,1789815973.567,1789815973.644,1789815973.651,1789815973.726,1789815973.726,1789815973.729,162.89
2026-09-19 16:36:13.809,onvif-e9b03eab-61a3-46bd-9f42-888fd59ddbc4,1789815973.649,1789815973.726,1789815973.734,1789815973.806,1789815973.806,1789815973.809,160.22
2026-09-19 16:36:13.891,onvif-e9b03eab-61a3-46bd-9f42-888fd59ddbc4,1789815973.731,1789815973.807,1789815973.814,1789815973.888,1789815973.888,1789815973.892,161.25
2026-09-19 16:36:13.973,onvif-e9b03eab-61a3-46bd-9f42-888fd59ddbc4,1789815973.813,1789815973.888,1789815973.895,1789815973.970,1789815973.970,1789815973.974,160.23
2026-09-19 16:36:14.056,onvif-e9b03eab-61a3-46bd-9f42-888fd59ddbc4,1789815973.893,1789815973.970,1789815973.977,1789815974.052,1789815974.052,1789815974.056,163.41
2026-09-19 16:36:14.139,onvif-e9b03eab-61a3-46bd-9f42-888fd59ddbc4,1789815973.974,1789815974.053,1789815974.060,1789815974.135,1789815974.135,1789815974.139,164.93
2026-09-19 16:36:14.221,onvif-e9b03eab-61a3-46bd-9f42-888fd59ddbc4,1789815974.057,1789815974.135,1789815974.144,1789815974.217,1789815974.217,1789815974.222,164.89
2026-09-19 16:36:14.306,onvif-e9b03eab-61a3-46bd-9f42-888fd59ddbc4,1789815974.140,1789815974.217,1789815974.226,1789815974.300,1789815974.301,1789815974.306,165.63
2026-09-19 16:36:14.389,onvif-e9b03eab-61a3-46bd-9f42-888fd59ddbc4,1789815974.224,1789815974.301,1789815974.311,1789815974.384,1789815974.384,1789815974.389,165.16
2026-09-19 16:36:14.471,onvif-e9b03eab-61a3-46bd-9f42-888fd59ddbc4,1789815974.308,1789815974.384,1789815974.394,1789815974.467,1789815974.467,1789815974.472,163.70
2026-09-19 16:36:14.556,onvif-e9b03eab-61a3-46bd-9f42-888fd59ddbc4,1789815974.391,1789815974.468,1789815974.477,1789815974.553,1789815974.553,1789815974.557,166.06
2026-09-19 16:36:14.639,onvif-e9b03eab-61a3-46bd-9f42-888fd59ddbc4,1789815974.474,1789815974.553,1789815974.561,1789815974.635,1789815974.635,1789815974.640,166.07
2026-09-19 16:36:14.724,onvif-e9b03eab-61a3-46bd-9f42-888fd59ddbc4,1789815974.558,1789815974.635,1789815974.644,1789815974.719,1789815974.719,1789815974.724,166.31
2026-09-19 16:36:14.807,onvif-e9b03eab-61a3-46bd-9f42-888fd59ddbc4,1789815974.642,1789815974.720,1789815974.727,1789815974.802,1789815974.802,1789815974.807,164.90
2026-09-19 16:36:14.890,onvif-e9b03eab-61a3-46bd-9f42-888fd59ddbc4,1789815974.725,1789815974.802,1789815974.812,1789815974.885,1789815974.885,1789815974.891,165.92
2026-09-19 16:36:14.973,onvif-e9b03eab-61a3-46bd-9f42-888fd59ddbc4,1789815974.809,1789815974.886,1789815974.896,1789815974.969,1789815974.970,1789815974.974,164.84
2026-09-19 16:36:15.068,onvif-e9b03eab-61a3-46bd-9f42-888fd59ddbc4,1789815974.893,1789815974.970,1789815974.979,1789815975.066,1789815975.066,1789815975.069,176.13
2026-09-19 16:36:15.157,onvif-e9b03eab-61a3-46bd-9f42-888fd59ddbc4,1789815974.975,1789815975.066,1789815975.073,1789815975.153,1789815975.153,1789815975.158,182.56
2026-09-19 16:36:15.248,onvif-e9b03eab-61a3-46bd-9f42-888fd59ddbc4,1789815975.071,1789815975.153,1789815975.162,1789815975.245,1789815975.245,1789815975.249,177.99
2026-09-19 16:36:15.331,onvif-e9b03eab-61a3-46bd-9f42-888fd59ddbc4,1789815975.163,1789815975.245,1789815975.252,1789815975.328,1789815975.328,1789815975.332,169.05
2026-09-19 16:36:15.417,onvif-e9b03eab-61a3-46bd-9f42-888fd59ddbc4,1789815975.246,1789815975.328,1789815975.335,1789815975.414,1789815975.414,1789815975.418,171.36
2026-09-19 16:36:15.499,onvif-e9b03eab-61a3-46bd-9f42-888fd59ddbc4,1789815975.336,1789815975.414,1789815975.422,1789815975.496,1789815975.496,1789815975.499,163.14
2026-09-19 16:36:15.582,onvif-e9b03eab-61a3-46bd-9f42-888fd59ddbc4,1789815975.421,1789815975.496,1789815975.503,1789815975.579,1789815975.579,1789815975.582,161.55
2026-09-19 16:36:15.665,onvif-e9b03eab-61a3-46bd-9f42-888fd59ddbc4,1789815975.501,1789815975.579,1789815975.586,1789815975.662,1789815975.662,1789815975.666,164.81
2026-09-19 16:36:15.748,onvif-e9b03eab-61a3-46bd-9f42-888fd59ddbc4,1789815975.581,1789815975.662,1789815975.669,1789815975.745,1789815975.745,1789815975.748,167.48
2026-09-19 16:36:15.830,onvif-e9b03eab-61a3-46bd-9f42-888fd59ddbc4,1789815975.671,1789815975.745,1789815975.751,1789815975.828,1789815975.828,1789815975.831,159.90
2026-09-19 16:36:15.914,onvif-e9b03eab-61a3-46bd-9f42-888fd59ddbc4,1789815975.746,1789815975.828,1789815975.834,1789815975.912,1789815975.912,1789815975.915,168.56
2026-09-19 16:36:15.999,onvif-e9b03eab-61a3-46bd-9f42-888fd59ddbc4,1789815975.837,1789815975.912,1789815975.919,1789815975.996,1789815975.997,1789815976.000,163.19
2026-09-19 16:36:16.085,onvif-e9b03eab-61a3-46bd-9f42-888fd59ddbc4,1789815975.913,1789815975.997,1789815976.005,1789815976.082,1789815976.082,1789815976.085,172.42
2026-09-19 16:36:16.171,onvif-e9b03eab-61a3-46bd-9f42-888fd59ddbc4,1789815976.005,1789815976.082,1789815976.089,1789815976.168,1789815976.168,1789815976.171,165.58
2026-09-19 16:36:16.259,onvif-e9b03eab-61a3-46bd-9f42-888fd59ddbc4,1789815976.084,1789815976.168,1789815976.176,1789815976.253,1789815976.254,1789815976.259,175.53
2026-09-19 16:36:16.343,onvif-e9b03eab-61a3-46bd-9f42-888fd59ddbc4,1789815976.254,1789815976.254,1789815976.263,1789815976.338,1789815976.338,1789815976.343,89.80
2026-09-19 16:36:16.426,onvif-e9b03eab-61a3-46bd-9f42-888fd59ddbc4,1789815976.262,1789815976.339,1789815976.347,1789815976.423,1789815976.424,1789815976.427,164.56
2026-09-19 16:36:16.510,onvif-e9b03eab-61a3-46bd-9f42-888fd59ddbc4,1789815976.345,1789815976.424,1789815976.430,1789815976.506,1789815976.507,1789815976.511,165.75
2026-09-19 16:36:16.594,onvif-e9b03eab-61a3-46bd-9f42-888fd59ddbc4,1789815976.429,1789815976.507,1789815976.515,1789815976.589,1789815976.589,1789815976.594,165.12
2026-09-19 16:36:16.677,onvif-e9b03eab-61a3-46bd-9f42-888fd59ddbc4,1789815976.513,1789815976.590,1789815976.598,1789815976.674,1789815976.675,1789815976.678,165.03
2026-09-19 16:36:16.760,onvif-e9b03eab-61a3-46bd-9f42-888fd59ddbc4,1789815976.596,1789815976.675,1789815976.682,1789815976.757,1789815976.757,1789815976.760,164.61
2026-09-19 16:36:16.845,onvif-e9b03eab-61a3-46bd-9f42-888fd59ddbc4,1789815976.679,1789815976.758,1789815976.764,1789815976.842,1789815976.842,1789815976.846,166.38
2026-09-19 16:36:16.928,onvif-e9b03eab-61a3-46bd-9f42-888fd59ddbc4,1789815976.759,1789815976.843,1789815976.850,1789815976.926,1789815976.926,1789815976.929,169.82
2026-09-19 16:36:17.012,onvif-e9b03eab-61a3-46bd-9f42-888fd59ddbc4,1789815976.850,1789815976.926,1789815976.933,1789815977.010,1789815977.010,1789815977.013,162.44
2026-09-19 16:36:17.097,onvif-e9b03eab-61a3-46bd-9f42-888fd59ddbc4,1789815976.931,1789815977.010,1789815977.017,1789815977.094,1789815977.094,1789815977.098,167.02
2026-09-19 16:36:17.180,onvif-e9b03eab-61a3-46bd-9f42-888fd59ddbc4,1789815977.014,1789815977.095,1789815977.102,1789815977.177,1789815977.177,1789815977.180,165.88
2026-09-19 16:36:17.264,onvif-e9b03eab-61a3-46bd-9f42-888fd59ddbc4,1789815977.099,1789815977.177,1789815977.184,1789815977.262,1789815977.262,1789815977.265,166.06
2026-09-19 16:36:17.351,onvif-e9b03eab-61a3-46bd-9f42-888fd59ddbc4,1789815977.182,1789815977.262,1789815977.269,1789815977.348,1789815977.348,1789815977.351,169.78
2026-09-19 16:36:17.435,onvif-e9b03eab-61a3-46bd-9f42-888fd59ddbc4,1789815977.267,1789815977.348,1789815977.356,1789815977.430,1789815977.431,1789815977.435,168.38
2026-09-19 16:36:17.516,onvif-e9b03eab-61a3-46bd-9f42-888fd59ddbc4,1789815977.354,1789815977.431,1789815977.440,1789815977.513,1789815977.513,1789815977.516,162.84
2026-09-19 16:36:17.598,onvif-e9b03eab-61a3-46bd-9f42-888fd59ddbc4,1789815977.436,1789815977.513,1789815977.521,1789815977.596,1789815977.596,1789815977.599,162.54
2026-09-19 16:36:17.683,onvif-e9b03eab-61a3-46bd-9f42-888fd59ddbc4,1789815977.518,1789815977.596,1789815977.603,1789815977.680,1789815977.680,1789815977.684,165.13
2026-09-19 16:36:17.767,onvif-e9b03eab-61a3-46bd-9f42-888fd59ddbc4,1789815977.603,1789815977.681,1789815977.687,1789815977.764,1789815977.764,1789815977.768,164.55
2026-09-19 16:36:17.849,onvif-e9b03eab-61a3-46bd-9f42-888fd59ddbc4,1789815977.686,1789815977.764,1789815977.772,1789815977.846,1789815977.846,1789815977.850,163.79
2026-09-19 16:36:17.934,onvif-e9b03eab-61a3-46bd-9f42-888fd59ddbc4,1789815977.769,1789815977.847,1789815977.853,1789815977.931,1789815977.931,1789815977.935,165.97
2026-09-19 16:36:18.017,onvif-e9b03eab-61a3-46bd-9f42-888fd59ddbc4,1789815977.851,1789815977.931,1789815977.939,1789815978.014,1789815978.015,1789815978.018,166.44
2026-09-19 16:36:18.101,onvif-e9b03eab-61a3-46bd-9f42-888fd59ddbc4,1789815977.937,1789815978.015,1789815978.022,1789815978.098,1789815978.098,1789815978.102,165.04
2026-09-19 16:36:18.186,onvif-e9b03eab-61a3-46bd-9f42-888fd59ddbc4,1789815978.019,1789815978.098,1789815978.106,1789815978.183,1789815978.183,1789815978.186,167.27
2026-09-19 16:36:18.267,onvif-e9b03eab-61a3-46bd-9f42-888fd59ddbc4,1789815978.103,1789815978.183,1789815978.190,1789815978.264,1789815978.264,1789815978.268,165.28
2026-09-19 16:36:18.350,onvif-e9b03eab-61a3-46bd-9f42-888fd59ddbc4,1789815978.188,1789815978.265,1789815978.272,1789815978.347,1789815978.347,1789815978.351,162.90
2026-09-19 16:36:18.432,onvif-e9b03eab-61a3-46bd-9f42-888fd59ddbc4,1789815978.269,1789815978.348,1789815978.355,1789815978.429,1789815978.429,1789815978.432,163.33
2026-09-19 16:36:18.514,onvif-e9b03eab-61a3-46bd-9f42-888fd59ddbc4,1789815978.355,1789815978.429,1789815978.436,1789815978.511,1789815978.511,1789815978.515,160.42
2026-09-19 16:36:18.599,onvif-e9b03eab-61a3-46bd-9f42-888fd59ddbc4,1789815978.434,1789815978.511,1789815978.519,1789815978.596,1789815978.596,1789815978.599,165.07
2026-09-19 16:36:18.683,onvif-e9b03eab-61a3-46bd-9f42-888fd59ddbc4,1789815978.517,1789815978.596,1789815978.604,1789815978.680,1789815978.681,1789815978.684,167.25
2026-09-19 16:36:18.765,onvif-e9b03eab-61a3-46bd-9f42-888fd59ddbc4,1789815978.601,1789815978.681,1789815978.687,1789815978.762,1789815978.762,1789815978.766,165.20
2026-09-19 16:36:18.849,onvif-e9b03eab-61a3-46bd-9f42-888fd59ddbc4,1789815978.685,1789815978.763,1789815978.770,1789815978.845,1789815978.845,1789815978.850,164.37
2026-09-19 16:36:18.934,onvif-e9b03eab-61a3-46bd-9f42-888fd59ddbc4,1789815978.767,1789815978.845,1789815978.854,1789815978.931,1789815978.931,1789815978.935,167.61
2026-09-19 16:36:19.017,onvif-e9b03eab-61a3-46bd-9f42-888fd59ddbc4,1789815978.854,1789815978.931,1789815978.939,1789815979.014,1789815979.014,1789815979.018,164.34
2026-09-19 16:36:19.101,onvif-e9b03eab-61a3-46bd-9f42-888fd59ddbc4,1789815978.936,1789815979.015,1789815979.022,1789815979.098,1789815979.098,1789815979.101,165.27
2026-09-19 16:36:19.184,onvif-e9b03eab-61a3-46bd-9f42-888fd59ddbc4,1789815979.019,1789815979.098,1789815979.105,1789815979.181,1789815979.181,1789815979.184,165.30
2026-09-19 16:36:19.267,onvif-e9b03eab-61a3-46bd-9f42-888fd59ddbc4,1789815979.103,1789815979.181,1789815979.189,1789815979.264,1789815979.264,1789815979.267,164.27
2026-09-19 16:36:19.352,onvif-e9b03eab-61a3-46bd-9f42-888fd59ddbc4,1789815979.186,1789815979.265,1789815979.272,1789815979.349,1789815979.349,1789815979.352,165.95
2026-09-19 16:36:19.434,onvif-e9b03eab-61a3-46bd-9f42-888fd59ddbc4,1789815979.270,1789815979.349,1789815979.356,1789815979.431,1789815979.432,1789815979.435,164.36
2026-09-19 16:36:19.517,onvif-e9b03eab-61a3-46bd-9f42-888fd59ddbc4,1789815979.357,1789815979.432,1789815979.438,1789815979.514,1789815979.514,1789815979.517,159.85
2026-09-19 16:36:19.601,onvif-e9b03eab-61a3-46bd-9f42-888fd59ddbc4,1789815979.433,1789815979.514,1789815979.521,1789815979.597,1789815979.597,1789815979.602,168.66
2026-09-19 16:36:19.684,onvif-e9b03eab-61a3-46bd-9f42-888fd59ddbc4,1789815979.519,1789815979.597,1789815979.605,1789815979.681,1789815979.681,1789815979.685,166.20
2026-09-19 16:36:19.768,onvif-e9b03eab-61a3-46bd-9f42-888fd59ddbc4,1789815979.603,1789815979.681,1789815979.689,1789815979.765,1789815979.765,1789815979.768,165.92
2026-09-19 16:36:19.852,onvif-e9b03eab-61a3-46bd-9f42-888fd59ddbc4,1789815979.690,1789815979.766,1789815979.773,1789815979.849,1789815979.849,1789815979.853,163.20
2026-09-19 16:36:19.936,onvif-e9b03eab-61a3-46bd-9f42-888fd59ddbc4,1789815979.771,1789815979.849,1789815979.856,1789815979.933,1789815979.933,1789815979.936,165.69
2026-09-19 16:36:20.019,onvif-e9b03eab-61a3-46bd-9f42-888fd59ddbc4,1789815979.854,1789815979.933,1789815979.939,1789815980.016,1789815980.016,1789815980.020,166.13
2026-09-19 16:36:20.103,onvif-e9b03eab-61a3-46bd-9f42-888fd59ddbc4,1789815979.942,1789815980.016,1789815980.022,1789815980.099,1789815980.099,1789815980.103,161.78
2026-09-19 16:36:20.185,onvif-e9b03eab-61a3-46bd-9f42-888fd59ddbc4,1789815980.021,1789815980.100,1789815980.106,1789815980.182,1789815980.182,1789815980.186,164.82
2026-09-19 16:36:20.269,onvif-e9b03eab-61a3-46bd-9f42-888fd59ddbc4,1789815980.104,1789815980.183,1789815980.190,1789815980.266,1789815980.266,1789815980.270,165.53
2026-09-19 16:36:20.352,onvif-e9b03eab-61a3-46bd-9f42-888fd59ddbc4,1789815980.266,1789815980.266,1789815980.274,1789815980.349,1789815980.349,1789815980.352,86.73
2026-09-19 16:36:20.436,onvif-e9b03eab-61a3-46bd-9f42-888fd59ddbc4,1789815980.270,1789815980.349,1789815980.356,1789815980.432,1789815980.432,1789815980.436,166.29
2026-09-19 16:36:20.518,onvif-e9b03eab-61a3-46bd-9f42-888fd59ddbc4,1789815980.354,1789815980.432,1789815980.441,1789815980.515,1789815980.515,1789815980.519,164.87
2026-09-19 16:36:20.602,onvif-e9b03eab-61a3-46bd-9f42-888fd59ddbc4,1789815980.437,1789815980.515,1789815980.522,1789815980.598,1789815980.598,1789815980.602,165.01
2026-09-19 16:36:20.686,onvif-e9b03eab-61a3-46bd-9f42-888fd59ddbc4,1789815980.521,1789815980.599,1789815980.606,1789815980.681,1789815980.681,1789815980.686,165.74
2026-09-19 16:36:20.769,onvif-e9b03eab-61a3-46bd-9f42-888fd59ddbc4,1789815980.604,1789815980.682,1789815980.691,1789815980.765,1789815980.765,1789815980.769,165.31
2026-09-19 16:36:20.852,onvif-e9b03eab-61a3-46bd-9f42-888fd59ddbc4,1789815980.689,1789815980.765,1789815980.774,1789815980.848,1789815980.849,1789815980.853,164.02
2026-09-19 16:36:20.936,onvif-e9b03eab-61a3-46bd-9f42-888fd59ddbc4,1789815980.771,1789815980.849,1789815980.857,1789815980.933,1789815980.933,1789815980.937,166.24
2026-09-19 16:36:21.020,onvif-e9b03eab-61a3-46bd-9f42-888fd59ddbc4,1789815980.855,1789815980.933,1789815980.940,1789815981.017,1789815981.017,1789815981.021,165.76
2026-09-19 16:36:21.103,onvif-e9b03eab-61a3-46bd-9f42-888fd59ddbc4,1789815980.938,1789815981.017,1789815981.025,1789815981.100,1789815981.100,1789815981.104,165.61
2026-09-19 16:36:21.187,onvif-e9b03eab-61a3-46bd-9f42-888fd59ddbc4,1789815981.022,1789815981.100,1789815981.108,1789815981.183,1789815981.183,1789815981.187,165.20
2026-09-19 16:36:21.270,onvif-e9b03eab-61a3-46bd-9f42-888fd59ddbc4,1789815981.105,1789815981.184,1789815981.193,1789815981.267,1789815981.267,1789815981.271,165.43
2026-09-19 16:36:21.354,onvif-e9b03eab-61a3-46bd-9f42-888fd59ddbc4,1789815981.194,1789815981.267,1789815981.275,1789815981.350,1789815981.350,1789815981.355,160.99
2026-09-19 16:36:21.438,onvif-e9b03eab-61a3-46bd-9f42-888fd59ddbc4,1789815981.270,1789815981.350,1789815981.359,1789815981.434,1789815981.434,1789815981.438,168.44
2026-09-19 16:36:21.521,onvif-e9b03eab-61a3-46bd-9f42-888fd59ddbc4,1789815981.356,1789815981.435,1789815981.443,1789815981.517,1789815981.517,1789815981.521,164.83
2026-09-19 16:36:21.606,onvif-e9b03eab-61a3-46bd-9f42-888fd59ddbc4,1789815981.440,1789815981.518,1789815981.525,1789815981.601,1789815981.604,1789815981.607,167.11
2026-09-19 16:36:21.688,onvif-e9b03eab-61a3-46bd-9f42-888fd59ddbc4,1789815981.525,1789815981.602,1789815981.609,1789815981.684,1789815981.684,1789815981.688,163.00
2026-09-19 16:36:21.771,onvif-e9b03eab-61a3-46bd-9f42-888fd59ddbc4,1789815981.604,1789815981.684,1789815981.693,1789815981.768,1789815981.768,1789815981.772,168.16
2026-09-19 16:36:21.855,onvif-e9b03eab-61a3-46bd-9f42-888fd59ddbc4,1789815981.692,1789815981.768,1789815981.777,1789815981.851,1789815981.851,1789815981.855,162.90
2026-09-19 16:36:21.939,onvif-e9b03eab-61a3-46bd-9f42-888fd59ddbc4,1789815981.773,1789815981.851,1789815981.859,1789815981.935,1789815981.935,1789815981.940,166.44
2026-09-19 16:36:22.022,onvif-e9b03eab-61a3-46bd-9f42-888fd59ddbc4,1789815981.857,1789815981.936,1789815981.944,1789815982.019,1789815982.019,1789815982.023,165.53
2026-09-19 16:36:22.107,onvif-e9b03eab-61a3-46bd-9f42-888fd59ddbc4,1789815981.941,1789815982.019,1789815982.027,1789815982.103,1789815982.103,1789815982.107,166.09
2026-09-19 16:36:22.193,onvif-e9b03eab-61a3-46bd-9f42-888fd59ddbc4,1789815982.024,1789815982.104,1789815982.111,1789815982.191,1789815982.191,1789815982.194,169.56
2026-09-19 16:36:22.278,onvif-e9b03eab-61a3-46bd-9f42-888fd59ddbc4,1789815982.108,1789815982.191,1789815982.199,1789815982.275,1789815982.275,1789815982.278,170.40
2026-09-19 16:36:22.361,onvif-e9b03eab-61a3-46bd-9f42-888fd59ddbc4,1789815982.201,1789815982.275,1789815982.281,1789815982.359,1789815982.359,1789815982.362,160.78
2026-09-19 16:36:22.446,onvif-e9b03eab-61a3-46bd-9f42-888fd59ddbc4,1789815982.277,1789815982.359,1789815982.367,1789815982.443,1789815982.443,1789815982.446,169.36
2026-09-19 16:36:22.531,onvif-e9b03eab-61a3-46bd-9f42-888fd59ddbc4,1789815982.365,1789815982.443,1789815982.450,1789815982.527,1789815982.528,1789815982.531,166.11
2026-09-19 16:36:22.614,onvif-e9b03eab-61a3-46bd-9f42-888fd59ddbc4,1789815982.450,1789815982.528,1789815982.535,1789815982.611,1789815982.611,1789815982.615,164.19
2026-09-19 16:36:22.697,onvif-e9b03eab-61a3-46bd-9f42-888fd59ddbc4,1789815982.532,1789815982.612,1789815982.618,1789815982.694,1789815982.695,1789815982.698,165.79
2026-09-19 16:36:22.782,onvif-e9b03eab-61a3-46bd-9f42-888fd59ddbc4,1789815982.613,1789815982.695,1789815982.704,1789815982.779,1789815982.779,1789815982.783,169.87
2026-09-19 16:36:22.866,onvif-e9b03eab-61a3-46bd-9f42-888fd59ddbc4,1789815982.703,1789815982.780,1789815982.786,1789815982.863,1789815982.863,1789815982.867,164.00
2026-09-19 16:36:22.949,onvif-e9b03eab-61a3-46bd-9f42-888fd59ddbc4,1789815982.789,1789815982.863,1789815982.870,1789815982.946,1789815982.946,1789815982.950,160.34
2026-09-19 16:36:23.034,onvif-e9b03eab-61a3-46bd-9f42-888fd59ddbc4,1789815982.868,1789815982.947,1789815982.954,1789815983.031,1789815983.031,1789815983.034,166.68
2026-09-19 16:36:23.118,onvif-e9b03eab-61a3-46bd-9f42-888fd59ddbc4,1789815982.948,1789815983.031,1789815983.039,1789815983.115,1789815983.115,1789815983.118,170.73
2026-09-19 16:36:23.207,onvif-e9b03eab-61a3-46bd-9f42-888fd59ddbc4,1789815983.038,1789815983.115,1789815983.121,1789815983.202,1789815983.202,1789815983.207,169.37
2026-09-19 16:36:23.292,onvif-e9b03eab-61a3-46bd-9f42-888fd59ddbc4,1789815983.116,1789815983.202,1789815983.212,1789815983.287,1789815983.287,1789815983.292,176.14
2026-09-19 16:36:23.375,onvif-e9b03eab-61a3-46bd-9f42-888fd59ddbc4,1789815983.287,1789815983.287,1789815983.297,1789815983.372,1789815983.372,1789815983.375,88.72
2026-09-19 16:36:23.459,onvif-e9b03eab-61a3-46bd-9f42-888fd59ddbc4,1789815983.296,1789815983.372,1789815983.379,1789815983.456,1789815983.456,1789815983.459,163.20
2026-09-19 16:36:23.542,onvif-e9b03eab-61a3-46bd-9f42-888fd59ddbc4,1789815983.379,1789815983.456,1789815983.463,1789815983.540,1789815983.540,1789815983.543,163.85
2026-09-19 16:36:23.626,onvif-e9b03eab-61a3-46bd-9f42-888fd59ddbc4,1789815983.464,1789815983.540,1789815983.547,1789815983.623,1789815983.623,1789815983.627,162.27
2026-09-19 16:36:23.710,onvif-e9b03eab-61a3-46bd-9f42-888fd59ddbc4,1789815983.544,1789815983.624,1789815983.631,1789815983.707,1789815983.707,1789815983.710,166.11
2026-09-19 16:36:23.794,onvif-e9b03eab-61a3-46bd-9f42-888fd59ddbc4,1789815983.628,1789815983.707,1789815983.715,1789815983.791,1789815983.791,1789815983.795,166.51
2026-09-19 16:36:23.878,onvif-e9b03eab-61a3-46bd-9f42-888fd59ddbc4,1789815983.712,1789815983.791,1789815983.798,1789815983.875,1789815983.875,1789815983.878,166.17
2026-09-19 16:36:23.962,onvif-e9b03eab-61a3-46bd-9f42-888fd59ddbc4,1789815983.795,1789815983.875,1789815983.882,1789815983.959,1789815983.959,1789815983.962,167.03
2026-09-19 16:36:24.049,onvif-e9b03eab-61a3-46bd-9f42-888fd59ddbc4,1789815983.880,1789815983.959,1789815983.966,1789815984.046,1789815984.047,1789815984.050,169.68
2026-09-19 16:36:24.133,onvif-e9b03eab-61a3-46bd-9f42-888fd59ddbc4,1789815983.964,1789815984.047,1789815984.053,1789815984.131,1789815984.131,1789815984.134,169.99
2026-09-19 16:36:24.218,onvif-e9b03eab-61a3-46bd-9f42-888fd59ddbc4,1789815984.048,1789815984.131,1789815984.138,1789815984.215,1789815984.215,1789815984.219,171.45
2026-09-19 16:36:24.305,onvif-e9b03eab-61a3-46bd-9f42-888fd59ddbc4,1789815984.138,1789815984.216,1789815984.223,1789815984.302,1789815984.302,1789815984.305,167.56
2026-09-19 16:36:24.393,onvif-e9b03eab-61a3-46bd-9f42-888fd59ddbc4,1789815984.221,1789815984.302,1789815984.311,1789815984.388,1789815984.388,1789815984.394,172.72
2026-09-19 16:36:24.479,onvif-e9b03eab-61a3-46bd-9f42-888fd59ddbc4,1789815984.306,1789815984.388,1789815984.397,1789815984.476,1789815984.476,1789815984.480,173.23
2026-09-19 16:36:24.564,onvif-e9b03eab-61a3-46bd-9f42-888fd59ddbc4,1789815984.395,1789815984.477,1789815984.484,1789815984.561,1789815984.561,1789815984.565,169.25
2026-09-19 16:36:24.651,onvif-e9b03eab-61a3-46bd-9f42-888fd59ddbc4,1789815984.481,1789815984.561,1789815984.569,1789815984.647,1789815984.647,1789815984.651,170.42
2026-09-19 16:36:24.735,onvif-e9b03eab-61a3-46bd-9f42-888fd59ddbc4,1789815984.566,1789815984.648,1789815984.654,1789815984.732,1789815984.732,1789815984.736,170.26
2026-09-19 16:36:24.818,onvif-e9b03eab-61a3-46bd-9f42-888fd59ddbc4,1789815984.652,1789815984.732,1789815984.740,1789815984.816,1789815984.816,1789815984.819,166.88
2026-09-19 16:36:24.903,onvif-e9b03eab-61a3-46bd-9f42-888fd59ddbc4,1789815984.737,1789815984.816,1789815984.823,1789815984.900,1789815984.900,1789815984.904,166.63
2026-09-19 16:36:24.989,onvif-e9b03eab-61a3-46bd-9f42-888fd59ddbc4,1789815984.822,1789815984.901,1789815984.908,1789815984.986,1789815984.986,1789815984.989,167.35
2026-09-19 16:36:25.073,onvif-e9b03eab-61a3-46bd-9f42-888fd59ddbc4,1789815984.905,1789815984.986,1789815984.993,1789815985.070,1789815985.070,1789815985.074,168.59
2026-09-19 16:36:25.158,onvif-e9b03eab-61a3-46bd-9f42-888fd59ddbc4,1789815984.995,1789815985.070,1789815985.077,1789815985.155,1789815985.155,1789815985.158,163.32
2026-09-19 16:36:25.245,onvif-e9b03eab-61a3-46bd-9f42-888fd59ddbc4,1789815985.072,1789815985.155,1789815985.163,1789815985.241,1789815985.241,1789815985.245,173.59
2026-09-19 16:36:25.330,onvif-e9b03eab-61a3-46bd-9f42-888fd59ddbc4,1789815985.166,1789815985.241,1789815985.249,1789815985.327,1789815985.327,1789815985.330,164.38
2026-09-19 16:36:25.415,onvif-e9b03eab-61a3-46bd-9f42-888fd59ddbc4,1789815985.244,1789815985.327,1789815985.335,1789815985.413,1789815985.413,1789815985.416,172.45
2026-09-19 16:36:25.504,onvif-e9b03eab-61a3-46bd-9f42-888fd59ddbc4,1789815985.335,1789815985.413,1789815985.419,1789815985.500,1789815985.500,1789815985.504,169.58
2026-09-19 16:36:25.588,onvif-e9b03eab-61a3-46bd-9f42-888fd59ddbc4,1789815985.415,1789815985.501,1789815985.508,1789815985.585,1789815985.585,1789815985.588,173.52
2026-09-19 16:36:25.674,onvif-e9b03eab-61a3-46bd-9f42-888fd59ddbc4,1789815985.508,1789815985.585,1789815985.592,1789815985.671,1789815985.671,1789815985.675,167.17
2026-09-19 16:36:25.761,onvif-e9b03eab-61a3-46bd-9f42-888fd59ddbc4,1789815985.587,1789815985.671,1789815985.679,1789815985.758,1789815985.758,1789815985.762,174.58
2026-09-19 16:36:25.848,onvif-e9b03eab-61a3-46bd-9f42-888fd59ddbc4,1789815985.680,1789815985.758,1789815985.766,1789815985.845,1789815985.845,1789815985.848,167.66
2026-09-19 16:36:25.934,onvif-e9b03eab-61a3-46bd-9f42-888fd59ddbc4,1789815985.764,1789815985.845,1789815985.852,1789815985.931,1789815985.931,1789815985.935,170.81
2026-09-19 16:36:26.019,onvif-e9b03eab-61a3-46bd-9f42-888fd59ddbc4,1789815985.850,1789815985.932,1789815985.939,1789815986.016,1789815986.016,1789815986.019,169.14
2026-09-19 16:36:26.101,onvif-e9b03eab-61a3-46bd-9f42-888fd59ddbc4,1789815985.936,1789815986.016,1789815986.023,1789815986.099,1789815986.099,1789815986.102,165.92
2026-09-19 16:36:26.185,onvif-e9b03eab-61a3-46bd-9f42-888fd59ddbc4,1789815986.024,1789815986.099,1789815986.106,1789815986.182,1789815986.182,1789815986.186,161.51
2026-09-19 16:36:26.272,onvif-e9b03eab-61a3-46bd-9f42-888fd59ddbc4,1789815986.100,1789815986.182,1789815986.189,1789815986.268,1789815986.268,1789815986.273,172.90
2026-09-19 16:36:26.356,onvif-e9b03eab-61a3-46bd-9f42-888fd59ddbc4,1789815986.188,1789815986.269,1789815986.276,1789815986.353,1789815986.353,1789815986.356,167.96
2026-09-19 16:36:26.443,onvif-e9b03eab-61a3-46bd-9f42-888fd59ddbc4,1789815986.274,1789815986.353,1789815986.360,1789815986.440,1789815986.440,1789815986.443,169.39
2026-09-19 16:36:26.527,onvif-e9b03eab-61a3-46bd-9f42-888fd59ddbc4,1789815986.358,1789815986.440,1789815986.448,1789815986.524,1789815986.525,1789815986.527,169.50
2026-09-19 16:36:26.617,onvif-e9b03eab-61a3-46bd-9f42-888fd59ddbc4,1789815986.446,1789815986.525,1789815986.533,1789815986.613,1789815986.613,1789815986.618,171.94
2026-09-19 16:36:26.702,onvif-e9b03eab-61a3-46bd-9f42-888fd59ddbc4,1789815986.531,1789815986.614,1789815986.620,1789815986.700,1789815986.700,1789815986.703,171.69
2026-09-19 16:36:26.792,onvif-e9b03eab-61a3-46bd-9f42-888fd59ddbc4,1789815986.618,1789815986.700,1789815986.707,1789815986.789,1789815986.789,1789815986.792,174.35
2026-09-19 16:36:26.877,onvif-e9b03eab-61a3-46bd-9f42-888fd59ddbc4,1789815986.706,1789815986.789,1789815986.797,1789815986.873,1789815986.873,1789815986.877,171.34
2026-09-19 16:36:26.962,onvif-e9b03eab-61a3-46bd-9f42-888fd59ddbc4,1789815986.798,1789815986.874,1789815986.882,1789815986.959,1789815986.959,1789815986.963,164.05
2026-09-19 16:36:27.049,onvif-e9b03eab-61a3-46bd-9f42-888fd59ddbc4,1789815986.879,1789815986.959,1789815986.967,1789815987.045,1789815987.045,1789815987.049,170.48
2026-09-19 16:36:27.133,onvif-e9b03eab-61a3-46bd-9f42-888fd59ddbc4,1789815986.962,1789815987.045,1789815987.053,1789815987.130,1789815987.130,1789815987.133,170.70
2026-09-19 16:36:27.217,onvif-e9b03eab-61a3-46bd-9f42-888fd59ddbc4,1789815987.053,1789815987.130,1789815987.137,1789815987.214,1789815987.214,1789815987.218,164.28
2026-09-19 16:36:27.302,onvif-e9b03eab-61a3-46bd-9f42-888fd59ddbc4,1789815987.132,1789815987.215,1789815987.221,1789815987.299,1789815987.299,1789815987.302,170.47
2026-09-19 16:36:27.387,onvif-e9b03eab-61a3-46bd-9f42-888fd59ddbc4,1789815987.221,1789815987.299,1789815987.307,1789815987.383,1789815987.384,1789815987.387,166.53
2026-09-19 16:36:27.470,onvif-e9b03eab-61a3-46bd-9f42-888fd59ddbc4,1789815987.304,1789815987.384,1789815987.391,1789815987.467,1789815987.467,1789815987.471,166.99
2026-09-19 16:36:27.555,onvif-e9b03eab-61a3-46bd-9f42-888fd59ddbc4,1789815987.388,1789815987.467,1789815987.475,1789815987.551,1789815987.551,1789815987.555,167.29
2026-09-19 16:36:27.638,onvif-e9b03eab-61a3-46bd-9f42-888fd59ddbc4,1789815987.472,1789815987.552,1789815987.559,1789815987.635,1789815987.635,1789815987.639,166.65
2026-09-19 16:36:27.721,onvif-e9b03eab-61a3-46bd-9f42-888fd59ddbc4,1789815987.556,1789815987.635,1789815987.642,1789815987.718,1789815987.718,1789815987.722,165.38
2026-09-19 16:36:27.804,onvif-e9b03eab-61a3-46bd-9f42-888fd59ddbc4,1789815987.639,1789815987.718,1789815987.726,1789815987.801,1789815987.801,1789815987.805,165.43
2026-09-19 16:36:27.887,onvif-e9b03eab-61a3-46bd-9f42-888fd59ddbc4,1789815987.723,1789815987.802,1789815987.809,1789815987.885,1789815987.885,1789815987.888,164.17
2026-09-19 16:36:27.971,onvif-e9b03eab-61a3-46bd-9f42-888fd59ddbc4,1789815987.806,1789815987.885,1789815987.892,1789815987.968,1789815987.968,1789815987.971,165.21
2026-09-19 16:36:28.054,onvif-e9b03eab-61a3-46bd-9f42-888fd59ddbc4,1789815987.890,1789815987.968,1789815987.975,1789815988.051,1789815988.052,1789815988.055,164.94
2026-09-19 16:36:28.138,onvif-e9b03eab-61a3-46bd-9f42-888fd59ddbc4,1789815987.972,1789815988.052,1789815988.059,1789815988.135,1789815988.135,1789815988.138,166.12
2026-09-19 16:36:28.222,onvif-e9b03eab-61a3-46bd-9f42-888fd59ddbc4,1789815988.056,1789815988.135,1789815988.142,1789815988.219,1789815988.219,1789815988.223,166.55
2026-09-19 16:36:28.306,onvif-e9b03eab-61a3-46bd-9f42-888fd59ddbc4,1789815988.139,1789815988.220,1789815988.227,1789815988.303,1789815988.303,1789815988.307,167.17
2026-09-19 16:36:28.391,onvif-e9b03eab-61a3-46bd-9f42-888fd59ddbc4,1789815988.225,1789815988.303,1789815988.310,1789815988.387,1789815988.388,1789815988.391,166.17
2026-09-19 16:36:28.478,onvif-e9b03eab-61a3-46bd-9f42-888fd59ddbc4,1789815988.307,1789815988.388,1789815988.395,1789815988.476,1789815988.476,1789815988.479,171.45
2026-09-19 16:36:28.564,onvif-e9b03eab-61a3-46bd-9f42-888fd59ddbc4,1789815988.392,1789815988.476,1789815988.482,1789815988.561,1789815988.561,1789815988.565,172.42
2026-09-19 16:36:28.653,onvif-e9b03eab-61a3-46bd-9f42-888fd59ddbc4,1789815988.481,1789815988.561,1789815988.569,1789815988.648,1789815988.648,1789815988.653,172.35
2026-09-19 16:36:28.737,onvif-e9b03eab-61a3-46bd-9f42-888fd59ddbc4,1789815988.566,1789815988.648,1789815988.657,1789815988.734,1789815988.734,1789815988.737,171.53
2026-09-19 16:36:28.822,onvif-e9b03eab-61a3-46bd-9f42-888fd59ddbc4,1789815988.655,1789815988.734,1789815988.741,1789815988.819,1789815988.819,1789815988.822,167.62
2026-09-19 16:36:28.908,onvif-e9b03eab-61a3-46bd-9f42-888fd59ddbc4,1789815988.739,1789815988.819,1789815988.826,1789815988.905,1789815988.905,1789815988.908,169.62
2026-09-19 16:36:28.993,onvif-e9b03eab-61a3-46bd-9f42-888fd59ddbc4,1789815988.829,1789815988.905,1789815988.911,1789815988.990,1789815988.990,1789815988.994,164.69
2026-09-19 16:36:29.079,onvif-e9b03eab-61a3-46bd-9f42-888fd59ddbc4,1789815988.907,1789815988.990,1789815988.998,1789815989.076,1789815989.076,1789815989.080,173.05
2026-09-19 16:36:29.163,onvif-e9b03eab-61a3-46bd-9f42-888fd59ddbc4,1789815988.996,1789815989.076,1789815989.084,1789815989.160,1789815989.160,1789815989.164,168.18
2026-09-19 16:36:29.248,onvif-e9b03eab-61a3-46bd-9f42-888fd59ddbc4,1789815989.081,1789815989.161,1789815989.169,1789815989.244,1789815989.244,1789815989.248,167.23
2026-09-19 16:36:29.334,onvif-e9b03eab-61a3-46bd-9f42-888fd59ddbc4,1789815989.169,1789815989.244,1789815989.252,1789815989.330,1789815989.330,1789815989.334,165.10
2026-09-19 16:36:29.420,onvif-e9b03eab-61a3-46bd-9f42-888fd59ddbc4,1789815989.246,1789815989.331,1789815989.338,1789815989.416,1789815989.416,1789815989.421,174.58
2026-09-19 16:36:29.504,onvif-e9b03eab-61a3-46bd-9f42-888fd59ddbc4,1789815989.338,1789815989.416,1789815989.425,1789815989.500,1789815989.500,1789815989.505,166.49
2026-09-19 16:36:29.588,onvif-e9b03eab-61a3-46bd-9f42-888fd59ddbc4,1789815989.419,1789815989.500,1789815989.509,1789815989.585,1789815989.585,1789815989.589,169.72
2026-09-19 16:36:29.674,onvif-e9b03eab-61a3-46bd-9f42-888fd59ddbc4,1789815989.510,1789815989.586,1789815989.593,1789815989.671,1789815989.671,1789815989.675,165.00
2026-09-19 16:36:29.759,onvif-e9b03eab-61a3-46bd-9f42-888fd59ddbc4,1789815989.587,1789815989.671,1789815989.678,1789815989.756,1789815989.756,1789815989.760,172.15
2026-09-19 16:36:29.844,onvif-e9b03eab-61a3-46bd-9f42-888fd59ddbc4,1789815989.678,1789815989.756,1789815989.763,1789815989.842,1789815989.842,1789815989.845,166.78
2026-09-19 16:36:29.931,onvif-e9b03eab-61a3-46bd-9f42-888fd59ddbc4,1789815989.757,1789815989.842,1789815989.849,1789815989.928,1789815989.928,1789815989.932,174.28
2026-09-19 16:52:11.592,onvif-e9b03eab-61a3-46bd-9f42-888fd59ddbc4,1789816931.525,1789816931.529,1789816931.536,1789816931.540,1789816931.540,1789816931.592,66.86
2026-09-19 16:52:11.653,onvif-e9b03eab-61a3-46bd-9f42-888fd59ddbc4,1789816931.590,1789816931.596,1789816931.606,1789816931.611,1789816931.611,1789816931.654,63.92
2026-09-19 16:52:11.712,onvif-e9b03eab-61a3-46bd-9f42-888fd59ddbc4,1789816931.653,1789816931.663,1789816931.675,1789816931.681,1789816931.682,1789816931.713,59.28
2026-09-19 16:52:11.784,onvif-e9b03eab-61a3-46bd-9f42-888fd59ddbc4,1789816931.697,1789816931.730,1789816931.740,1789816931.747,1789816931.747,1789816931.784,86.98
2026-09-19 16:52:11.847,onvif-e9b03eab-61a3-46bd-9f42-888fd59ddbc4,1789816931.793,1789816931.798,1789816931.810,1789816931.817,1789816931.818,1789816931.847,53.86
2026-09-19 16:52:11.914,onvif-e9b03eab-61a3-46bd-9f42-888fd59ddbc4,1789816931.876,1789816931.880,1789816931.890,1789816931.893,1789816931.893,1789816931.915,38.85
2026-09-19 16:52:11.971,onvif-e9b03eab-61a3-46bd-9f42-888fd59ddbc4,1789816931.929,1789816931.930,1789816931.942,1789816931.945,1789816931.945,1789816931.972,43.22
2026-09-19 16:52:12.064,onvif-e9b03eab-61a3-46bd-9f42-888fd59ddbc4,1789816932.009,1789816932.012,1789816932.024,1789816932.032,1789816932.032,1789816932.065,55.57
2026-09-19 16:52:12.123,onvif-e9b03eab-61a3-46bd-9f42-888fd59ddbc4,1789816932.066,1789816932.080,1789816932.088,1789816932.090,1789816932.091,1789816932.124,57.80
2026-09-19 16:52:12.192,onvif-e9b03eab-61a3-46bd-9f42-888fd59ddbc4,1789816932.139,1789816932.147,1789816932.156,1789816932.159,1789816932.159,1789816932.193,54.13
2026-09-19 16:52:12.249,onvif-e9b03eab-61a3-46bd-9f42-888fd59ddbc4,1789816932.206,1789816932.214,1789816932.222,1789816932.230,1789816932.230,1789816932.249,42.71
2026-09-19 16:52:12.360,onvif-e9b03eab-61a3-46bd-9f42-888fd59ddbc4,1789816932.307,1789816932.307,1789816932.318,1789816932.322,1789816932.322,1789816932.361,53.83
2026-09-19 16:52:12.415,onvif-e9b03eab-61a3-46bd-9f42-888fd59ddbc4,1789816932.371,1789816932.374,1789816932.382,1789816932.389,1789816932.389,1789816932.415,44.04
2026-09-19 16:52:12.499,onvif-e9b03eab-61a3-46bd-9f42-888fd59ddbc4,1789816932.440,1789816932.447,1789816932.458,1789816932.463,1789816932.464,1789816932.499,58.89
2026-09-19 16:52:12.558,onvif-e9b03eab-61a3-46bd-9f42-888fd59ddbc4,1789816932.507,1789816932.514,1789816932.523,1789816932.529,1789816932.529,1789816932.559,51.42
2026-09-19 16:52:12.658,onvif-e9b03eab-61a3-46bd-9f42-888fd59ddbc4,1789816932.605,1789816932.609,1789816932.623,1789816932.627,1789816932.627,1789816932.658,52.65
2026-09-19 16:52:12.723,onvif-e9b03eab-61a3-46bd-9f42-888fd59ddbc4,1789816932.672,1789816932.676,1789816932.691,1789816932.698,1789816932.698,1789816932.723,51.07
2026-09-19 16:52:12.787,onvif-e9b03eab-61a3-46bd-9f42-888fd59ddbc4,1789816932.739,1789816932.743,1789816932.753,1789816932.759,1789816932.759,1789816932.788,48.61
2026-09-19 16:52:12.849,onvif-e9b03eab-61a3-46bd-9f42-888fd59ddbc4,1789816932.796,1789816932.810,1789816932.819,1789816932.824,1789816932.824,1789816932.850,53.85
2026-09-19 16:52:12.929,onvif-e9b03eab-61a3-46bd-9f42-888fd59ddbc4,1789816932.883,1789816932.888,1789816932.893,1789816932.900,1789816932.900,1789816932.929,46.89
2026-09-19 16:52:12.996,onvif-e9b03eab-61a3-46bd-9f42-888fd59ddbc4,1789816932.960,1789816932.963,1789816932.970,1789816932.972,1789816932.972,1789816932.996,36.63
2026-09-19 16:52:13.073,onvif-e9b03eab-61a3-46bd-9f42-888fd59ddbc4,1789816933.042,1789816933.046,1789816933.055,1789816933.057,1789816933.057,1789816933.074,32.02
2026-09-19 16:52:13.159,onvif-e9b03eab-61a3-46bd-9f42-888fd59ddbc4,1789816933.113,1789816933.118,1789816933.126,1789816933.131,1789816933.131,1789816933.159,46.00
2026-09-19 16:52:13.198,onvif-e9b03eab-61a3-46bd-9f42-888fd59ddbc4,1789816933.178,1789816933.185,1789816933.188,1789816933.190,1789816933.190,1789816933.199,20.53
2026-09-19 16:52:13.286,onvif-e9b03eab-61a3-46bd-9f42-888fd59ddbc4,1789816933.268,1789816933.272,1789816933.276,1789816933.280,1789816933.280,1789816933.287,19.34
2026-09-19 16:52:13.355,onvif-e9b03eab-61a3-46bd-9f42-888fd59ddbc4,1789816933.334,1789816933.339,1789816933.343,1789816933.346,1789816933.346,1789816933.356,22.31
2026-09-19 16:52:13.424,onvif-e9b03eab-61a3-46bd-9f42-888fd59ddbc4,1789816933.400,1789816933.406,1789816933.410,1789816933.412,1789816933.412,1789816933.425,24.57
2026-09-19 16:52:13.490,onvif-e9b03eab-61a3-46bd-9f42-888fd59ddbc4,1789816933.464,1789816933.473,1789816933.476,1789816933.483,1789816933.483,1789816933.490,25.86
2026-09-19 16:52:13.556,onvif-e9b03eab-61a3-46bd-9f42-888fd59ddbc4,1789816933.534,1789816933.540,1789816933.546,1789816933.548,1789816933.548,1789816933.557,22.27
2026-09-19 16:52:13.645,onvif-e9b03eab-61a3-46bd-9f42-888fd59ddbc4,1789816933.626,1789816933.628,1789816933.632,1789816933.635,1789816933.635,1789816933.645,19.24
2026-09-19 16:52:13.718,onvif-e9b03eab-61a3-46bd-9f42-888fd59ddbc4,1789816933.701,1789816933.705,1789816933.708,1789816933.711,1789816933.711,1789816933.719,17.29
2026-09-19 16:52:13.789,onvif-e9b03eab-61a3-46bd-9f42-888fd59ddbc4,1789816933.755,1789816933.772,1789816933.777,1789816933.782,1789816933.782,1789816933.790,34.40
2026-09-19 16:52:13.858,onvif-e9b03eab-61a3-46bd-9f42-888fd59ddbc4,1789816933.830,1789816933.839,1789816933.842,1789816933.847,1789816933.847,1789816933.859,28.77
2026-09-19 16:52:13.935,onvif-e9b03eab-61a3-46bd-9f42-888fd59ddbc4,1789816933.919,1789816933.921,1789816933.924,1789816933.929,1789816933.929,1789816933.936,16.47
2026-09-19 16:52:14.012,onvif-e9b03eab-61a3-46bd-9f42-888fd59ddbc4,1789816933.998,1789816933.998,1789816934.002,1789816934.006,1789816934.006,1789816934.013,14.66
2026-09-19 16:52:14.088,onvif-e9b03eab-61a3-46bd-9f42-888fd59ddbc4,1789816934.069,1789816934.070,1789816934.074,1789816934.076,1789816934.076,1789816934.089,19.67
2026-09-19 16:52:14.154,onvif-e9b03eab-61a3-46bd-9f42-888fd59ddbc4,1789816934.131,1789816934.137,1789816934.141,1789816934.148,1789816934.148,1789816934.154,23.31
2026-09-19 16:52:14.223,onvif-e9b03eab-61a3-46bd-9f42-888fd59ddbc4,1789816934.197,1789816934.204,1789816934.208,1789816934.214,1789816934.214,1789816934.223,25.57
2026-09-19 16:52:14.285,onvif-e9b03eab-61a3-46bd-9f42-888fd59ddbc4,1789816934.263,1789816934.268,1789816934.272,1789816934.278,1789816934.278,1789816934.286,22.94
2026-09-19 16:52:14.355,onvif-e9b03eab-61a3-46bd-9f42-888fd59ddbc4,1789816934.336,1789816934.340,1789816934.344,1789816934.348,1789816934.348,1789816934.356,19.80
2026-09-19 16:52:14.425,onvif-e9b03eab-61a3-46bd-9f42-888fd59ddbc4,1789816934.399,1789816934.407,1789816934.410,1789816934.414,1789816934.414,1789816934.425,26.26
2026-09-19 16:52:14.487,onvif-e9b03eab-61a3-46bd-9f42-888fd59ddbc4,1789816934.458,1789816934.474,1789816934.477,1789816934.480,1789816934.480,1789816934.487,29.24
2026-09-19 16:52:14.559,onvif-e9b03eab-61a3-46bd-9f42-888fd59ddbc4,1789816934.536,1789816934.541,1789816934.546,1789816934.552,1789816934.552,1789816934.559,23.83
2026-09-19 16:52:14.625,onvif-e9b03eab-61a3-46bd-9f42-888fd59ddbc4,1789816934.608,1789816934.610,1789816934.614,1789816934.616,1789816934.616,1789816934.626,17.33
2026-09-19 16:52:14.690,onvif-e9b03eab-61a3-46bd-9f42-888fd59ddbc4,1789816934.674,1789816934.677,1789816934.681,1789816934.683,1789816934.683,1789816934.690,16.71
2026-09-19 16:52:14.776,onvif-e9b03eab-61a3-46bd-9f42-888fd59ddbc4,1789816934.758,1789816934.759,1789816934.764,1789816934.769,1789816934.769,1789816934.776,18.74
2026-09-19 16:52:14.850,onvif-e9b03eab-61a3-46bd-9f42-888fd59ddbc4,1789816934.830,1789816934.832,1789816934.835,1789816934.839,1789816934.839,1789816934.850,20.82
2026-09-19 16:52:14.938,onvif-e9b03eab-61a3-46bd-9f42-888fd59ddbc4,1789816934.924,1789816934.924,1789816934.928,1789816934.932,1789816934.932,1789816934.939,14.61
2026-09-19 16:52:15.021,onvif-e9b03eab-61a3-46bd-9f42-888fd59ddbc4,1789816934.999,1789816935.002,1789816935.007,1789816935.013,1789816935.013,1789816935.021,22.34
2026-09-19 16:52:15.085,onvif-e9b03eab-61a3-46bd-9f42-888fd59ddbc4,1789816935.064,1789816935.069,1789816935.072,1789816935.075,1789816935.075,1789816935.085,21.13
2026-09-19 16:52:15.154,onvif-e9b03eab-61a3-46bd-9f42-888fd59ddbc4,1789816935.132,1789816935.136,1789816935.140,1789816935.146,1789816935.146,1789816935.154,21.89
2026-09-19 16:52:15.221,onvif-e9b03eab-61a3-46bd-9f42-888fd59ddbc4,1789816935.195,1789816935.203,1789816935.207,1789816935.211,1789816935.211,1789816935.221,26.08
2026-09-19 16:52:15.292,onvif-e9b03eab-61a3-46bd-9f42-888fd59ddbc4,1789816935.267,1789816935.272,1789816935.275,1789816935.281,1789816935.281,1789816935.292,24.91
2026-09-19 16:52:15.354,onvif-e9b03eab-61a3-46bd-9f42-888fd59ddbc4,1789816935.339,1789816935.339,1789816935.342,1789816935.346,1789816935.347,1789816935.355,15.78
2026-09-19 16:52:15.429,onvif-e9b03eab-61a3-46bd-9f42-888fd59ddbc4,1789816935.409,1789816935.411,1789816935.416,1789816935.423,1789816935.423,1789816935.430,21.26
2026-09-19 16:52:15.493,onvif-e9b03eab-61a3-46bd-9f42-888fd59ddbc4,1789816935.459,1789816935.478,1789816935.481,1789816935.483,1789816935.483,1789816935.493,34.08
2026-09-19 16:52:15.559,onvif-e9b03eab-61a3-46bd-9f42-888fd59ddbc4,1789816935.532,1789816935.545,1789816935.549,1789816935.554,1789816935.554,1789816935.560,27.76
2026-09-19 16:52:15.630,onvif-e9b03eab-61a3-46bd-9f42-888fd59ddbc4,1789816935.605,1789816935.610,1789816935.614,1789816935.618,1789816935.619,1789816935.630,25.09
2026-09-19 16:52:15.697,onvif-e9b03eab-61a3-46bd-9f42-888fd59ddbc4,1789816935.678,1789816935.682,1789816935.686,1789816935.690,1789816935.690,1789816935.698,19.96
2026-09-19 16:52:15.780,onvif-e9b03eab-61a3-46bd-9f42-888fd59ddbc4,1789816935.751,1789816935.759,1789816935.765,1789816935.767,1789816935.767,1789816935.780,28.93
2026-09-19 16:52:15.829,onvif-e9b03eab-61a3-46bd-9f42-888fd59ddbc4,1789816935.808,1789816935.809,1789816935.814,1789816935.819,1789816935.819,1789816935.829,21.19
2026-09-19 16:52:15.892,onvif-e9b03eab-61a3-46bd-9f42-888fd59ddbc4,1789816935.862,1789816935.876,1789816935.881,1789816935.884,1789816935.884,1789816935.893,30.71
2026-09-19 16:52:15.957,onvif-e9b03eab-61a3-46bd-9f42-888fd59ddbc4,1789816935.940,1789816935.941,1789816935.944,1789816935.949,1789816935.949,1789816935.958,17.29
2026-09-19 16:52:16.023,onvif-e9b03eab-61a3-46bd-9f42-888fd59ddbc4,1789816935.994,1789816936.008,1789816936.013,1789816936.015,1789816936.015,1789816936.024,29.51
2026-09-19 16:52:16.094,onvif-e9b03eab-61a3-46bd-9f42-888fd59ddbc4,1789816936.057,1789816936.074,1789816936.078,1789816936.081,1789816936.081,1789816936.095,37.35
2026-09-19 16:52:16.158,onvif-e9b03eab-61a3-46bd-9f42-888fd59ddbc4,1789816936.132,1789816936.141,1789816936.145,1789816936.152,1789816936.152,1789816936.158,25.65
2026-09-19 16:52:16.240,onvif-e9b03eab-61a3-46bd-9f42-888fd59ddbc4,1789816936.221,1789816936.224,1789816936.227,1789816936.233,1789816936.233,1789816936.241,19.74
2026-09-19 16:52:16.312,onvif-e9b03eab-61a3-46bd-9f42-888fd59ddbc4,1789816936.295,1789816936.298,1789816936.301,1789816936.303,1789816936.303,1789816936.313,17.81
2026-09-19 16:52:16.380,onvif-e9b03eab-61a3-46bd-9f42-888fd59ddbc4,1789816936.348,1789816936.365,1789816936.369,1789816936.374,1789816936.374,1789816936.380,32.53
2026-09-19 16:52:16.447,onvif-e9b03eab-61a3-46bd-9f42-888fd59ddbc4,1789816936.412,1789816936.432,1789816936.438,1789816936.439,1789816936.439,1789816936.448,36.33
2026-09-19 16:52:16.516,onvif-e9b03eab-61a3-46bd-9f42-888fd59ddbc4,1789816936.479,1789816936.499,1789816936.502,1789816936.504,1789816936.505,1789816936.516,37.47
2026-09-19 16:52:16.581,onvif-e9b03eab-61a3-46bd-9f42-888fd59ddbc4,1789816936.554,1789816936.566,1789816936.570,1789816936.574,1789816936.574,1789816936.581,27.01
2026-09-19 16:52:16.650,onvif-e9b03eab-61a3-46bd-9f42-888fd59ddbc4,1789816936.627,1789816936.631,1789816936.635,1789816936.639,1789816936.639,1789816936.650,23.50
2026-09-19 16:52:16.713,onvif-e9b03eab-61a3-46bd-9f42-888fd59ddbc4,1789816936.669,1789816936.698,1789816936.702,1789816936.705,1789816936.705,1789816936.713,43.75
2026-09-19 16:52:16.783,onvif-e9b03eab-61a3-46bd-9f42-888fd59ddbc4,1789816936.760,1789816936.765,1789816936.770,1789816936.775,1789816936.775,1789816936.783,23.43
2026-09-19 16:52:16.829,onvif-e9b03eab-61a3-46bd-9f42-888fd59ddbc4,1789816936.808,1789816936.809,1789816936.812,1789816936.819,1789816936.819,1789816936.830,21.66
2026-09-19 16:52:16.884,onvif-e9b03eab-61a3-46bd-9f42-888fd59ddbc4,1789816936.859,1789816936.863,1789816936.866,1789816936.873,1789816936.873,1789816936.885,25.57
2026-09-19 16:52:16.978,onvif-e9b03eab-61a3-46bd-9f42-888fd59ddbc4,1789816936.960,1789816936.961,1789816936.964,1789816936.971,1789816936.972,1789816936.979,19.15
2026-09-19 16:52:17.049,onvif-e9b03eab-61a3-46bd-9f42-888fd59ddbc4,1789816937.011,1789816937.028,1789816937.034,1789816937.038,1789816937.038,1789816937.049,38.55
2026-09-19 16:52:17.116,onvif-e9b03eab-61a3-46bd-9f42-888fd59ddbc4,1789816937.078,1789816937.095,1789816937.098,1789816937.104,1789816937.104,1789816937.116,38.16
2026-09-19 16:52:17.179,onvif-e9b03eab-61a3-46bd-9f42-888fd59ddbc4,1789816937.139,1789816937.162,1789816937.167,1789816937.171,1789816937.171,1789816937.180,40.08
2026-09-19 16:52:17.248,onvif-e9b03eab-61a3-46bd-9f42-888fd59ddbc4,1789816937.200,1789816937.229,1789816937.233,1789816937.237,1789816937.237,1789816937.248,48.57
2026-09-19 16:52:17.283,onvif-e9b03eab-61a3-46bd-9f42-888fd59ddbc4,1789816937.256,1789816937.262,1789816937.268,1789816937.270,1789816937.270,1789816937.284,27.70
2026-09-19 16:52:17.324,onvif-e9b03eab-61a3-46bd-9f42-888fd59ddbc4,1789816937.305,1789816937.306,1789816937.310,1789816937.314,1789816937.314,1789816937.325,20.25
2026-09-19 16:52:17.410,onvif-e9b03eab-61a3-46bd-9f42-888fd59ddbc4,1789816937.393,1789816937.393,1789816937.397,1789816937.403,1789816937.403,1789816937.410,17.43
2026-09-19 16:52:17.478,onvif-e9b03eab-61a3-46bd-9f42-888fd59ddbc4,1789816937.437,1789816937.460,1789816937.467,1789816937.469,1789816937.469,1789816937.479,41.75
2026-09-19 16:52:17.548,onvif-e9b03eab-61a3-46bd-9f42-888fd59ddbc4,1789816937.514,1789816937.527,1789816937.531,1789816937.536,1789816937.536,1789816937.548,34.14
2026-09-19 16:52:17.615,onvif-e9b03eab-61a3-46bd-9f42-888fd59ddbc4,1789816937.597,1789816937.599,1789816937.603,1789816937.608,1789816937.608,1789816937.615,18.26
2026-09-19 16:52:17.695,onvif-e9b03eab-61a3-46bd-9f42-888fd59ddbc4,1789816937.676,1789816937.676,1789816937.681,1789816937.686,1789816937.686,1789816937.696,19.89
2026-09-19 16:52:17.796,onvif-e9b03eab-61a3-46bd-9f42-888fd59ddbc4,1789816937.778,1789816937.780,1789816937.783,1789816937.784,1789816937.784,1789816937.797,19.05
2026-09-19 16:52:17.892,onvif-e9b03eab-61a3-46bd-9f42-888fd59ddbc4,1789816937.871,1789816937.872,1789816937.876,1789816937.882,1789816937.882,1789816937.893,22.29
2026-09-19 16:52:17.963,onvif-e9b03eab-61a3-46bd-9f42-888fd59ddbc4,1789816937.944,1789816937.944,1789816937.949,1789816937.954,1789816937.954,1789816937.963,19.16
2026-09-19 16:52:18.032,onvif-e9b03eab-61a3-46bd-9f42-888fd59ddbc4,1789816938.006,1789816938.011,1789816938.015,1789816938.021,1789816938.021,1789816938.033,26.60
2026-09-19 16:52:18.096,onvif-e9b03eab-61a3-46bd-9f42-888fd59ddbc4,1789816938.071,1789816938.078,1789816938.082,1789816938.089,1789816938.089,1789816938.096,25.13
2026-09-19 16:52:18.164,onvif-e9b03eab-61a3-46bd-9f42-888fd59ddbc4,1789816938.140,1789816938.145,1789816938.151,1789816938.155,1789816938.155,1789816938.164,24.27
2026-09-19 16:52:18.222,onvif-e9b03eab-61a3-46bd-9f42-888fd59ddbc4,1789816938.204,1789816938.212,1789816938.215,1789816938.215,1789816938.215,1789816938.222,18.03
2026-09-19 16:52:18.289,onvif-e9b03eab-61a3-46bd-9f42-888fd59ddbc4,1789816938.267,1789816938.271,1789816938.275,1789816938.279,1789816938.280,1789816938.289,22.32
2026-09-19 16:52:18.351,onvif-e9b03eab-61a3-46bd-9f42-888fd59ddbc4,1789816938.335,1789816938.338,1789816938.342,1789816938.345,1789816938.345,1789816938.351,16.74
2026-09-19 16:52:18.428,onvif-e9b03eab-61a3-46bd-9f42-888fd59ddbc4,1789816938.414,1789816938.415,1789816938.419,1789816938.421,1789816938.421,1789816938.429,14.81
2026-09-19 16:52:18.505,onvif-e9b03eab-61a3-46bd-9f42-888fd59ddbc4,1789816938.461,1789816938.482,1789816938.486,1789816938.492,1789816938.493,1789816938.505,44.16
2026-09-19 16:52:18.565,onvif-e9b03eab-61a3-46bd-9f42-888fd59ddbc4,1789816938.533,1789816938.549,1789816938.553,1789816938.559,1789816938.559,1789816938.566,32.74
2026-09-19 16:52:18.651,onvif-e9b03eab-61a3-46bd-9f42-888fd59ddbc4,1789816938.634,1789816938.637,1789816938.641,1789816938.645,1789816938.645,1789816938.652,17.89
2026-09-19 16:52:18.769,onvif-e9b03eab-61a3-46bd-9f42-888fd59ddbc4,1789816938.748,1789816938.750,1789816938.754,1789816938.757,1789816938.757,1789816938.769,21.68
2026-09-19 16:52:18.830,onvif-e9b03eab-61a3-46bd-9f42-888fd59ddbc4,1789816938.790,1789816938.817,1789816938.821,1789816938.823,1789816938.823,1789816938.830,40.51
2026-09-19 16:52:18.903,onvif-e9b03eab-61a3-46bd-9f42-888fd59ddbc4,1789816938.880,1789816938.884,1789816938.889,1789816938.895,1789816938.895,1789816938.903,23.58
2026-09-19 16:52:18.956,onvif-e9b03eab-61a3-46bd-9f42-888fd59ddbc4,1789816938.935,1789816938.938,1789816938.942,1789816938.949,1789816938.949,1789816938.957,21.24
2026-09-19 16:52:19.030,onvif-e9b03eab-61a3-46bd-9f42-888fd59ddbc4,1789816939.007,1789816939.010,1789816939.016,1789816939.020,1789816939.020,1789816939.030,23.17
2026-09-19 16:52:19.098,onvif-e9b03eab-61a3-46bd-9f42-888fd59ddbc4,1789816939.063,1789816939.077,1789816939.080,1789816939.086,1789816939.086,1789816939.099,35.98
2026-09-19 16:52:19.157,onvif-e9b03eab-61a3-46bd-9f42-888fd59ddbc4,1789816939.131,1789816939.144,1789816939.147,1789816939.151,1789816939.151,1789816939.158,27.11
2026-09-19 16:52:19.230,onvif-e9b03eab-61a3-46bd-9f42-888fd59ddbc4,1789816939.203,1789816939.211,1789816939.216,1789816939.222,1789816939.222,1789816939.231,27.96
2026-09-19 16:52:19.299,onvif-e9b03eab-61a3-46bd-9f42-888fd59ddbc4,1789816939.280,1789816939.281,1789816939.283,1789816939.287,1789816939.287,1789816939.299,18.87
2026-09-19 16:52:19.364,onvif-e9b03eab-61a3-46bd-9f42-888fd59ddbc4,1789816939.333,1789816939.348,1789816939.351,1789816939.357,1789816939.357,1789816939.365,32.29
2026-09-19 16:52:19.430,onvif-e9b03eab-61a3-46bd-9f42-888fd59ddbc4,1789816939.409,1789816939.415,1789816939.420,1789816939.422,1789816939.422,1789816939.431,21.54
2026-09-19 16:52:19.500,onvif-e9b03eab-61a3-46bd-9f42-888fd59ddbc4,1789816939.471,1789816939.482,1789816939.485,1789816939.487,1789816939.487,1789816939.500,29.52
2026-09-19 16:52:19.564,onvif-e9b03eab-61a3-46bd-9f42-888fd59ddbc4,1789816939.529,1789816939.549,1789816939.552,1789816939.557,1789816939.557,1789816939.565,35.39
2026-09-19 16:52:19.620,onvif-e9b03eab-61a3-46bd-9f42-888fd59ddbc4,1789816939.600,1789816939.603,1789816939.606,1789816939.610,1789816939.610,1789816939.620,19.89
2026-09-19 16:52:19.687,onvif-e9b03eab-61a3-46bd-9f42-888fd59ddbc4,1789816939.669,1789816939.675,1789816939.679,1789816939.681,1789816939.681,1789816939.687,18.25
2026-09-19 16:52:19.760,onvif-e9b03eab-61a3-46bd-9f42-888fd59ddbc4,1789816939.733,1789816939.742,1789816939.748,1789816939.752,1789816939.752,1789816939.761,28.46
2026-09-19 16:52:19.826,onvif-e9b03eab-61a3-46bd-9f42-888fd59ddbc4,1789816939.803,1789816939.809,1789816939.813,1789816939.816,1789816939.817,1789816939.827,23.54
2026-09-19 16:52:19.888,onvif-e9b03eab-61a3-46bd-9f42-888fd59ddbc4,1789816939.872,1789816939.876,1789816939.880,1789816939.882,1789816939.882,1789816939.889,16.68
2026-09-19 16:52:19.961,onvif-e9b03eab-61a3-46bd-9f42-888fd59ddbc4,1789816939.941,1789816939.945,1789816939.949,1789816939.952,1789816939.952,1789816939.962,20.20
2026-09-19 16:52:20.032,onvif-e9b03eab-61a3-46bd-9f42-888fd59ddbc4,1789816940.014,1789816940.017,1789816940.021,1789816940.024,1789816940.024,1789816940.032,18.34
2026-09-19 16:52:20.106,onvif-e9b03eab-61a3-46bd-9f42-888fd59ddbc4,1789816940.066,1789816940.084,1789816940.090,1789816940.095,1789816940.095,1789816940.107,40.99
2026-09-19 16:52:20.172,onvif-e9b03eab-61a3-46bd-9f42-888fd59ddbc4,1789816940.136,1789816940.151,1789816940.155,1789816940.160,1789816940.160,1789816940.173,36.36
2026-09-19 16:52:20.235,onvif-e9b03eab-61a3-46bd-9f42-888fd59ddbc4,1789816940.200,1789816940.218,1789816940.223,1789816940.227,1789816940.227,1789816940.236,36.00
2026-09-19 16:52:20.365,onvif-e9b03eab-61a3-46bd-9f42-888fd59ddbc4,1789816940.303,1789816940.306,1789816940.311,1789816940.314,1789816940.314,1789816940.366,62.87
2026-09-19 16:52:20.402,onvif-e9b03eab-61a3-46bd-9f42-888fd59ddbc4,1789816940.361,1789816940.373,1789816940.377,1789816940.381,1789816940.381,1789816940.403,41.97
2026-09-19 16:52:20.460,onvif-e9b03eab-61a3-46bd-9f42-888fd59ddbc4,1789816940.442,1789816940.445,1789816940.448,1789816940.453,1789816940.454,1789816940.461,18.79
2026-09-19 16:52:20.536,onvif-e9b03eab-61a3-46bd-9f42-888fd59ddbc4,1789816940.506,1789816940.512,1789816940.518,1789816940.524,1789816940.524,1789816940.536,29.89
2026-09-19 16:52:20.659,onvif-e9b03eab-61a3-46bd-9f42-888fd59ddbc4,1789816940.637,1789816940.641,1789816940.644,1789816940.649,1789816940.649,1789816940.660,23.05
2026-09-19 16:52:20.722,onvif-e9b03eab-61a3-46bd-9f42-888fd59ddbc4,1789816940.677,1789816940.708,1789816940.712,1789816940.716,1789816940.716,1789816940.723,45.76
2026-09-19 16:52:20.792,onvif-e9b03eab-61a3-46bd-9f42-888fd59ddbc4,1789816940.765,1789816940.775,1789816940.781,1789816940.783,1789816940.783,1789816940.792,27.17
2026-09-19 16:52:20.885,onvif-e9b03eab-61a3-46bd-9f42-888fd59ddbc4,1789816940.861,1789816940.862,1789816940.867,1789816940.871,1789816940.871,1789816940.885,23.69
2026-09-19 16:52:20.933,onvif-e9b03eab-61a3-46bd-9f42-888fd59ddbc4,1789816940.911,1789816940.916,1789816940.921,1789816940.925,1789816940.925,1789816940.934,22.52
2026-09-19 16:52:21.004,onvif-e9b03eab-61a3-46bd-9f42-888fd59ddbc4,1789816940.967,1789816940.983,1789816940.988,1789816940.992,1789816940.992,1789816941.005,38.07
2026-09-19 16:52:21.068,onvif-e9b03eab-61a3-46bd-9f42-888fd59ddbc4,1789816941.046,1789816941.050,1789816941.055,1789816941.059,1789816941.059,1789816941.068,22.45
2026-09-19 16:52:21.157,onvif-e9b03eab-61a3-46bd-9f42-888fd59ddbc4,1789816941.143,1789816941.143,1789816941.146,1789816941.151,1789816941.151,1789816941.158,14.79
2026-09-19 16:52:21.236,onvif-e9b03eab-61a3-46bd-9f42-888fd59ddbc4,1789816941.203,1789816941.215,1789816941.219,1789816941.223,1789816941.223,1789816941.237,33.74
2026-09-19 16:52:21.296,onvif-e9b03eab-61a3-46bd-9f42-888fd59ddbc4,1789816941.267,1789816941.282,1789816941.286,1789816941.290,1789816941.290,1789816941.297,29.41
2026-09-19 16:52:21.378,onvif-e9b03eab-61a3-46bd-9f42-888fd59ddbc4,1789816941.359,1789816941.359,1789816941.363,1789816941.367,1789816941.367,1789816941.378,19.61
2026-09-19 16:52:21.462,onvif-e9b03eab-61a3-46bd-9f42-888fd59ddbc4,1789816941.443,1789816941.447,1789816941.451,1789816941.455,1789816941.455,1789816941.463,20.10
2026-09-19 16:52:21.535,onvif-e9b03eab-61a3-46bd-9f42-888fd59ddbc4,1789816941.514,1789816941.519,1789816941.524,1789816941.527,1789816941.527,1789816941.536,21.68
2026-09-19 16:52:21.605,onvif-e9b03eab-61a3-46bd-9f42-888fd59ddbc4,1789816941.575,1789816941.586,1789816941.589,1789816941.593,1789816941.593,1789816941.606,30.95
2026-09-19 16:52:21.688,onvif-e9b03eab-61a3-46bd-9f42-888fd59ddbc4,1789816941.672,1789816941.673,1789816941.676,1789816941.682,1789816941.682,1789816941.689,16.83
2026-09-19 16:52:21.769,onvif-e9b03eab-61a3-46bd-9f42-888fd59ddbc4,1789816941.748,1789816941.750,1789816941.756,1789816941.759,1789816941.759,1789816941.769,20.93
2026-09-19 16:52:21.840,onvif-e9b03eab-61a3-46bd-9f42-888fd59ddbc4,1789816941.819,1789816941.820,1789816941.823,1789816941.829,1789816941.829,1789816941.841,21.13
2026-09-19 16:52:21.904,onvif-e9b03eab-61a3-46bd-9f42-888fd59ddbc4,1789816941.864,1789816941.887,1789816941.891,1789816941.897,1789816941.897,1789816941.905,41.23
2026-09-19 16:52:21.974,onvif-e9b03eab-61a3-46bd-9f42-888fd59ddbc4,1789816941.926,1789816941.954,1789816941.960,1789816941.963,1789816941.963,1789816941.974,48.11
2026-09-19 16:52:22.038,onvif-e9b03eab-61a3-46bd-9f42-888fd59ddbc4,1789816942.004,1789816942.021,1789816942.024,1789816942.031,1789816942.031,1789816942.039,34.77
2026-09-19 16:52:22.107,onvif-e9b03eab-61a3-46bd-9f42-888fd59ddbc4,1789816942.070,1789816942.088,1789816942.093,1789816942.097,1789816942.097,1789816942.108,37.42
2026-09-19 16:52:22.201,onvif-e9b03eab-61a3-46bd-9f42-888fd59ddbc4,1789816942.176,1789816942.180,1789816942.184,1789816942.190,1789816942.190,1789816942.201,24.79
2026-09-19 16:52:22.271,onvif-e9b03eab-61a3-46bd-9f42-888fd59ddbc4,1789816942.249,1789816942.252,1789816942.256,1789816942.263,1789816942.263,1789816942.272,22.86
2026-09-19 16:52:22.337,onvif-e9b03eab-61a3-46bd-9f42-888fd59ddbc4,1789816942.306,1789816942.319,1789816942.325,1789816942.329,1789816942.329,1789816942.338,31.47
2026-09-19 16:52:22.390,onvif-e9b03eab-61a3-46bd-9f42-888fd59ddbc4,1789816942.369,1789816942.373,1789816942.377,1789816942.384,1789816942.384,1789816942.390,21.22
2026-09-19 16:52:22.458,onvif-e9b03eab-61a3-46bd-9f42-888fd59ddbc4,1789816942.427,1789816942.440,1789816942.446,1789816942.450,1789816942.450,1789816942.459,31.17
2026-09-19 16:52:22.523,onvif-e9b03eab-61a3-46bd-9f42-888fd59ddbc4,1789816942.503,1789816942.507,1789816942.511,1789816942.517,1789816942.517,1789816942.523,20.67
2026-09-19 16:52:22.595,onvif-e9b03eab-61a3-46bd-9f42-888fd59ddbc4,1789816942.575,1789816942.579,1789816942.585,1789816942.587,1789816942.587,1789816942.596,21.03
2026-09-19 16:52:22.655,onvif-e9b03eab-61a3-46bd-9f42-888fd59ddbc4,1789816942.637,1789816942.638,1789816942.642,1789816942.648,1789816942.648,1789816942.656,18.61
2026-09-19 16:52:22.726,onvif-e9b03eab-61a3-46bd-9f42-888fd59ddbc4,1789816942.700,1789816942.705,1789816942.709,1789816942.715,1789816942.715,1789816942.727,26.49
2026-09-19 16:52:22.788,onvif-e9b03eab-61a3-46bd-9f42-888fd59ddbc4,1789816942.770,1789816942.772,1789816942.776,1789816942.782,1789816942.782,1789816942.788,18.35
2026-09-19 16:52:22.887,onvif-e9b03eab-61a3-46bd-9f42-888fd59ddbc4,1789816942.867,1789816942.870,1789816942.874,1789816942.879,1789816942.879,1789816942.888,21.47
2026-09-19 16:52:22.957,onvif-e9b03eab-61a3-46bd-9f42-888fd59ddbc4,1789816942.933,1789816942.937,1789816942.940,1789816942.945,1789816942.945,1789816942.957,24.53
2026-09-19 16:52:23.032,onvif-e9b03eab-61a3-46bd-9f42-888fd59ddbc4,1789816943.003,1789816943.014,1789816943.019,1789816943.022,1789816943.022,1789816943.032,29.31
2026-09-19 16:52:23.109,onvif-e9b03eab-61a3-46bd-9f42-888fd59ddbc4,1789816943.064,1789816943.081,1789816943.086,1789816943.088,1789816943.099,1789816943.110,45.83
2026-09-19 16:52:23.119,onvif-e9b03eab-61a3-46bd-9f42-888fd59ddbc4,1789816943.037,1789816943.047,1789816943.051,1789816943.055,1789816943.055,1789816943.119,82.07
2026-09-19 16:52:23.190,onvif-e9b03eab-61a3-46bd-9f42-888fd59ddbc4,1789816943.167,1789816943.173,1789816943.177,1789816943.179,1789816943.179,1789816943.191,24.03
2026-09-19 16:52:23.255,onvif-e9b03eab-61a3-46bd-9f42-888fd59ddbc4,1789816943.232,1789816943.240,1789816943.244,1789816943.249,1789816943.249,1789816943.255,23.09
2026-09-19 16:52:23.326,onvif-e9b03eab-61a3-46bd-9f42-888fd59ddbc4,1789816943.296,1789816943.307,1789816943.310,1789816943.314,1789816943.314,1789816943.326,30.03
2026-09-19 16:52:23.378,onvif-e9b03eab-61a3-46bd-9f42-888fd59ddbc4,1789816943.365,1789816943.366,1789816943.370,1789816943.373,1789816943.373,1789816943.378,13.34
2026-09-19 16:52:23.458,onvif-e9b03eab-61a3-46bd-9f42-888fd59ddbc4,1789816943.435,1789816943.438,1789816943.442,1789816943.447,1789816943.448,1789816943.459,23.85
2026-09-19 16:52:23.523,onvif-e9b03eab-61a3-46bd-9f42-888fd59ddbc4,1789816943.499,1789816943.505,1789816943.509,1789816943.513,1789816943.513,1789816943.523,24.08
2026-09-19 16:52:23.596,onvif-e9b03eab-61a3-46bd-9f42-888fd59ddbc4,1789816943.567,1789816943.577,1789816943.583,1789816943.588,1789816943.589,1789816943.597,29.69
2026-09-19 16:52:23.649,onvif-e9b03eab-61a3-46bd-9f42-888fd59ddbc4,1789816943.632,1789816943.637,1789816943.640,1789816943.644,1789816943.644,1789816943.650,18.11
2026-09-19 16:52:23.723,onvif-e9b03eab-61a3-46bd-9f42-888fd59ddbc4,1789816943.701,1789816943.704,1789816943.709,1789816943.714,1789816943.714,1789816943.723,22.09
2026-09-19 16:52:23.792,onvif-e9b03eab-61a3-46bd-9f42-888fd59ddbc4,1789816943.760,1789816943.771,1789816943.775,1789816943.779,1789816943.779,1789816943.792,32.00
2026-09-19 16:52:23.841,onvif-e9b03eab-61a3-46bd-9f42-888fd59ddbc4,1789816943.811,1789816943.815,1789816943.822,1789816943.826,1789816943.830,1789816943.842,30.47
2026-09-19 16:52:23.925,onvif-e9b03eab-61a3-46bd-9f42-888fd59ddbc4,1789816943.906,1789816943.908,1789816943.911,1789816943.915,1789816943.915,1789816943.926,19.73
2026-09-19 16:52:24.011,onvif-e9b03eab-61a3-46bd-9f42-888fd59ddbc4,1789816944.000,1789816944.000,1789816944.004,1789816944.005,1789816944.005,1789816944.012,11.78
2026-09-19 16:52:24.085,onvif-e9b03eab-61a3-46bd-9f42-888fd59ddbc4,1789816944.064,1789816944.067,1789816944.073,1789816944.075,1789816944.075,1789816944.085,21.54
2026-09-19 16:52:24.154,onvif-e9b03eab-61a3-46bd-9f42-888fd59ddbc4,1789816944.136,1789816944.136,1789816944.141,1789816944.145,1789816944.145,1789816944.154,18.14
2026-09-19 16:52:24.216,onvif-e9b03eab-61a3-46bd-9f42-888fd59ddbc4,1789816944.201,1789816944.203,1789816944.207,1789816944.210,1789816944.210,1789816944.216,15.71
2026-09-19 16:52:24.295,onvif-e9b03eab-61a3-46bd-9f42-888fd59ddbc4,1789816944.265,1789816944.275,1789816944.281,1789816944.285,1789816944.285,1789816944.295,30.18
2026-09-19 16:52:24.386,onvif-e9b03eab-61a3-46bd-9f42-888fd59ddbc4,1789816944.364,1789816944.368,1789816944.371,1789816944.377,1789816944.377,1789816944.386,22.35
2026-09-19 16:52:24.461,onvif-e9b03eab-61a3-46bd-9f42-888fd59ddbc4,1789816944.438,1789816944.450,1789816944.454,1789816944.457,1789816944.457,1789816944.462,23.77
2026-09-19 16:52:24.536,onvif-e9b03eab-61a3-46bd-9f42-888fd59ddbc4,1789816944.505,1789816944.517,1789816944.522,1789816944.529,1789816944.529,1789816944.537,31.99
2026-09-19 16:52:24.594,onvif-e9b03eab-61a3-46bd-9f42-888fd59ddbc4,1789816944.577,1789816944.584,1789816944.587,1789816944.588,1789816944.588,1789816944.595,18.14
2026-09-19 16:52:24.660,onvif-e9b03eab-61a3-46bd-9f42-888fd59ddbc4,1789816944.635,1789816944.638,1789816944.642,1789816944.647,1789816944.647,1789816944.660,25.09
2026-09-19 16:52:24.725,onvif-e9b03eab-61a3-46bd-9f42-888fd59ddbc4,1789816944.704,1789816944.711,1789816944.714,1789816944.717,1789816944.717,1789816944.725,20.74
2026-09-19 16:52:24.801,onvif-e9b03eab-61a3-46bd-9f42-888fd59ddbc4,1789816944.776,1789816944.783,1789816944.788,1789816944.793,1789816944.793,1789816944.801,25.30
2026-09-19 16:52:24.900,onvif-e9b03eab-61a3-46bd-9f42-888fd59ddbc4,1789816944.882,1789816944.885,1789816944.888,1789816944.890,1789816944.890,1789816944.900,18.25
2026-09-19 16:52:24.972,onvif-e9b03eab-61a3-46bd-9f42-888fd59ddbc4,1789816944.938,1789816944.957,1789816944.961,1789816944.966,1789816944.966,1789816944.972,34.51
2026-09-19 16:52:25.043,onvif-e9b03eab-61a3-46bd-9f42-888fd59ddbc4,1789816944.993,1789816945.024,1789816945.030,1789816945.031,1789816945.031,1789816945.044,50.63
2026-09-19 16:52:25.109,onvif-e9b03eab-61a3-46bd-9f42-888fd59ddbc4,1789816945.066,1789816945.091,1789816945.095,1789816945.097,1789816945.097,1789816945.110,43.91
2026-09-19 16:52:25.182,onvif-e9b03eab-61a3-46bd-9f42-888fd59ddbc4,1789816945.161,1789816945.169,1789816945.172,1789816945.177,1789816945.177,1789816945.183,21.82
2026-09-19 16:52:25.276,onvif-e9b03eab-61a3-46bd-9f42-888fd59ddbc4,1789816945.261,1789816945.262,1789816945.264,1789816945.268,1789816945.268,1789816945.276,15.21
2026-09-19 16:52:25.337,onvif-e9b03eab-61a3-46bd-9f42-888fd59ddbc4,1789816945.318,1789816945.321,1789816945.325,1789816945.328,1789816945.328,1789816945.338,20.24
2026-09-19 16:52:25.405,onvif-e9b03eab-61a3-46bd-9f42-888fd59ddbc4,1789816945.366,1789816945.388,1789816945.392,1789816945.398,1789816945.398,1789816945.405,39.11
2026-09-19 16:52:25.473,onvif-e9b03eab-61a3-46bd-9f42-888fd59ddbc4,1789816945.435,1789816945.455,1789816945.458,1789816945.463,1789816945.464,1789816945.474,38.13
2026-09-19 16:52:26.827,onvif-e9b03eab-61a3-46bd-9f42-888fd59ddbc4,1789816946.787,1789816946.791,1789816946.798,1789816946.808,1789816946.808,1789816946.828,41.18
2026-09-19 16:52:26.925,onvif-e9b03eab-61a3-46bd-9f42-888fd59ddbc4,1789816946.854,1789816946.859,1789816946.872,1789816946.879,1789816946.879,1789816946.925,71.55
2026-09-19 16:52:26.978,onvif-e9b03eab-61a3-46bd-9f42-888fd59ddbc4,1789816946.922,1789816946.926,1789816946.938,1789816946.944,1789816946.944,1789816946.979,57.14
2026-09-19 16:52:27.041,onvif-e9b03eab-61a3-46bd-9f42-888fd59ddbc4,1789816946.987,1789816946.998,1789816947.006,1789816947.009,1789816947.009,1789816947.042,54.33
2026-09-19 16:52:27.123,onvif-e9b03eab-61a3-46bd-9f42-888fd59ddbc4,1789816947.069,1789816947.076,1789816947.083,1789816947.089,1789816947.090,1789816947.123,53.74
2026-09-19 16:52:27.196,onvif-e9b03eab-61a3-46bd-9f42-888fd59ddbc4,1789816947.137,1789816947.143,1789816947.155,1789816947.160,1789816947.160,1789816947.197,59.97
2026-09-19 16:52:27.246,onvif-e9b03eab-61a3-46bd-9f42-888fd59ddbc4,1789816947.192,1789816947.210,1789816947.222,1789816947.225,1789816947.225,1789816947.246,54.68
2026-09-19 16:52:27.320,onvif-e9b03eab-61a3-46bd-9f42-888fd59ddbc4,1789816947.276,1789816947.278,1789816947.290,1789816947.296,1789816947.296,1789816947.321,44.97
2026-09-19 16:52:27.396,onvif-e9b03eab-61a3-46bd-9f42-888fd59ddbc4,1789816947.353,1789816947.355,1789816947.366,1789816947.374,1789816947.374,1789816947.396,43.46
2026-09-19 16:52:27.479,onvif-e9b03eab-61a3-46bd-9f42-888fd59ddbc4,1789816947.423,1789816947.427,1789816947.440,1789816947.445,1789816947.446,1789816947.479,55.98
2026-09-19 16:52:27.551,onvif-e9b03eab-61a3-46bd-9f42-888fd59ddbc4,1789816947.509,1789816947.510,1789816947.518,1789816947.522,1789816947.522,1789816947.552,42.81
2026-09-19 16:52:27.624,onvif-e9b03eab-61a3-46bd-9f42-888fd59ddbc4,1789816947.571,1789816947.577,1789816947.583,1789816947.586,1789816947.586,1789816947.624,52.83
2026-09-19 16:52:27.687,onvif-e9b03eab-61a3-46bd-9f42-888fd59ddbc4,1789816947.640,1789816947.652,1789816947.657,1789816947.661,1789816947.661,1789816947.688,48.14
2026-09-19 16:52:27.755,onvif-e9b03eab-61a3-46bd-9f42-888fd59ddbc4,1789816947.704,1789816947.719,1789816947.727,1789816947.729,1789816947.729,1789816947.756,51.19
2026-09-19 16:52:27.799,onvif-e9b03eab-61a3-46bd-9f42-888fd59ddbc4,1789816947.775,1789816947.775,1789816947.779,1789816947.781,1789816947.781,1789816947.800,24.81
2026-09-19 16:52:27.911,onvif-e9b03eab-61a3-46bd-9f42-888fd59ddbc4,1789816947.844,1789816947.852,1789816947.861,1789816947.866,1789816947.867,1789816947.912,67.72
2026-09-19 16:52:27.969,onvif-e9b03eab-61a3-46bd-9f42-888fd59ddbc4,1789816947.905,1789816947.919,1789816947.925,1789816947.930,1789816947.930,1789816947.969,63.93
2026-09-19 16:52:28.047,onvif-e9b03eab-61a3-46bd-9f42-888fd59ddbc4,1789816948.011,1789816948.012,1789816948.024,1789816948.027,1789816948.027,1789816948.048,36.95
2026-09-19 16:52:28.109,onvif-e9b03eab-61a3-46bd-9f42-888fd59ddbc4,1789816948.079,1789816948.090,1789816948.095,1789816948.100,1789816948.100,1789816948.110,30.65
2026-09-19 16:52:28.175,onvif-e9b03eab-61a3-46bd-9f42-888fd59ddbc4,1789816948.143,1789816948.157,1789816948.161,1789816948.166,1789816948.166,1789816948.175,32.60
2026-09-19 16:52:28.237,onvif-e9b03eab-61a3-46bd-9f42-888fd59ddbc4,1789816948.208,1789816948.224,1789816948.228,1789816948.232,1789816948.232,1789816948.238,29.29
2026-09-19 16:52:28.340,onvif-e9b03eab-61a3-46bd-9f42-888fd59ddbc4,1789816948.324,1789816948.327,1789816948.331,1789816948.334,1789816948.334,1789816948.341,17.39
2026-09-19 16:52:28.429,onvif-e9b03eab-61a3-46bd-9f42-888fd59ddbc4,1789816948.396,1789816948.410,1789816948.416,1789816948.421,1789816948.421,1789816948.429,33.02
2026-09-19 16:52:28.526,onvif-e9b03eab-61a3-46bd-9f42-888fd59ddbc4,1789816948.507,1789816948.507,1789816948.511,1789816948.515,1789816948.515,1789816948.527,19.46
2026-09-19 16:52:28.587,onvif-e9b03eab-61a3-46bd-9f42-888fd59ddbc4,1789816948.563,1789816948.574,1789816948.578,1789816948.581,1789816948.581,1789816948.588,25.01
2026-09-19 16:52:28.671,onvif-e9b03eab-61a3-46bd-9f42-888fd59ddbc4,1789816948.655,1789816948.656,1789816948.661,1789816948.663,1789816948.663,1789816948.672,17.19
2026-09-19 16:52:28.740,onvif-e9b03eab-61a3-46bd-9f42-888fd59ddbc4,1789816948.700,1789816948.723,1789816948.727,1789816948.729,1789816948.729,1789816948.741,40.36
2026-09-19 16:52:28.796,onvif-e9b03eab-61a3-46bd-9f42-888fd59ddbc4,1789816948.775,1789816948.777,1789816948.782,1789816948.789,1789816948.789,1789816948.796,21.19
2026-09-19 16:52:28.869,onvif-e9b03eab-61a3-46bd-9f42-888fd59ddbc4,1789816948.835,1789816948.849,1789816948.852,1789816948.856,1789816948.856,1789816948.869,34.60
2026-09-19 16:52:28.935,onvif-e9b03eab-61a3-46bd-9f42-888fd59ddbc4,1789816948.921,1789816948.921,1789816948.925,1789816948.928,1789816948.928,1789816948.936,14.82
2026-09-19 16:52:29.018,onvif-e9b03eab-61a3-46bd-9f42-888fd59ddbc4,1789816949.001,1789816949.004,1789816949.008,1789816949.010,1789816949.010,1789816949.018,16.54
2026-09-19 16:52:29.097,onvif-e9b03eab-61a3-46bd-9f42-888fd59ddbc4,1789816949.073,1789816949.076,1789816949.080,1789816949.086,1789816949.087,1789816949.098,24.28
2026-09-19 16:52:29.160,onvif-e9b03eab-61a3-46bd-9f42-888fd59ddbc4,1789816949.139,1789816949.143,1789816949.147,1789816949.153,1789816949.153,1789816949.161,21.40
2026-09-19 16:52:29.229,onvif-e9b03eab-61a3-46bd-9f42-888fd59ddbc4,1789816949.196,1789816949.210,1789816949.214,1789816949.219,1789816949.219,1789816949.229,33.69
2026-09-19 16:52:29.290,onvif-e9b03eab-61a3-46bd-9f42-888fd59ddbc4,1789816949.273,1789816949.274,1789816949.278,1789816949.284,1789816949.284,1789816949.291,17.38
2026-09-19 16:52:29.359,onvif-e9b03eab-61a3-46bd-9f42-888fd59ddbc4,1789816949.340,1789816949.341,1789816949.345,1789816949.350,1789816949.350,1789816949.360,19.61
2026-09-19 16:52:29.444,onvif-e9b03eab-61a3-46bd-9f42-888fd59ddbc4,1789816949.419,1789816949.423,1789816949.427,1789816949.433,1789816949.433,1789816949.444,25.66
2026-09-19 16:52:29.521,onvif-e9b03eab-61a3-46bd-9f42-888fd59ddbc4,1789816949.496,1789816949.498,1789816949.503,1789816949.509,1789816949.509,1789816949.522,25.21
2026-09-19 16:52:29.623,onvif-e9b03eab-61a3-46bd-9f42-888fd59ddbc4,1789816949.592,1789816949.595,1789816949.601,1789816949.607,1789816949.607,1789816949.623,31.31
2026-09-19 16:52:29.688,onvif-e9b03eab-61a3-46bd-9f42-888fd59ddbc4,1789816949.631,1789816949.662,1789816949.669,1789816949.675,1789816949.675,1789816949.688,57.60
2026-09-19 16:52:29.795,onvif-e9b03eab-61a3-46bd-9f42-888fd59ddbc4,1789816949.776,1789816949.776,1789816949.780,1789816949.783,1789816949.783,1789816949.795,19.33
2026-09-19 16:52:29.861,onvif-e9b03eab-61a3-46bd-9f42-888fd59ddbc4,1789816949.840,1789816949.843,1789816949.848,1789816949.854,1789816949.854,1789816949.862,21.81
2026-09-19 16:52:29.942,onvif-e9b03eab-61a3-46bd-9f42-888fd59ddbc4,1789816949.919,1789816949.921,1789816949.924,1789816949.931,1789816949.931,1789816949.943,23.63
2026-09-19 16:52:30.024,onvif-e9b03eab-61a3-46bd-9f42-888fd59ddbc4,1789816950.007,1789816950.008,1789816950.013,1789816950.019,1789816950.019,1789816950.025,17.20
2026-09-19 16:52:30.103,onvif-e9b03eab-61a3-46bd-9f42-888fd59ddbc4,1789816950.071,1789816950.080,1789816950.086,1789816950.091,1789816950.091,1789816950.103,32.37
2026-09-19 16:52:30.180,onvif-e9b03eab-61a3-46bd-9f42-888fd59ddbc4,1789816950.153,1789816950.157,1789816950.161,1789816950.167,1789816950.167,1789816950.180,27.56
2026-09-19 16:52:30.242,onvif-e9b03eab-61a3-46bd-9f42-888fd59ddbc4,1789816950.202,1789816950.224,1789816950.229,1789816950.234,1789816950.234,1789816950.242,39.98
2026-09-19 16:52:30.325,onvif-e9b03eab-61a3-46bd-9f42-888fd59ddbc4,1789816950.298,1789816950.301,1789816950.308,1789816950.312,1789816950.312,1789816950.326,27.52
2026-09-19 16:52:30.399,onvif-e9b03eab-61a3-46bd-9f42-888fd59ddbc4,1789816950.375,1789816950.379,1789816950.383,1789816950.389,1789816950.389,1789816950.399,24.21
2026-09-19 16:52:30.461,onvif-e9b03eab-61a3-46bd-9f42-888fd59ddbc4,1789816950.429,1789816950.446,1789816950.450,1789816950.455,1789816950.455,1789816950.461,32.01
2026-09-19 16:52:30.526,onvif-e9b03eab-61a3-46bd-9f42-888fd59ddbc4,1789816950.503,1789816950.506,1789816950.509,1789816950.514,1789816950.514,1789816950.527,24.01
2026-09-19 16:52:30.593,onvif-e9b03eab-61a3-46bd-9f42-888fd59ddbc4,1789816950.575,1789816950.579,1789816950.582,1789816950.586,1789816950.586,1789816950.594,19.02
2026-09-19 16:52:30.661,onvif-e9b03eab-61a3-46bd-9f42-888fd59ddbc4,1789816950.639,1789816950.643,1789816950.646,1789816950.650,1789816950.650,1789816950.662,22.51
2026-09-19 16:52:30.724,onvif-e9b03eab-61a3-46bd-9f42-888fd59ddbc4,1789816950.709,1789816950.710,1789816950.714,1789816950.716,1789816950.716,1789816950.724,14.85
2026-09-19 16:52:30.806,onvif-e9b03eab-61a3-46bd-9f42-888fd59ddbc4,1789816950.785,1789816950.787,1789816950.791,1789816950.798,1789816950.798,1789816950.806,21.53
2026-09-19 16:52:30.892,onvif-e9b03eab-61a3-46bd-9f42-888fd59ddbc4,1789816950.869,1789816950.874,1789816950.878,1789816950.880,1789816950.880,1789816950.893,23.44
2026-09-19 16:52:30.942,onvif-e9b03eab-61a3-46bd-9f42-888fd59ddbc4,1789816950.918,1789816950.923,1789816950.928,1789816950.934,1789816950.934,1789816950.943,24.34
2026-09-19 16:52:30.998,onvif-e9b03eab-61a3-46bd-9f42-888fd59ddbc4,1789816950.979,1789816950.982,1789816950.987,1789816950.988,1789816950.988,1789816950.998,19.43
2026-09-19 16:52:31.050,onvif-e9b03eab-61a3-46bd-9f42-888fd59ddbc4,1789816951.032,1789816951.036,1789816951.041,1789816951.043,1789816951.043,1789816951.050,18.55
2026-09-19 16:52:31.133,onvif-e9b03eab-61a3-46bd-9f42-888fd59ddbc4,1789816951.111,1789816951.113,1789816951.117,1789816951.124,1789816951.124,1789816951.134,22.53
2026-09-19 16:52:31.205,onvif-e9b03eab-61a3-46bd-9f42-888fd59ddbc4,1789816951.189,1789816951.191,1789816951.194,1789816951.196,1789816951.196,1789816951.205,16.66
2026-09-19 16:52:31.310,onvif-e9b03eab-61a3-46bd-9f42-888fd59ddbc4,1789816951.286,1789816951.289,1789816951.293,1789816951.299,1789816951.299,1789816951.311,24.90
2026-09-19 16:52:31.374,onvif-e9b03eab-61a3-46bd-9f42-888fd59ddbc4,1789816951.350,1789816951.355,1789816951.360,1789816951.366,1789816951.366,1789816951.375,25.07
2026-09-19 16:52:31.458,onvif-e9b03eab-61a3-46bd-9f42-888fd59ddbc4,1789816951.431,1789816951.433,1789816951.439,1789816951.443,1789816951.443,1789816951.458,27.81
2026-09-19 16:52:31.536,onvif-e9b03eab-61a3-46bd-9f42-888fd59ddbc4,1789816951.496,1789816951.510,1789816951.516,1789816951.523,1789816951.523,1789816951.536,40.17
2026-09-19 16:52:31.603,onvif-e9b03eab-61a3-46bd-9f42-888fd59ddbc4,1789816951.573,1789816951.582,1789816951.586,1789816951.589,1789816951.589,1789816951.604,30.45
2026-09-19 16:52:31.657,onvif-e9b03eab-61a3-46bd-9f42-888fd59ddbc4,1789816951.639,1789816951.641,1789816951.645,1789816951.650,1789816951.650,1789816951.658,18.37
2026-09-19 16:52:31.731,onvif-e9b03eab-61a3-46bd-9f42-888fd59ddbc4,1789816951.712,1789816951.713,1789816951.717,1789816951.722,1789816951.722,1789816951.731,19.59
2026-09-19 16:52:31.857,onvif-e9b03eab-61a3-46bd-9f42-888fd59ddbc4,1789816951.833,1789816951.836,1789816951.840,1789816951.845,1789816951.845,1789816951.858,24.59
2026-09-19 16:52:31.934,onvif-e9b03eab-61a3-46bd-9f42-888fd59ddbc4,1789816951.914,1789816951.919,1789816951.923,1789816951.928,1789816951.928,1789816951.935,20.13
2026-09-19 16:52:32.007,onvif-e9b03eab-61a3-46bd-9f42-888fd59ddbc4,1789816951.974,1789816951.986,1789816951.990,1789816951.995,1789816951.995,1789816952.008,33.74
2026-09-19 16:52:32.093,onvif-e9b03eab-61a3-46bd-9f42-888fd59ddbc4,1789816952.070,1789816952.073,1789816952.077,1789816952.082,1789816952.082,1789816952.094,23.74
2026-09-19 16:52:32.157,onvif-e9b03eab-61a3-46bd-9f42-888fd59ddbc4,1789816952.132,1789816952.140,1789816952.144,1789816952.148,1789816952.148,1789816952.158,25.64
2026-09-19 16:52:32.258,onvif-e9b03eab-61a3-46bd-9f42-888fd59ddbc4,1789816952.243,1789816952.243,1789816952.248,1789816952.250,1789816952.251,1789816952.259,16.08
2026-09-19 16:52:32.336,onvif-e9b03eab-61a3-46bd-9f42-888fd59ddbc4,1789816952.299,1789816952.316,1789816952.321,1789816952.327,1789816952.327,1789816952.336,37.80
2026-09-19 16:52:32.398,onvif-e9b03eab-61a3-46bd-9f42-888fd59ddbc4,1789816952.378,1789816952.382,1789816952.386,1789816952.388,1789816952.388,1789816952.398,19.84
2026-09-19 16:52:32.470,onvif-e9b03eab-61a3-46bd-9f42-888fd59ddbc4,1789816952.448,1789816952.452,1789816952.456,1789816952.463,1789816952.463,1789816952.470,21.69
2026-09-19 16:52:32.543,onvif-e9b03eab-61a3-46bd-9f42-888fd59ddbc4,1789816952.520,1789816952.524,1789816952.529,1789816952.535,1789816952.535,1789816952.543,22.75
2026-09-19 16:52:32.625,onvif-e9b03eab-61a3-46bd-9f42-888fd59ddbc4,1789816952.604,1789816952.606,1789816952.609,1789816952.613,1789816952.613,1789816952.626,21.45
2026-09-19 16:52:32.680,onvif-e9b03eab-61a3-46bd-9f42-888fd59ddbc4,1789816952.665,1789816952.665,1789816952.670,1789816952.672,1789816952.672,1789816952.681,15.84
2026-09-19 16:52:32.762,onvif-e9b03eab-61a3-46bd-9f42-888fd59ddbc4,1789816952.742,1789816952.743,1789816952.746,1789816952.749,1789816952.749,1789816952.762,20.16
2026-09-19 16:52:32.816,onvif-e9b03eab-61a3-46bd-9f42-888fd59ddbc4,1789816952.801,1789816952.802,1789816952.806,1789816952.810,1789816952.810,1789816952.817,16.14
2026-09-19 16:52:32.897,onvif-e9b03eab-61a3-46bd-9f42-888fd59ddbc4,1789816952.878,1789816952.879,1789816952.883,1789816952.886,1789816952.886,1789816952.897,18.93
2026-09-19 16:52:32.977,onvif-e9b03eab-61a3-46bd-9f42-888fd59ddbc4,1789816952.950,1789816952.962,1789816952.965,1789816952.968,1789816952.968,1789816952.977,26.98
2026-09-19 16:52:33.033,onvif-e9b03eab-61a3-46bd-9f42-888fd59ddbc4,1789816953.011,1789816953.016,1789816953.020,1789816953.023,1789816953.023,1789816953.033,22.24
2026-09-19 16:52:33.100,onvif-e9b03eab-61a3-46bd-9f42-888fd59ddbc4,1789816953.083,1789816953.083,1789816953.086,1789816953.089,1789816953.089,1789816953.100,17.71
2026-09-19 16:52:33.182,onvif-e9b03eab-61a3-46bd-9f42-888fd59ddbc4,1789816953.147,1789816953.160,1789816953.164,1789816953.170,1789816953.171,1789816953.182,35.35
2026-09-19 16:52:33.287,onvif-e9b03eab-61a3-46bd-9f42-888fd59ddbc4,1789816953.255,1789816953.257,1789816953.263,1789816953.268,1789816953.268,1789816953.287,32.00
2026-09-19 16:52:33.379,onvif-e9b03eab-61a3-46bd-9f42-888fd59ddbc4,1789816953.359,1789816953.360,1789816953.364,1789816953.367,1789816953.367,1789816953.379,20.10
2026-09-19 16:52:33.440,onvif-e9b03eab-61a3-46bd-9f42-888fd59ddbc4,1789816953.401,1789816953.427,1789816953.430,1789816953.433,1789816953.433,1789816953.440,39.44
2026-09-19 16:52:33.513,onvif-e9b03eab-61a3-46bd-9f42-888fd59ddbc4,1789816953.473,1789816953.494,1789816953.498,1789816953.500,1789816953.500,1789816953.513,40.47
2026-09-19 16:52:33.578,onvif-e9b03eab-61a3-46bd-9f42-888fd59ddbc4,1789816953.544,1789816953.561,1789816953.565,1789816953.572,1789816953.572,1789816953.579,34.89
2026-09-19 16:52:33.698,onvif-e9b03eab-61a3-46bd-9f42-888fd59ddbc4,1789816953.680,1789816953.684,1789816953.689,1789816953.691,1789816953.691,1789816953.698,18.29
2026-09-19 16:52:33.771,onvif-e9b03eab-61a3-46bd-9f42-888fd59ddbc4,1789816953.748,1789816953.751,1789816953.757,1789816953.763,1789816953.763,1789816953.771,23.08
2026-09-19 16:52:33.823,onvif-e9b03eab-61a3-46bd-9f42-888fd59ddbc4,1789816953.810,1789816953.810,1789816953.814,1789816953.817,1789816953.817,1789816953.824,13.79
2026-09-19 16:52:33.912,onvif-e9b03eab-61a3-46bd-9f42-888fd59ddbc4,1789816953.889,1789816953.892,1789816953.897,1789816953.904,1789816953.904,1789816953.912,23.00
2026-09-19 16:52:34.014,onvif-e9b03eab-61a3-46bd-9f42-888fd59ddbc4,1789816953.994,1789816953.995,1789816953.998,1789816954.002,1789816954.003,1789816954.015,20.66
2026-09-19 16:52:34.077,onvif-e9b03eab-61a3-46bd-9f42-888fd59ddbc4,1789816954.058,1789816954.062,1789816954.066,1789816954.069,1789816954.069,1789816954.078,20.09
2026-09-19 16:52:34.164,onvif-e9b03eab-61a3-46bd-9f42-888fd59ddbc4,1789816954.142,1789816954.144,1789816954.151,1789816954.156,1789816954.156,1789816954.165,23.03
2026-09-19 16:52:34.237,onvif-e9b03eab-61a3-46bd-9f42-888fd59ddbc4,1789816954.214,1789816954.219,1789816954.223,1789816954.227,1789816954.227,1789816954.238,23.44
2026-09-19 16:52:34.300,onvif-e9b03eab-61a3-46bd-9f42-888fd59ddbc4,1789816954.268,1789816954.286,1789816954.290,1789816954.293,1789816954.293,1789816954.301,33.00
2026-09-19 16:52:34.371,onvif-e9b03eab-61a3-46bd-9f42-888fd59ddbc4,1789816954.339,1789816954.353,1789816954.356,1789816954.359,1789816954.359,1789816954.371,32.00
2026-09-19 16:52:34.452,onvif-e9b03eab-61a3-46bd-9f42-888fd59ddbc4,1789816954.438,1789816954.440,1789816954.443,1789816954.446,1789816954.446,1789816954.453,14.37
2026-09-19 16:52:34.547,onvif-e9b03eab-61a3-46bd-9f42-888fd59ddbc4,1789816954.519,1789816954.523,1789816954.528,1789816954.535,1789816954.536,1789816954.547,28.46
2026-09-19 16:52:34.647,onvif-e9b03eab-61a3-46bd-9f42-888fd59ddbc4,1789816954.623,1789816954.625,1789816954.629,1789816954.633,1789816954.633,1789816954.647,24.42
2026-09-19 16:52:34.713,onvif-e9b03eab-61a3-46bd-9f42-888fd59ddbc4,1789816954.681,1789816954.697,1789816954.702,1789816954.707,1789816954.707,1789816954.714,32.64
2026-09-19 16:52:34.783,onvif-e9b03eab-61a3-46bd-9f42-888fd59ddbc4,1789816954.746,1789816954.764,1789816954.770,1789816954.773,1789816954.773,1789816954.784,38.17
2026-09-19 16:52:34.876,onvif-e9b03eab-61a3-46bd-9f42-888fd59ddbc4,1789816954.852,1789816954.857,1789816954.861,1789816954.867,1789816954.867,1789816954.877,24.41
2026-09-19 16:52:34.938,onvif-e9b03eab-61a3-46bd-9f42-888fd59ddbc4,1789816954.912,1789816954.916,1789816954.921,1789816954.926,1789816954.926,1789816954.938,25.99
2026-09-19 16:52:35.003,onvif-e9b03eab-61a3-46bd-9f42-888fd59ddbc4,1789816954.964,1789816954.983,1789816954.987,1789816954.993,1789816954.993,1789816955.003,39.46
2026-09-19 16:52:35.115,onvif-e9b03eab-61a3-46bd-9f42-888fd59ddbc4,1789816955.091,1789816955.092,1789816955.095,1789816955.101,1789816955.101,1789816955.116,25.35
2026-09-19 16:52:35.192,onvif-e9b03eab-61a3-46bd-9f42-888fd59ddbc4,1789816955.179,1789816955.179,1789816955.182,1789816955.185,1789816955.185,1789816955.192,13.40
2026-09-19 16:52:35.267,onvif-e9b03eab-61a3-46bd-9f42-888fd59ddbc4,1789816955.242,1789816955.246,1789816955.252,1789816955.258,1789816955.259,1789816955.267,25.42
2026-09-19 16:52:35.333,onvif-e9b03eab-61a3-46bd-9f42-888fd59ddbc4,1789816955.288,1789816955.313,1789816955.316,1789816955.321,1789816955.321,1789816955.334,45.29
2026-09-19 16:52:35.400,onvif-e9b03eab-61a3-46bd-9f42-888fd59ddbc4,1789816955.380,1789816955.385,1789816955.389,1789816955.394,1789816955.394,1789816955.400,20.08
2026-09-19 16:52:35.488,onvif-e9b03eab-61a3-46bd-9f42-888fd59ddbc4,1789816955.472,1789816955.473,1789816955.477,1789816955.481,1789816955.481,1789816955.489,17.29
2026-09-19 16:52:35.585,onvif-e9b03eab-61a3-46bd-9f42-888fd59ddbc4,1789816955.564,1789816955.565,1789816955.569,1789816955.573,1789816955.573,1789816955.585,21.59
2026-09-19 16:52:35.648,onvif-e9b03eab-61a3-46bd-9f42-888fd59ddbc4,1789816955.625,1789816955.632,1789816955.636,1789816955.639,1789816955.639,1789816955.648,23.50
2026-09-19 16:52:35.720,onvif-e9b03eab-61a3-46bd-9f42-888fd59ddbc4,1789816955.687,1789816955.699,1789816955.704,1789816955.710,1789816955.710,1789816955.720,33.36
2026-09-19 16:52:35.784,onvif-e9b03eab-61a3-46bd-9f42-888fd59ddbc4,1789816955.765,1789816955.766,1789816955.770,1789816955.773,1789816955.773,1789816955.785,19.91
2026-09-19 16:52:35.854,onvif-e9b03eab-61a3-46bd-9f42-888fd59ddbc4,1789816955.840,1789816955.841,1789816955.844,1789816955.848,1789816955.848,1789816955.855,15.04
2026-09-19 16:52:35.931,onvif-e9b03eab-61a3-46bd-9f42-888fd59ddbc4,1789816955.882,1789816955.908,1789816955.913,1789816955.919,1789816955.919,1789816955.932,50.25
2026-09-19 16:52:36.006,onvif-e9b03eab-61a3-46bd-9f42-888fd59ddbc4,1789816955.988,1789816955.990,1789816955.993,1789816955.997,1789816955.997,1789816956.006,18.13
2026-09-19 16:52:36.058,onvif-e9b03eab-61a3-46bd-9f42-888fd59ddbc4,1789816956.043,1789816956.044,1789816956.048,1789816956.051,1789816956.052,1789816956.059,15.33
2026-09-19 16:52:36.157,onvif-e9b03eab-61a3-46bd-9f42-888fd59ddbc4,1789816956.140,1789816956.142,1789816956.147,1789816956.150,1789816956.150,1789816956.157,17.40
2026-09-19 16:52:36.267,onvif-e9b03eab-61a3-46bd-9f42-888fd59ddbc4,1789816956.240,1789816956.245,1789816956.248,1789816956.254,1789816956.254,1789816956.268,27.23
2026-09-19 16:52:36.338,onvif-e9b03eab-61a3-46bd-9f42-888fd59ddbc4,1789816956.319,1789816956.322,1789816956.325,1789816956.331,1789816956.331,1789816956.339,20.02
2026-09-19 16:52:36.451,onvif-e9b03eab-61a3-46bd-9f42-888fd59ddbc4,1789816956.435,1789816956.435,1789816956.439,1789816956.445,1789816956.445,1789816956.451,16.55
2026-09-19 16:52:36.521,onvif-e9b03eab-61a3-46bd-9f42-888fd59ddbc4,1789816956.472,1789816956.502,1789816956.508,1789816956.513,1789816956.513,1789816956.521,49.51
2026-09-19 16:52:36.585,onvif-e9b03eab-61a3-46bd-9f42-888fd59ddbc4,1789816956.550,1789816956.569,1789816956.573,1789816956.578,1789816956.578,1789816956.586,36.05
2026-09-19 16:52:36.658,onvif-e9b03eab-61a3-46bd-9f42-888fd59ddbc4,1789816956.637,1789816956.641,1789816956.646,1789816956.650,1789816956.650,1789816956.659,21.72
2026-09-19 16:52:36.739,onvif-e9b03eab-61a3-46bd-9f42-888fd59ddbc4,1789816956.697,1789816956.713,1789816956.718,1789816956.722,1789816956.722,1789816956.740,42.42
2026-09-19 16:52:36.799,onvif-e9b03eab-61a3-46bd-9f42-888fd59ddbc4,1789816956.769,1789816956.780,1789816956.784,1789816956.791,1789816956.791,1789816956.800,31.07
2026-09-19 16:52:36.902,onvif-e9b03eab-61a3-46bd-9f42-888fd59ddbc4,1789816956.883,1789816956.888,1789816956.892,1789816956.894,1789816956.894,1789816956.903,19.45
2026-09-19 16:52:36.976,onvif-e9b03eab-61a3-46bd-9f42-888fd59ddbc4,1789816956.930,1789816956.955,1789816956.959,1789816956.965,1789816956.965,1789816956.976,45.81
2026-09-19 16:52:37.054,onvif-e9b03eab-61a3-46bd-9f42-888fd59ddbc4,1789816957.037,1789816957.037,1789816957.041,1789816957.048,1789816957.048,1789816957.055,17.79
2026-09-19 16:52:37.182,onvif-e9b03eab-61a3-46bd-9f42-888fd59ddbc4,1789816957.152,1789816957.155,1789816957.162,1789816957.169,1789816957.169,1789816957.182,30.70
2026-09-19 16:52:37.262,onvif-e9b03eab-61a3-46bd-9f42-888fd59ddbc4,1789816957.231,1789816957.232,1789816957.238,1789816957.244,1789816957.244,1789816957.262,31.42
2026-09-19 16:52:37.340,onvif-e9b03eab-61a3-46bd-9f42-888fd59ddbc4,1789816957.318,1789816957.320,1789816957.324,1789816957.327,1789816957.327,1789816957.340,22.43
2026-09-19 16:52:37.402,onvif-e9b03eab-61a3-46bd-9f42-888fd59ddbc4,1789816957.374,1789816957.387,1789816957.390,1789816957.393,1789816957.393,1789816957.402,28.48
2026-09-19 16:52:37.457,onvif-e9b03eab-61a3-46bd-9f42-888fd59ddbc4,1789816957.440,1789816957.441,1789816957.444,1789816957.446,1789816957.446,1789816957.457,16.96
2026-09-19 16:52:37.531,onvif-e9b03eab-61a3-46bd-9f42-888fd59ddbc4,1789816957.509,1789816957.518,1789816957.521,1789816957.524,1789816957.524,1789816957.532,22.45
2026-09-19 16:52:37.604,onvif-e9b03eab-61a3-46bd-9f42-888fd59ddbc4,1789816957.563,1789816957.585,1789816957.591,1789816957.596,1789816957.596,1789816957.605,42.18
2026-09-19 16:52:37.705,onvif-e9b03eab-61a3-46bd-9f42-888fd59ddbc4,1789816957.677,1789816957.682,1789816957.686,1789816957.690,1789816957.690,1789816957.705,28.08
2026-09-19 16:52:37.770,onvif-e9b03eab-61a3-46bd-9f42-888fd59ddbc4,1789816957.751,1789816957.754,1789816957.758,1789816957.762,1789816957.762,1789816957.771,19.59
2026-09-19 16:52:37.853,onvif-e9b03eab-61a3-46bd-9f42-888fd59ddbc4,1789816957.833,1789816957.837,1789816957.842,1789816957.843,1789816957.843,1789816957.853,20.63
2026-09-19 16:52:37.928,onvif-e9b03eab-61a3-46bd-9f42-888fd59ddbc4,1789816957.899,1789816957.909,1789816957.913,1789816957.916,1789816957.916,1789816957.928,29.39
2026-09-19 16:52:37.991,onvif-e9b03eab-61a3-46bd-9f42-888fd59ddbc4,1789816957.967,1789816957.976,1789816957.981,1789816957.984,1789816957.984,1789816957.992,25.36
2026-09-19 16:52:38.049,onvif-e9b03eab-61a3-46bd-9f42-888fd59ddbc4,1789816958.028,1789816958.031,1789816958.035,1789816958.038,1789816958.038,1789816958.050,21.21
2026-09-19 16:52:38.123,onvif-e9b03eab-61a3-46bd-9f42-888fd59ddbc4,1789816958.103,1789816958.108,1789816958.112,1789816958.116,1789816958.116,1789816958.123,20.27
2026-09-19 16:52:38.206,onvif-e9b03eab-61a3-46bd-9f42-888fd59ddbc4,1789816958.174,1789816958.185,1789816958.191,1789816958.198,1789816958.198,1789816958.206,32.23
2026-09-19 16:52:38.291,onvif-e9b03eab-61a3-46bd-9f42-888fd59ddbc4,1789816958.269,1789816958.273,1789816958.277,1789816958.280,1789816958.280,1789816958.291,22.28
2026-09-19 16:52:38.358,onvif-e9b03eab-61a3-46bd-9f42-888fd59ddbc4,1789816958.343,1789816958.345,1789816958.350,1789816958.351,1789816958.351,1789816958.359,15.42
2026-09-19 16:52:38.462,onvif-e9b03eab-61a3-46bd-9f42-888fd59ddbc4,1789816958.441,1789816958.442,1789816958.447,1789816958.454,1789816958.454,1789816958.462,21.11
2026-09-19 16:52:38.529,onvif-e9b03eab-61a3-46bd-9f42-888fd59ddbc4,1789816958.509,1789816958.509,1789816958.514,1789816958.521,1789816958.521,1789816958.530,20.82
2026-09-19 16:52:38.593,onvif-e9b03eab-61a3-46bd-9f42-888fd59ddbc4,1789816958.562,1789816958.576,1789816958.580,1789816958.583,1789816958.583,1789816958.593,30.74
2026-09-19 16:52:38.663,onvif-e9b03eab-61a3-46bd-9f42-888fd59ddbc4,1789816958.633,1789816958.635,1789816958.642,1789816958.647,1789816958.647,1789816958.663,29.71
2026-09-19 16:52:38.727,onvif-e9b03eab-61a3-46bd-9f42-888fd59ddbc4,1789816958.707,1789816958.713,1789816958.717,1789816958.719,1789816958.719,1789816958.727,20.73
2026-09-19 16:52:38.800,onvif-e9b03eab-61a3-46bd-9f42-888fd59ddbc4,1789816958.765,1789816958.780,1789816958.785,1789816958.792,1789816958.792,1789816958.801,35.94
2026-09-19 16:52:38.858,onvif-e9b03eab-61a3-46bd-9f42-888fd59ddbc4,1789816958.840,1789816958.844,1789816958.848,1789816958.851,1789816958.852,1789816958.859,18.93
2026-09-19 16:52:38.933,onvif-e9b03eab-61a3-46bd-9f42-888fd59ddbc4,1789816958.911,1789816958.911,1789816958.916,1789816958.923,1789816958.923,1789816958.934,22.97
2026-09-19 16:52:38.993,onvif-e9b03eab-61a3-46bd-9f42-888fd59ddbc4,1789816958.968,1789816958.978,1789816958.982,1789816958.984,1789816958.984,1789816958.994,25.94
2026-09-19 16:52:39.046,onvif-e9b03eab-61a3-46bd-9f42-888fd59ddbc4,1789816959.032,1789816959.032,1789816959.036,1789816959.038,1789816959.039,1789816959.047,15.20
2026-09-19 16:52:39.118,onvif-e9b03eab-61a3-46bd-9f42-888fd59ddbc4,1789816959.096,1789816959.104,1789816959.108,1789816959.109,1789816959.109,1789816959.119,22.97
2026-09-19 16:52:39.190,onvif-e9b03eab-61a3-46bd-9f42-888fd59ddbc4,1789816959.160,1789816959.171,1789816959.175,1789816959.181,1789816959.181,1789816959.190,29.78
2026-09-19 16:52:39.259,onvif-e9b03eab-61a3-46bd-9f42-888fd59ddbc4,1789816959.239,1789816959.240,1789816959.244,1789816959.246,1789816959.246,1789816959.260,20.39
2026-09-19 16:52:39.331,onvif-e9b03eab-61a3-46bd-9f42-888fd59ddbc4,1789816959.313,1789816959.317,1789816959.321,1789816959.324,1789816959.324,1789816959.332,18.65
2026-09-19 16:52:39.407,onvif-e9b03eab-61a3-46bd-9f42-888fd59ddbc4,1789816959.365,1789816959.384,1789816959.390,1789816959.396,1789816959.396,1789816959.407,42.31
2026-09-19 16:52:39.495,onvif-e9b03eab-61a3-46bd-9f42-888fd59ddbc4,1789816959.475,1789816959.477,1789816959.480,1789816959.483,1789816959.483,1789816959.495,20.41
2026-09-19 16:52:39.559,onvif-e9b03eab-61a3-46bd-9f42-888fd59ddbc4,1789816959.536,1789816959.544,1789816959.548,1789816959.550,1789816959.550,1789816959.559,23.35
2026-09-19 16:52:39.671,onvif-e9b03eab-61a3-46bd-9f42-888fd59ddbc4,1789816959.652,1789816959.657,1789816959.661,1789816959.664,1789816959.664,1789816959.672,19.93
2026-09-19 16:52:39.758,onvif-e9b03eab-61a3-46bd-9f42-888fd59ddbc4,1789816959.733,1789816959.734,1789816959.741,1789816959.747,1789816959.747,1789816959.758,25.71
2026-09-19 16:52:39.819,onvif-e9b03eab-61a3-46bd-9f42-888fd59ddbc4,1789816959.769,1789816959.801,1789816959.805,1789816959.809,1789816959.809,1789816959.820,51.17
2026-09-19 16:52:39.882,onvif-e9b03eab-61a3-46bd-9f42-888fd59ddbc4,1789816959.865,1789816959.868,1789816959.872,1789816959.875,1789816959.875,1789816959.882,17.23
2026-09-19 16:52:39.968,onvif-e9b03eab-61a3-46bd-9f42-888fd59ddbc4,1789816959.946,1789816959.950,1789816959.955,1789816959.961,1789816959.961,1789816959.969,23.12
2026-09-19 16:52:40.067,onvif-e9b03eab-61a3-46bd-9f42-888fd59ddbc4,1789816960.048,1789816960.048,1789816960.051,1789816960.054,1789816960.055,1789816960.067,19.51
2026-09-19 16:52:40.138,onvif-e9b03eab-61a3-46bd-9f42-888fd59ddbc4,1789816960.122,1789816960.125,1789816960.129,1789816960.131,1789816960.132,1789816960.138,16.05
2026-09-19 16:52:40.214,onvif-e9b03eab-61a3-46bd-9f42-888fd59ddbc4,1789816960.193,1789816960.194,1789816960.198,1789816960.202,1789816960.202,1789816960.215,21.95
2026-09-19 16:52:40.278,onvif-e9b03eab-61a3-46bd-9f42-888fd59ddbc4,1789816960.258,1789816960.261,1789816960.266,1789816960.270,1789816960.270,1789816960.279,20.93
2026-09-19 16:52:40.363,onvif-e9b03eab-61a3-46bd-9f42-888fd59ddbc4,1789816960.326,1789816960.344,1789816960.350,1789816960.352,1789816960.352,1789816960.364,37.41
2026-09-19 16:52:40.435,onvif-e9b03eab-61a3-46bd-9f42-888fd59ddbc4,1789816960.397,1789816960.411,1789816960.416,1789816960.419,1789816960.419,1789816960.435,37.98
2026-09-19 16:52:40.525,onvif-e9b03eab-61a3-46bd-9f42-888fd59ddbc4,1789816960.507,1789816960.509,1789816960.514,1789816960.517,1789816960.517,1789816960.526,18.24
2026-09-19 16:52:40.600,onvif-e9b03eab-61a3-46bd-9f42-888fd59ddbc4,1789816960.576,1789816960.582,1789816960.586,1789816960.589,1789816960.589,1789816960.600,23.86
2026-09-19 16:52:40.696,onvif-e9b03eab-61a3-46bd-9f42-888fd59ddbc4,1789816960.678,1789816960.680,1789816960.684,1789816960.687,1789816960.687,1789816960.697,19.10
2026-09-19 16:52:40.765,onvif-e9b03eab-61a3-46bd-9f42-888fd59ddbc4,1789816960.732,1789816960.747,1789816960.752,1789816960.759,1789816960.759,1789816960.766,34.23
2026-09-19 16:52:40.843,onvif-e9b03eab-61a3-46bd-9f42-888fd59ddbc4,1789816960.826,1789816960.829,1789816960.833,1789816960.835,1789816960.836,1789816960.844,17.93
2026-09-19 16:52:40.936,onvif-e9b03eab-61a3-46bd-9f42-888fd59ddbc4,1789816960.913,1789816960.917,1789816960.921,1789816960.928,1789816960.928,1789816960.936,22.74
2026-09-19 16:52:41.012,onvif-e9b03eab-61a3-46bd-9f42-888fd59ddbc4,1789816960.995,1789816960.999,1789816961.003,1789816961.005,1789816961.005,1789816961.013,17.49
2026-09-19 16:52:41.090,onvif-e9b03eab-61a3-46bd-9f42-888fd59ddbc4,1789816961.056,1789816961.066,1789816961.071,1789816961.077,1789816961.077,1789816961.091,34.71
2026-09-19 16:52:41.162,onvif-e9b03eab-61a3-46bd-9f42-888fd59ddbc4,1789816961.139,1789816961.143,1789816961.147,1789816961.150,1789816961.150,1789816961.163,23.49
2026-09-19 16:52:41.225,onvif-e9b03eab-61a3-46bd-9f42-888fd59ddbc4,1789816961.197,1789816961.210,1789816961.214,1789816961.217,1789816961.217,1789816961.225,28.37
2026-09-19 16:52:41.311,onvif-e9b03eab-61a3-46bd-9f42-888fd59ddbc4,1789816961.296,1789816961.298,1789816961.301,1789816961.304,1789816961.304,1789816961.312,15.34
2026-09-19 16:52:41.393,onvif-e9b03eab-61a3-46bd-9f42-888fd59ddbc4,1789816961.374,1789816961.375,1789816961.378,1789816961.380,1789816961.380,1789816961.393,19.87
2026-09-19 16:52:41.486,onvif-e9b03eab-61a3-46bd-9f42-888fd59ddbc4,1789816961.469,1789816961.473,1789816961.475,1789816961.479,1789816961.480,1789816961.486,17.63
2026-09-19 16:52:41.575,onvif-e9b03eab-61a3-46bd-9f42-888fd59ddbc4,1789816961.547,1789816961.550,1789816961.556,1789816961.562,1789816961.562,1789816961.575,27.71
2026-09-19 16:52:41.658,onvif-e9b03eab-61a3-46bd-9f42-888fd59ddbc4,1789816961.635,1789816961.638,1789816961.642,1789816961.645,1789816961.645,1789816961.659,24.04
2026-09-19 16:52:41.726,onvif-e9b03eab-61a3-46bd-9f42-888fd59ddbc4,1789816961.707,1789816961.710,1789816961.714,1789816961.718,1789816961.718,1789816961.726,18.76
2026-09-19 16:52:41.824,onvif-e9b03eab-61a3-46bd-9f42-888fd59ddbc4,1789816961.807,1789816961.808,1789816961.812,1789816961.816,1789816961.817,1789816961.824,17.43
2026-09-19 16:52:41.896,onvif-e9b03eab-61a3-46bd-9f42-888fd59ddbc4,1789816961.870,1789816961.875,1789816961.880,1789816961.883,1789816961.883,1789816961.897,26.37
2026-09-19 16:52:41.987,onvif-e9b03eab-61a3-46bd-9f42-888fd59ddbc4,1789816961.973,1789816961.973,1789816961.977,1789816961.981,1789816961.981,1789816961.987,14.01
2026-09-19 16:52:42.065,onvif-e9b03eab-61a3-46bd-9f42-888fd59ddbc4,1789816962.029,1789816962.040,1789816962.046,1789816962.053,1789816962.053,1789816962.065,36.47
2026-09-19 16:52:42.150,onvif-e9b03eab-61a3-46bd-9f42-888fd59ddbc4,1789816962.129,1789816962.132,1789816962.136,1789816962.141,1789816962.141,1789816962.151,21.87
2026-09-19 16:52:42.191,onvif-e9b03eab-61a3-46bd-9f42-888fd59ddbc4,1789816962.166,1789816962.166,1789816962.172,1789816962.175,1789816962.175,1789816962.192,26.28
2026-09-19 16:52:42.229,onvif-e9b03eab-61a3-46bd-9f42-888fd59ddbc4,1789816962.203,1789816962.204,1789816962.210,1789816962.214,1789816962.214,1789816962.230,27.27
2026-09-19 16:52:42.314,onvif-e9b03eab-61a3-46bd-9f42-888fd59ddbc4,1789816962.293,1789816962.297,1789816962.301,1789816962.306,1789816962.306,1789816962.314,21.27
2026-09-19 16:52:42.387,onvif-e9b03eab-61a3-46bd-9f42-888fd59ddbc4,1789816962.365,1789816962.369,1789816962.372,1789816962.378,1789816962.378,1789816962.387,22.70
2026-09-19 16:52:42.508,onvif-e9b03eab-61a3-46bd-9f42-888fd59ddbc4,1789816962.483,1789816962.487,1789816962.491,1789816962.497,1789816962.497,1789816962.509,25.87
2026-09-19 16:52:42.572,onvif-e9b03eab-61a3-46bd-9f42-888fd59ddbc4,1789816962.536,1789816962.554,1789816962.557,1789816962.564,1789816962.564,1789816962.572,36.43
2026-09-19 16:52:42.654,onvif-e9b03eab-61a3-46bd-9f42-888fd59ddbc4,1789816962.631,1789816962.636,1789816962.640,1789816962.647,1789816962.647,1789816962.655,23.31
2026-09-19 16:52:42.724,onvif-e9b03eab-61a3-46bd-9f42-888fd59ddbc4,1789816962.696,1789816962.703,1789816962.707,1789816962.714,1789816962.714,1789816962.724,28.11
2026-09-19 16:52:42.818,onvif-e9b03eab-61a3-46bd-9f42-888fd59ddbc4,1789816962.800,1789816962.802,1789816962.805,1789816962.811,1789816962.811,1789816962.818,17.94
2026-09-19 16:52:42.887,onvif-e9b03eab-61a3-46bd-9f42-888fd59ddbc4,1789816962.865,1789816962.868,1789816962.873,1789816962.878,1789816962.878,1789816962.888,23.24
2026-09-19 16:52:43.002,onvif-e9b03eab-61a3-46bd-9f42-888fd59ddbc4,1789816962.980,1789816962.981,1789816962.984,1789816962.990,1789816962.990,1789816963.003,22.68
2026-09-19 16:52:43.065,onvif-e9b03eab-61a3-46bd-9f42-888fd59ddbc4,1789816963.035,1789816963.048,1789816963.052,1789816963.055,1789816963.055,1789816963.066,30.54
2026-09-19 16:52:43.150,onvif-e9b03eab-61a3-46bd-9f42-888fd59ddbc4,1789816963.131,1789816963.136,1789816963.140,1789816963.142,1789816963.142,1789816963.150,19.66
2026-09-19 16:52:43.222,onvif-e9b03eab-61a3-46bd-9f42-888fd59ddbc4,1789816963.195,1789816963.203,1789816963.207,1789816963.213,1789816963.213,1789816963.222,27.55
2026-09-19 16:52:43.315,onvif-e9b03eab-61a3-46bd-9f42-888fd59ddbc4,1789816963.298,1789816963.300,1789816963.304,1789816963.306,1789816963.306,1789816963.315,17.52
2026-09-19 16:52:43.402,onvif-e9b03eab-61a3-46bd-9f42-888fd59ddbc4,1789816963.383,1789816963.388,1789816963.392,1789816963.394,1789816963.394,1789816963.402,19.07
2026-09-19 16:52:43.484,onvif-e9b03eab-61a3-46bd-9f42-888fd59ddbc4,1789816963.464,1789816963.465,1789816963.468,1789816963.472,1789816963.472,1789816963.485,20.37
2026-09-19 16:52:43.549,onvif-e9b03eab-61a3-46bd-9f42-888fd59ddbc4,1789816963.528,1789816963.532,1789816963.536,1789816963.539,1789816963.539,1789816963.550,21.84
2026-09-19 16:52:43.653,onvif-e9b03eab-61a3-46bd-9f42-888fd59ddbc4,1789816963.640,1789816963.640,1789816963.643,1789816963.646,1789816963.646,1789816963.653,13.58
2026-09-19 16:52:43.727,onvif-e9b03eab-61a3-46bd-9f42-888fd59ddbc4,1789816963.700,1789816963.707,1789816963.712,1789816963.717,1789816963.718,1789816963.728,27.95
2026-09-19 16:52:43.829,onvif-e9b03eab-61a3-46bd-9f42-888fd59ddbc4,1789816963.811,1789816963.815,1789816963.818,1789816963.821,1789816963.821,1789816963.829,18.87
2026-09-19 16:52:43.897,onvif-e9b03eab-61a3-46bd-9f42-888fd59ddbc4,1789816963.867,1789816963.881,1789816963.886,1789816963.888,1789816963.888,1789816963.897,30.39
2026-09-19 16:52:43.989,onvif-e9b03eab-61a3-46bd-9f42-888fd59ddbc4,1789816963.961,1789816963.964,1789816963.969,1789816963.975,1789816963.975,1789816963.990,29.06
2026-09-19 16:52:44.090,onvif-e9b03eab-61a3-46bd-9f42-888fd59ddbc4,1789816964.074,1789816964.077,1789816964.081,1789816964.083,1789816964.083,1789816964.091,16.48
2026-09-19 16:52:44.176,onvif-e9b03eab-61a3-46bd-9f42-888fd59ddbc4,1789816964.150,1789816964.155,1789816964.158,1789816964.164,1789816964.164,1789816964.177,26.32
2026-09-19 16:52:44.239,onvif-e9b03eab-61a3-46bd-9f42-888fd59ddbc4,1789816964.201,1789816964.222,1789816964.225,1789816964.231,1789816964.231,1789816964.239,37.61
2026-09-19 16:52:44.324,onvif-e9b03eab-61a3-46bd-9f42-888fd59ddbc4,1789816964.309,1789816964.309,1789816964.313,1789816964.317,1789816964.317,1789816964.325,15.97
2026-09-19 16:52:44.393,onvif-e9b03eab-61a3-46bd-9f42-888fd59ddbc4,1789816964.362,1789816964.376,1789816964.379,1789816964.383,1789816964.383,1789816964.394,31.40
2026-09-19 16:52:44.497,onvif-e9b03eab-61a3-46bd-9f42-888fd59ddbc4,1789816964.477,1789816964.479,1789816964.483,1789816964.487,1789816964.487,1789816964.497,20.65
2026-09-19 16:52:44.560,onvif-e9b03eab-61a3-46bd-9f42-888fd59ddbc4,1789816964.532,1789816964.546,1789816964.550,1789816964.554,1789816964.554,1789816964.561,28.80
2026-09-19 16:52:44.669,onvif-e9b03eab-61a3-46bd-9f42-888fd59ddbc4,1789816964.650,1789816964.655,1789816964.660,1789816964.662,1789816964.662,1789816964.670,20.25
2026-09-19 16:52:44.744,onvif-e9b03eab-61a3-46bd-9f42-888fd59ddbc4,1789816964.706,1789816964.722,1789816964.728,1789816964.733,1789816964.733,1789816964.745,38.99
2026-09-19 16:52:44.815,onvif-e9b03eab-61a3-46bd-9f42-888fd59ddbc4,1789816964.793,1789816964.794,1789816964.797,1789816964.801,1789816964.801,1789816964.815,22.17
2026-09-19 16:52:44.886,onvif-e9b03eab-61a3-46bd-9f42-888fd59ddbc4,1789816964.867,1789816964.871,1789816964.875,1789816964.878,1789816964.878,1789816964.887,19.83
2026-09-19 16:52:44.987,onvif-e9b03eab-61a3-46bd-9f42-888fd59ddbc4,1789816964.973,1789816964.974,1789816964.977,1789816964.980,1789816964.980,1789816964.987,13.72
2026-09-19 16:52:45.061,onvif-e9b03eab-61a3-46bd-9f42-888fd59ddbc4,1789816965.034,1789816965.041,1789816965.044,1789816965.051,1789816965.051,1789816965.062,27.42
2026-09-19 16:52:45.112,onvif-e9b03eab-61a3-46bd-9f42-888fd59ddbc4,1789816965.094,1789816965.095,1789816965.099,1789816965.105,1789816965.105,1789816965.112,17.72
2026-09-19 16:52:45.187,onvif-e9b03eab-61a3-46bd-9f42-888fd59ddbc4,1789816965.167,1789816965.169,1789816965.172,1789816965.174,1789816965.174,1789816965.187,20.60
2026-09-19 16:52:45.263,onvif-e9b03eab-61a3-46bd-9f42-888fd59ddbc4,1789816965.245,1789816965.246,1789816965.250,1789816965.257,1789816965.257,1789816965.264,19.01
2026-09-19 16:52:45.323,onvif-e9b03eab-61a3-46bd-9f42-888fd59ddbc4,1789816965.303,1789816965.305,1789816965.309,1789816965.312,1789816965.312,1789816965.324,21.04
2026-09-19 16:52:45.396,onvif-e9b03eab-61a3-46bd-9f42-888fd59ddbc4,1789816965.377,1789816965.378,1789816965.382,1789816965.390,1789816965.390,1789816965.396,19.48
2026-09-19 16:52:45.492,onvif-e9b03eab-61a3-46bd-9f42-888fd59ddbc4,1789816965.478,1789816965.480,1789816965.485,1789816965.486,1789816965.486,1789816965.493,14.79
2026-09-19 16:52:45.569,onvif-e9b03eab-61a3-46bd-9f42-888fd59ddbc4,1789816965.536,1789816965.547,1789816965.553,1789816965.558,1789816965.558,1789816965.570,33.80
2026-09-19 16:52:45.665,onvif-e9b03eab-61a3-46bd-9f42-888fd59ddbc4,1789816965.644,1789816965.645,1789816965.649,1789816965.655,1789816965.655,1789816965.665,21.62
2026-09-19 16:52:45.729,onvif-e9b03eab-61a3-46bd-9f42-888fd59ddbc4,1789816965.699,1789816965.712,1789816965.716,1789816965.722,1789816965.722,1789816965.730,31.26
2026-09-19 16:52:45.821,onvif-e9b03eab-61a3-46bd-9f42-888fd59ddbc4,1789816965.802,1789816965.805,1789816965.809,1789816965.815,1789816965.815,1789816965.822,19.33
2026-09-19 16:52:45.897,onvif-e9b03eab-61a3-46bd-9f42-888fd59ddbc4,1789816965.873,1789816965.877,1789816965.880,1789816965.886,1789816965.886,1789816965.898,25.09
2026-09-19 16:52:45.988,onvif-e9b03eab-61a3-46bd-9f42-888fd59ddbc4,1789816965.967,1789816965.969,1789816965.972,1789816965.979,1789816965.979,1789816965.989,21.94
2026-09-19 16:52:46.060,onvif-e9b03eab-61a3-46bd-9f42-888fd59ddbc4,1789816966.037,1789816966.041,1789816966.046,1789816966.051,1789816966.051,1789816966.060,23.25
2026-09-19 16:52:46.160,onvif-e9b03eab-61a3-46bd-9f42-888fd59ddbc4,1789816966.139,1789816966.140,1789816966.143,1789816966.149,1789816966.149,1789816966.161,21.93
2026-09-19 16:52:46.228,onvif-e9b03eab-61a3-46bd-9f42-888fd59ddbc4,1789816966.203,1789816966.212,1789816966.216,1789816966.222,1789816966.222,1789816966.229,25.83
2026-09-19 16:52:46.316,onvif-e9b03eab-61a3-46bd-9f42-888fd59ddbc4,1789816966.297,1789816966.299,1789816966.304,1789816966.310,1789816966.310,1789816966.317,19.55
2026-09-19 16:52:46.410,onvif-e9b03eab-61a3-46bd-9f42-888fd59ddbc4,1789816966.389,1789816966.392,1789816966.395,1789816966.397,1789816966.397,1789816966.411,21.72
2026-09-19 16:52:46.459,onvif-e9b03eab-61a3-46bd-9f42-888fd59ddbc4,1789816966.436,1789816966.441,1789816966.445,1789816966.451,1789816966.451,1789816966.459,23.06
2026-09-19 16:52:46.541,onvif-e9b03eab-61a3-46bd-9f42-888fd59ddbc4,1789816966.522,1789816966.523,1789816966.526,1789816966.528,1789816966.528,1789816966.541,19.10
2026-09-19 16:52:46.607,onvif-e9b03eab-61a3-46bd-9f42-888fd59ddbc4,1789816966.574,1789816966.590,1789816966.593,1789816966.600,1789816966.600,1789816966.608,33.38
2026-09-19 16:52:46.689,onvif-e9b03eab-61a3-46bd-9f42-888fd59ddbc4,1789816966.660,1789816966.667,1789816966.672,1789816966.678,1789816966.678,1789816966.689,29.67
2026-09-19 16:52:46.774,onvif-e9b03eab-61a3-46bd-9f42-888fd59ddbc4,1789816966.752,1789816966.754,1789816966.758,1789816966.761,1789816966.761,1789816966.774,22.28
2026-09-19 16:52:46.843,onvif-e9b03eab-61a3-46bd-9f42-888fd59ddbc4,1789816966.824,1789816966.832,1789816966.836,1789816966.837,1789816966.837,1789816966.844,19.99
2026-09-19 16:52:46.931,onvif-e9b03eab-61a3-46bd-9f42-888fd59ddbc4,1789816966.913,1789816966.914,1789816966.918,1789816966.924,1789816966.924,1789816966.932,18.23
2026-09-19 16:52:47.024,onvif-e9b03eab-61a3-46bd-9f42-888fd59ddbc4,1789816966.998,1789816967.001,1789816967.005,1789816967.010,1789816967.010,1789816967.024,26.29
2026-09-19 16:52:47.090,onvif-e9b03eab-61a3-46bd-9f42-888fd59ddbc4,1789816967.072,1789816967.073,1789816967.077,1789816967.083,1789816967.083,1789816967.090,18.19
2026-09-19 16:52:47.175,onvif-e9b03eab-61a3-46bd-9f42-888fd59ddbc4,1789816967.151,1789816967.153,1789816967.157,1789816967.163,1789816967.163,1789816967.176,24.52
2026-09-19 16:52:47.236,onvif-e9b03eab-61a3-46bd-9f42-888fd59ddbc4,1789816967.202,1789816967.220,1789816967.225,1789816967.230,1789816967.230,1789816967.237,34.95
2026-09-19 16:52:47.319,onvif-e9b03eab-61a3-46bd-9f42-888fd59ddbc4,1789816967.299,1789816967.303,1789816967.307,1789816967.312,1789816967.312,1789816967.319,20.43
2026-09-19 16:52:47.391,onvif-e9b03eab-61a3-46bd-9f42-888fd59ddbc4,1789816967.364,1789816967.369,1789816967.373,1789816967.379,1789816967.379,1789816967.392,27.80
2026-09-19 16:52:47.458,onvif-e9b03eab-61a3-46bd-9f42-888fd59ddbc4,1789816967.434,1789816967.439,1789816967.443,1789816967.448,1789816967.448,1789816967.459,24.82
2026-09-19 16:52:47.535,onvif-e9b03eab-61a3-46bd-9f42-888fd59ddbc4,1789816967.503,1789816967.516,1789816967.520,1789816967.524,1789816967.524,1789816967.535,32.18
2026-09-19 16:52:47.576,onvif-e9b03eab-61a3-46bd-9f42-888fd59ddbc4,1789816967.545,1789816967.550,1789816967.555,1789816967.557,1789816967.557,1789816967.577,31.84
2026-09-19 16:52:47.629,onvif-e9b03eab-61a3-46bd-9f42-888fd59ddbc4,1789816967.606,1789816967.609,1789816967.612,1789816967.617,1789816967.617,1789816967.629,23.03
2026-09-19 16:52:47.691,onvif-e9b03eab-61a3-46bd-9f42-888fd59ddbc4,1789816967.664,1789816967.676,1789816967.680,1789816967.682,1789816967.683,1789816967.692,27.26
2026-09-19 16:52:47.781,onvif-e9b03eab-61a3-46bd-9f42-888fd59ddbc4,1789816967.763,1789816967.763,1789816967.767,1789816967.774,1789816967.775,1789816967.781,18.22
2026-09-19 16:52:47.860,onvif-e9b03eab-61a3-46bd-9f42-888fd59ddbc4,1789816967.837,1789816967.840,1789816967.843,1789816967.845,1789816967.845,1789816967.860,23.68
2026-09-19 16:52:47.963,onvif-e9b03eab-61a3-46bd-9f42-888fd59ddbc4,1789816967.944,1789816967.948,1789816967.952,1789816967.953,1789816967.953,1789816967.964,20.01
2026-09-19 16:52:48.032,onvif-e9b03eab-61a3-46bd-9f42-888fd59ddbc4,1789816967.997,1789816968.015,1789816968.019,1789816968.024,1789816968.024,1789816968.032,35.16
2026-09-19 16:52:48.117,onvif-e9b03eab-61a3-46bd-9f42-888fd59ddbc4,1789816968.096,1789816968.097,1789816968.103,1789816968.106,1789816968.106,1789816968.117,21.50
2026-09-19 16:52:48.208,onvif-e9b03eab-61a3-46bd-9f42-888fd59ddbc4,1789816968.180,1789816968.185,1789816968.189,1789816968.192,1789816968.192,1789816968.208,28.42
2026-09-19 16:52:48.281,onvif-e9b03eab-61a3-46bd-9f42-888fd59ddbc4,1789816968.263,1789816968.267,1789816968.271,1789816968.275,1789816968.275,1789816968.282,19.11
2026-09-19 16:52:48.349,onvif-e9b03eab-61a3-46bd-9f42-888fd59ddbc4,1789816968.330,1789816968.334,1789816968.339,1789816968.342,1789816968.342,1789816968.350,19.93
2026-09-19 16:52:48.468,onvif-e9b03eab-61a3-46bd-9f42-888fd59ddbc4,1789816968.443,1789816968.447,1789816968.451,1789816968.455,1789816968.455,1789816968.468,25.24
2026-09-19 16:52:48.529,onvif-e9b03eab-61a3-46bd-9f42-888fd59ddbc4,1789816968.497,1789816968.514,1789816968.518,1789816968.522,1789816968.523,1789816968.529,32.71
2026-09-19 16:52:48.602,onvif-e9b03eab-61a3-46bd-9f42-888fd59ddbc4,1789816968.562,1789816968.581,1789816968.585,1789816968.589,1789816968.589,1789816968.602,39.76
2026-09-19 16:52:48.651,onvif-e9b03eab-61a3-46bd-9f42-888fd59ddbc4,1789816968.632,1789816968.635,1789816968.639,1789816968.644,1789816968.644,1789816968.651,19.01
2026-09-19 16:52:48.721,onvif-e9b03eab-61a3-46bd-9f42-888fd59ddbc4,1789816968.695,1789816968.702,1789816968.708,1789816968.711,1789816968.711,1789816968.722,27.00
2026-09-19 16:52:48.835,onvif-e9b03eab-61a3-46bd-9f42-888fd59ddbc4,1789816968.814,1789816968.815,1789816968.819,1789816968.823,1789816968.824,1789816968.835,21.07
2026-09-19 16:52:48.898,onvif-e9b03eab-61a3-46bd-9f42-888fd59ddbc4,1789816968.873,1789816968.882,1789816968.886,1789816968.891,1789816968.891,1789816968.899,25.64
2026-09-19 16:52:49.005,onvif-e9b03eab-61a3-46bd-9f42-888fd59ddbc4,1789816968.982,1789816968.985,1789816968.988,1789816968.994,1789816968.994,1789816969.005,23.07
2026-09-19 16:52:49.066,onvif-e9b03eab-61a3-46bd-9f42-888fd59ddbc4,1789816969.032,1789816969.052,1789816969.056,1789816969.060,1789816969.060,1789816969.067,35.18
2026-09-19 16:52:49.164,onvif-e9b03eab-61a3-46bd-9f42-888fd59ddbc4,1789816969.145,1789816969.150,1789816969.154,1789816969.157,1789816969.157,1789816969.164,18.94
2026-09-19 16:52:49.238,onvif-e9b03eab-61a3-46bd-9f42-888fd59ddbc4,1789816969.206,1789816969.217,1789816969.222,1789816969.228,1789816969.228,1789816969.238,32.03
2026-09-19 16:52:49.318,onvif-e9b03eab-61a3-46bd-9f42-888fd59ddbc4,1789816969.295,1789816969.299,1789816969.303,1789816969.311,1789816969.311,1789816969.319,23.11
2026-09-19 16:52:49.381,onvif-e9b03eab-61a3-46bd-9f42-888fd59ddbc4,1789816969.362,1789816969.366,1789816969.370,1789816969.372,1789816969.372,1789816969.382,20.17
2026-09-19 16:52:49.488,onvif-e9b03eab-61a3-46bd-9f42-888fd59ddbc4,1789816969.461,1789816969.464,1789816969.470,1789816969.475,1789816969.475,1789816969.489,27.17
2026-09-19 16:52:49.555,onvif-e9b03eab-61a3-46bd-9f42-888fd59ddbc4,1789816969.533,1789816969.536,1789816969.540,1789816969.547,1789816969.547,1789816969.556,23.02
2026-09-19 16:52:49.655,onvif-e9b03eab-61a3-46bd-9f42-888fd59ddbc4,1789816969.634,1789816969.639,1789816969.643,1789816969.649,1789816969.649,1789816969.656,21.65
2026-09-19 16:52:49.730,onvif-e9b03eab-61a3-46bd-9f42-888fd59ddbc4,1789816969.708,1789816969.711,1789816969.714,1789816969.716,1789816969.716,1789816969.731,23.16
2026-09-19 16:52:49.816,onvif-e9b03eab-61a3-46bd-9f42-888fd59ddbc4,1789816969.801,1789816969.803,1789816969.807,1789816969.809,1789816969.809,1789816969.816,15.20
2026-09-19 16:52:49.903,onvif-e9b03eab-61a3-46bd-9f42-888fd59ddbc4,1789816969.882,1789816969.886,1789816969.891,1789816969.895,1789816969.896,1789816969.903,20.74
2026-09-19 16:52:50.004,onvif-e9b03eab-61a3-46bd-9f42-888fd59ddbc4,1789816969.979,1789816969.984,1789816969.987,1789816969.993,1789816969.993,1789816970.004,25.04
2026-09-19 16:52:50.066,onvif-e9b03eab-61a3-46bd-9f42-888fd59ddbc4,1789816970.046,1789816970.051,1789816970.054,1789816970.059,1789816970.060,1789816970.067,20.51
2026-09-19 16:52:50.175,onvif-e9b03eab-61a3-46bd-9f42-888fd59ddbc4,1789816970.154,1789816970.156,1789816970.160,1789816970.165,1789816970.165,1789816970.176,21.80
2026-09-19 16:52:50.238,onvif-e9b03eab-61a3-46bd-9f42-888fd59ddbc4,1789816970.209,1789816970.223,1789816970.227,1789816970.231,1789816970.231,1789816970.239,29.48
2026-09-19 16:52:50.317,onvif-e9b03eab-61a3-46bd-9f42-888fd59ddbc4,1789816970.300,1789816970.300,1789816970.305,1789816970.308,1789816970.308,1789816970.317,17.25
2026-09-19 16:52:50.401,onvif-e9b03eab-61a3-46bd-9f42-888fd59ddbc4,1789816970.381,1789816970.382,1789816970.386,1789816970.389,1789816970.389,1789816970.402,20.87
2026-09-19 16:52:50.502,onvif-e9b03eab-61a3-46bd-9f42-888fd59ddbc4,1789816970.481,1789816970.485,1789816970.489,1789816970.493,1789816970.493,1789816970.503,21.18
2026-09-19 16:52:50.566,onvif-e9b03eab-61a3-46bd-9f42-888fd59ddbc4,1789816970.551,1789816970.552,1789816970.556,1789816970.559,1789816970.559,1789816970.567,15.27
2026-09-19 16:52:50.668,onvif-e9b03eab-61a3-46bd-9f42-888fd59ddbc4,1789816970.654,1789816970.655,1789816970.658,1789816970.662,1789816970.662,1789816970.669,14.82
2026-09-19 16:52:50.743,onvif-e9b03eab-61a3-46bd-9f42-888fd59ddbc4,1789816970.720,1789816970.722,1789816970.728,1789816970.733,1789816970.734,1789816970.743,22.70
2026-09-19 16:52:50.845,onvif-e9b03eab-61a3-46bd-9f42-888fd59ddbc4,1789816970.820,1789816970.825,1789816970.829,1789816970.835,1789816970.835,1789816970.846,25.49
2026-09-19 16:52:50.910,onvif-e9b03eab-61a3-46bd-9f42-888fd59ddbc4,1789816970.875,1789816970.892,1789816970.896,1789816970.904,1789816970.904,1789816970.910,35.94
2026-09-19 16:52:51.035,onvif-e9b03eab-61a3-46bd-9f42-888fd59ddbc4,1789816971.019,1789816971.021,1789816971.025,1789816971.027,1789816971.027,1789816971.036,16.60
2026-09-19 16:52:51.103,onvif-e9b03eab-61a3-46bd-9f42-888fd59ddbc4,1789816971.082,1789816971.085,1789816971.088,1789816971.091,1789816971.091,1789816971.104,21.65
2026-09-19 16:52:51.178,onvif-e9b03eab-61a3-46bd-9f42-888fd59ddbc4,1789816971.154,1789816971.157,1789816971.161,1789816971.168,1789816971.168,1789816971.178,23.93
2026-09-19 16:52:51.293,onvif-e9b03eab-61a3-46bd-9f42-888fd59ddbc4,1789816971.223,1789816971.229,1789816971.234,1789816971.239,1789816971.239,1789816971.293,70.16
2026-09-19 16:52:51.332,onvif-e9b03eab-61a3-46bd-9f42-888fd59ddbc4,1789816971.311,1789816971.312,1789816971.316,1789816971.320,1789816971.320,1789816971.332,20.67
2026-09-19 16:52:51.394,onvif-e9b03eab-61a3-46bd-9f42-888fd59ddbc4,1789816971.365,1789816971.379,1789816971.383,1789816971.387,1789816971.387,1789816971.395,29.73
2026-09-19 16:52:51.483,onvif-e9b03eab-61a3-46bd-9f42-888fd59ddbc4,1789816971.463,1789816971.466,1789816971.471,1789816971.474,1789816971.474,1789816971.483,20.67
2026-09-19 16:52:51.589,onvif-e9b03eab-61a3-46bd-9f42-888fd59ddbc4,1789816971.540,1789816971.544,1789816971.548,1789816971.557,1789816971.561,1789816971.590,49.70
2026-09-19 16:52:51.660,onvif-e9b03eab-61a3-46bd-9f42-888fd59ddbc4,1789816971.637,1789816971.641,1789816971.646,1789816971.653,1789816971.653,1789816971.660,23.79
2026-09-19 16:52:51.742,onvif-e9b03eab-61a3-46bd-9f42-888fd59ddbc4,1789816971.696,1789816971.719,1789816971.724,1789816971.729,1789816971.729,1789816971.742,45.96
2026-09-19 16:52:51.818,onvif-e9b03eab-61a3-46bd-9f42-888fd59ddbc4,1789816971.799,1789816971.801,1789816971.804,1789816971.807,1789816971.807,1789816971.818,18.96
2026-09-19 16:52:51.895,onvif-e9b03eab-61a3-46bd-9f42-888fd59ddbc4,1789816971.883,1789816971.883,1789816971.886,1789816971.888,1789816971.889,1789816971.896,12.99
2026-09-19 16:52:51.987,onvif-e9b03eab-61a3-46bd-9f42-888fd59ddbc4,1789816971.968,1789816971.970,1789816971.975,1789816971.980,1789816971.980,1789816971.988,19.69
2026-09-19 16:52:52.074,onvif-e9b03eab-61a3-46bd-9f42-888fd59ddbc4,1789816972.033,1789816972.053,1789816972.059,1789816972.062,1789816972.062,1789816972.074,40.61
2026-09-19 16:52:52.161,onvif-e9b03eab-61a3-46bd-9f42-888fd59ddbc4,1789816972.134,1789816972.135,1789816972.139,1789816972.144,1789816972.145,1789816972.162,27.49
2026-09-19 16:52:52.207,onvif-e9b03eab-61a3-46bd-9f42-888fd59ddbc4,1789816972.187,1789816972.189,1789816972.193,1789816972.199,1789816972.199,1789816972.207,20.61
2026-09-19 16:52:52.276,onvif-e9b03eab-61a3-46bd-9f42-888fd59ddbc4,1789816972.233,1789816972.256,1789816972.259,1789816972.265,1789816972.265,1789816972.277,44.20
2026-09-19 16:52:52.346,onvif-e9b03eab-61a3-46bd-9f42-888fd59ddbc4,1789816972.325,1789816972.330,1789816972.334,1789816972.340,1789816972.340,1789816972.346,21.42
2026-09-19 16:52:52.424,onvif-e9b03eab-61a3-46bd-9f42-888fd59ddbc4,1789816972.402,1789816972.407,1789816972.412,1789816972.417,1789816972.417,1789816972.424,22.02
2026-09-19 16:52:52.511,onvif-e9b03eab-61a3-46bd-9f42-888fd59ddbc4,1789816972.485,1789816972.490,1789816972.493,1789816972.499,1789816972.499,1789816972.511,26.31
2026-09-19 16:52:52.575,onvif-e9b03eab-61a3-46bd-9f42-888fd59ddbc4,1789816972.550,1789816972.556,1789816972.561,1789816972.566,1789816972.566,1789816972.576,25.61
2026-09-19 16:52:52.661,onvif-e9b03eab-61a3-46bd-9f42-888fd59ddbc4,1789816972.642,1789816972.644,1789816972.648,1789816972.653,1789816972.653,1789816972.661,19.21
2026-09-19 16:52:52.731,onvif-e9b03eab-61a3-46bd-9f42-888fd59ddbc4,1789816972.702,1789816972.711,1789816972.715,1789816972.719,1789816972.719,1789816972.731,29.37
2026-09-19 16:52:52.814,onvif-e9b03eab-61a3-46bd-9f42-888fd59ddbc4,1789816972.794,1789816972.799,1789816972.803,1789816972.808,1789816972.808,1789816972.815,20.65
2026-09-19 16:52:52.890,onvif-e9b03eab-61a3-46bd-9f42-888fd59ddbc4,1789816972.865,1789816972.871,1789816972.876,1789816972.879,1789816972.879,1789816972.891,25.59
2026-09-19 16:52:52.996,onvif-e9b03eab-61a3-46bd-9f42-888fd59ddbc4,1789816972.973,1789816972.974,1789816972.978,1789816972.983,1789816972.983,1789816972.996,23.92
2026-09-19 16:52:53.058,onvif-e9b03eab-61a3-46bd-9f42-888fd59ddbc4,1789816973.030,1789816973.041,1789816973.045,1789816973.050,1789816973.050,1789816973.058,27.69
2026-09-19 16:52:53.159,onvif-e9b03eab-61a3-46bd-9f42-888fd59ddbc4,1789816973.135,1789816973.138,1789816973.143,1789816973.147,1789816973.147,1789816973.160,24.53
2026-09-19 16:52:53.221,onvif-e9b03eab-61a3-46bd-9f42-888fd59ddbc4,1789816973.200,1789816973.205,1789816973.209,1789816973.214,1789816973.214,1789816973.221,20.91
2026-09-19 16:52:53.321,onvif-e9b03eab-61a3-46bd-9f42-888fd59ddbc4,1789816973.302,1789816973.303,1789816973.306,1789816973.312,1789816973.312,1789816973.321,18.98
2026-09-19 16:52:53.388,onvif-e9b03eab-61a3-46bd-9f42-888fd59ddbc4,1789816973.363,1789816973.370,1789816973.373,1789816973.377,1789816973.377,1789816973.389,26.21
2026-09-19 16:52:53.491,onvif-e9b03eab-61a3-46bd-9f42-888fd59ddbc4,1789816973.472,1789816973.472,1789816973.476,1789816973.480,1789816973.480,1789816973.492,19.90
2026-09-19 16:52:53.553,onvif-e9b03eab-61a3-46bd-9f42-888fd59ddbc4,1789816973.530,1789816973.539,1789816973.544,1789816973.546,1789816973.546,1789816973.554,24.36
2026-09-19 16:52:53.655,onvif-e9b03eab-61a3-46bd-9f42-888fd59ddbc4,1789816973.633,1789816973.637,1789816973.641,1789816973.648,1789816973.648,1789816973.656,23.43
2026-09-19 16:52:53.725,onvif-e9b03eab-61a3-46bd-9f42-888fd59ddbc4,1789816973.700,1789816973.704,1789816973.707,1789816973.713,1789816973.713,1789816973.725,25.23
2026-09-19 16:52:53.839,onvif-e9b03eab-61a3-46bd-9f42-888fd59ddbc4,1789816973.817,1789816973.817,1789816973.821,1789816973.827,1789816973.827,1789816973.840,22.98
2026-09-19 16:52:53.904,onvif-e9b03eab-61a3-46bd-9f42-888fd59ddbc4,1789816973.869,1789816973.884,1789816973.888,1789816973.894,1789816973.894,1789816973.904,35.36
2026-09-19 16:52:53.989,onvif-e9b03eab-61a3-46bd-9f42-888fd59ddbc4,1789816973.962,1789816973.967,1789816973.971,1789816973.975,1789816973.975,1789816973.989,27.08
2026-09-19 16:52:54.048,onvif-e9b03eab-61a3-46bd-9f42-888fd59ddbc4,1789816974.031,1789816974.033,1789816974.037,1789816974.042,1789816974.042,1789816974.049,17.92
2026-09-19 16:52:54.146,onvif-e9b03eab-61a3-46bd-9f42-888fd59ddbc4,1789816974.127,1789816974.131,1789816974.134,1789816974.136,1789816974.136,1789816974.147,20.03
2026-09-19 16:52:54.225,onvif-e9b03eab-61a3-46bd-9f42-888fd59ddbc4,1789816974.204,1789816974.208,1789816974.213,1789816974.219,1789816974.219,1789816974.225,21.23
2026-09-19 16:52:54.327,onvif-e9b03eab-61a3-46bd-9f42-888fd59ddbc4,1789816974.310,1789816974.311,1789816974.314,1789816974.321,1789816974.321,1789816974.328,17.76
2026-09-19 16:52:54.398,onvif-e9b03eab-61a3-46bd-9f42-888fd59ddbc4,1789816974.363,1789816974.378,1789816974.383,1789816974.388,1789816974.388,1789816974.399,35.70
2026-09-19 16:52:54.483,onvif-e9b03eab-61a3-46bd-9f42-888fd59ddbc4,1789816974.463,1789816974.465,1789816974.468,1789816974.475,1789816974.475,1789816974.483,20.35
2026-09-19 16:52:54.556,onvif-e9b03eab-61a3-46bd-9f42-888fd59ddbc4,1789816974.533,1789816974.537,1789816974.541,1789816974.548,1789816974.548,1789816974.556,23.44
2026-09-19 16:52:54.662,onvif-e9b03eab-61a3-46bd-9f42-888fd59ddbc4,1789816974.645,1789816974.645,1789816974.650,1789816974.655,1789816974.655,1789816974.663,17.75
2026-09-19 16:52:54.743,onvif-e9b03eab-61a3-46bd-9f42-888fd59ddbc4,1789816974.720,1789816974.722,1789816974.727,1789816974.732,1789816974.732,1789816974.743,23.46
2026-09-19 16:52:54.834,onvif-e9b03eab-61a3-46bd-9f42-888fd59ddbc4,1789816974.810,1789816974.815,1789816974.819,1789816974.825,1789816974.825,1789816974.834,24.14
2026-09-19 16:52:54.895,onvif-e9b03eab-61a3-46bd-9f42-888fd59ddbc4,1789816974.841,1789816974.848,1789816974.854,1789816974.859,1789816974.859,1789816974.896,54.63
2026-09-19 16:52:54.906,onvif-e9b03eab-61a3-46bd-9f42-888fd59ddbc4,1789816974.869,1789816974.882,1789816974.889,1789816974.893,1789816974.893,1789816974.906,37.45
2026-09-19 16:52:54.985,onvif-e9b03eab-61a3-46bd-9f42-888fd59ddbc4,1789816974.962,1789816974.964,1789816974.969,1789816974.976,1789816974.976,1789816974.985,22.88
2026-09-19 16:52:55.073,onvif-e9b03eab-61a3-46bd-9f42-888fd59ddbc4,1789816975.052,1789816975.057,1789816975.060,1789816975.063,1789816975.063,1789816975.073,21.49
2026-09-19 16:52:55.168,onvif-e9b03eab-61a3-46bd-9f42-888fd59ddbc4,1789816975.151,1789816975.154,1789816975.157,1789816975.161,1789816975.161,1789816975.169,18.32
2026-09-19 16:52:55.240,onvif-e9b03eab-61a3-46bd-9f42-888fd59ddbc4,1789816975.199,1789816975.221,1789816975.226,1789816975.228,1789816975.228,1789816975.240,41.26
2026-09-19 16:52:55.310,onvif-e9b03eab-61a3-46bd-9f42-888fd59ddbc4,1789816975.292,1789816975.293,1789816975.298,1789816975.300,1789816975.300,1789816975.310,18.22
2026-09-19 16:52:55.377,onvif-e9b03eab-61a3-46bd-9f42-888fd59ddbc4,1789816975.364,1789816975.365,1789816975.369,1789816975.371,1789816975.371,1789816975.378,14.23
2026-09-19 16:52:55.462,onvif-e9b03eab-61a3-46bd-9f42-888fd59ddbc4,1789816975.444,1789816975.445,1789816975.448,1789816975.451,1789816975.451,1789816975.462,17.93
2026-09-19 16:52:55.537,onvif-e9b03eab-61a3-46bd-9f42-888fd59ddbc4,1789816975.521,1789816975.522,1789816975.525,1789816975.529,1789816975.529,1789816975.538,16.30
2026-09-19 16:52:55.610,onvif-e9b03eab-61a3-46bd-9f42-888fd59ddbc4,1789816975.573,1789816975.589,1789816975.596,1789816975.601,1789816975.601,1789816975.611,37.05
2026-09-19 16:52:55.699,onvif-e9b03eab-61a3-46bd-9f42-888fd59ddbc4,1789816975.679,1789816975.683,1789816975.686,1789816975.689,1789816975.689,1789816975.700,20.52
2026-09-19 16:52:55.769,onvif-e9b03eab-61a3-46bd-9f42-888fd59ddbc4,1789816975.752,1789816975.755,1789816975.759,1789816975.761,1789816975.761,1789816975.770,17.64
2026-09-19 16:52:55.858,onvif-e9b03eab-61a3-46bd-9f42-888fd59ddbc4,1789816975.836,1789816975.837,1789816975.843,1789816975.849,1789816975.849,1789816975.859,22.12
2026-09-19 16:52:55.923,onvif-e9b03eab-61a3-46bd-9f42-888fd59ddbc4,1789816975.893,1789816975.904,1789816975.907,1789816975.909,1789816975.909,1789816975.923,30.21
2026-09-19 16:52:55.988,onvif-e9b03eab-61a3-46bd-9f42-888fd59ddbc4,1789816975.964,1789816975.968,1789816975.972,1789816975.979,1789816975.980,1789816975.989,24.41
2026-09-19 16:52:56.058,onvif-e9b03eab-61a3-46bd-9f42-888fd59ddbc4,1789816976.034,1789816976.035,1789816976.039,1789816976.046,1789816976.046,1789816976.058,23.98
2026-09-19 16:52:56.157,onvif-e9b03eab-61a3-46bd-9f42-888fd59ddbc4,1789816976.134,1789816976.138,1789816976.141,1789816976.144,1789816976.144,1789816976.158,23.67
2026-09-19 16:52:56.224,onvif-e9b03eab-61a3-46bd-9f42-888fd59ddbc4,1789816976.205,1789816976.211,1789816976.214,1789816976.217,1789816976.217,1789816976.224,18.78
2026-09-19 16:52:56.311,onvif-e9b03eab-61a3-46bd-9f42-888fd59ddbc4,1789816976.294,1789816976.298,1789816976.302,1789816976.304,1789816976.304,1789816976.312,17.20
2026-09-19 16:52:56.414,onvif-e9b03eab-61a3-46bd-9f42-888fd59ddbc4,1789816976.392,1789816976.396,1789816976.400,1789816976.407,1789816976.407,1789816976.415,22.93
2026-09-19 16:52:56.490,onvif-e9b03eab-61a3-46bd-9f42-888fd59ddbc4,1789816976.468,1789816976.471,1789816976.475,1789816976.477,1789816976.477,1789816976.491,22.31
2026-09-19 16:52:56.551,onvif-e9b03eab-61a3-46bd-9f42-888fd59ddbc4,1789816976.527,1789816976.538,1789816976.542,1789816976.544,1789816976.544,1789816976.552,24.16
2026-09-19 16:52:56.648,onvif-e9b03eab-61a3-46bd-9f42-888fd59ddbc4,1789816976.634,1789816976.635,1789816976.639,1789816976.641,1789816976.641,1789816976.648,14.80
2026-09-19 16:52:56.731,onvif-e9b03eab-61a3-46bd-9f42-888fd59ddbc4,1789816976.712,1789816976.713,1789816976.717,1789816976.724,1789816976.724,1789816976.731,19.53
2026-09-19 16:52:56.816,onvif-e9b03eab-61a3-46bd-9f42-888fd59ddbc4,1789816976.798,1789816976.800,1789816976.804,1789816976.806,1789816976.806,1789816976.817,18.70
2026-09-19 16:52:56.896,onvif-e9b03eab-61a3-46bd-9f42-888fd59ddbc4,1789816976.874,1789816976.877,1789816976.882,1789816976.888,1789816976.888,1789816976.896,21.86
2026-09-19 16:52:56.986,onvif-e9b03eab-61a3-46bd-9f42-888fd59ddbc4,1789816976.966,1789816976.968,1789816976.971,1789816976.974,1789816976.974,1789816976.986,20.12
2026-09-19 16:52:57.052,onvif-e9b03eab-61a3-46bd-9f42-888fd59ddbc4,1789816977.001,1789816977.034,1789816977.039,1789816977.045,1789816977.045,1789816977.052,50.94
2026-09-19 16:52:57.150,onvif-e9b03eab-61a3-46bd-9f42-888fd59ddbc4,1789816977.127,1789816977.132,1789816977.136,1789816977.142,1789816977.142,1789816977.150,22.88
2026-09-19 16:52:57.228,onvif-e9b03eab-61a3-46bd-9f42-888fd59ddbc4,1789816977.205,1789816977.209,1789816977.214,1789816977.219,1789816977.219,1789816977.229,23.72
2026-09-19 16:52:57.320,onvif-e9b03eab-61a3-46bd-9f42-888fd59ddbc4,1789816977.301,1789816977.302,1789816977.306,1789816977.311,1789816977.311,1789816977.321,19.77
2026-09-19 16:52:57.384,onvif-e9b03eab-61a3-46bd-9f42-888fd59ddbc4,1789816977.364,1789816977.369,1789816977.373,1789816977.378,1789816977.378,1789816977.385,20.63
2026-09-19 16:52:57.483,onvif-e9b03eab-61a3-46bd-9f42-888fd59ddbc4,1789816977.466,1789816977.467,1789816977.471,1789816977.476,1789816977.476,1789816977.483,17.23
2026-09-19 16:52:57.555,onvif-e9b03eab-61a3-46bd-9f42-888fd59ddbc4,1789816977.530,1789816977.534,1789816977.538,1789816977.543,1789816977.543,1789816977.556,26.10
2026-09-19 16:52:57.648,onvif-e9b03eab-61a3-46bd-9f42-888fd59ddbc4,1789816977.630,1789816977.632,1789816977.634,1789816977.641,1789816977.641,1789816977.648,18.64
2026-09-19 16:52:57.721,onvif-e9b03eab-61a3-46bd-9f42-888fd59ddbc4,1789816977.696,1789816977.704,1789816977.709,1789816977.713,1789816977.713,1789816977.722,25.28
2026-09-19 16:52:57.839,onvif-e9b03eab-61a3-46bd-9f42-888fd59ddbc4,1789816977.813,1789816977.817,1789816977.822,1789816977.828,1789816977.828,1789816977.840,26.48
2026-09-19 16:52:57.901,onvif-e9b03eab-61a3-46bd-9f42-888fd59ddbc4,1789816977.883,1789816977.884,1789816977.888,1789816977.894,1789816977.894,1789816977.901,18.17
2026-09-19 16:52:57.983,onvif-e9b03eab-61a3-46bd-9f42-888fd59ddbc4,1789816977.960,1789816977.961,1789816977.965,1789816977.970,1789816977.970,1789816977.984,24.33
2026-09-19 16:52:58.050,onvif-e9b03eab-61a3-46bd-9f42-888fd59ddbc4,1789816978.031,1789816978.033,1789816978.037,1789816978.041,1789816978.041,1789816978.050,18.70
2026-09-19 16:52:58.145,onvif-e9b03eab-61a3-46bd-9f42-888fd59ddbc4,1789816978.128,1789816978.131,1789816978.134,1789816978.139,1789816978.139,1789816978.146,18.11
2026-09-19 16:52:58.234,onvif-e9b03eab-61a3-46bd-9f42-888fd59ddbc4,1789816978.202,1789816978.213,1789816978.219,1789816978.226,1789816978.226,1789816978.235,33.34
2026-09-19 16:52:58.318,onvif-e9b03eab-61a3-46bd-9f42-888fd59ddbc4,1789816978.296,1789816978.296,1789816978.300,1789816978.304,1789816978.304,1789816978.319,23.06
2026-09-19 16:52:58.385,onvif-e9b03eab-61a3-46bd-9f42-888fd59ddbc4,1789816978.364,1789816978.368,1789816978.372,1789816978.376,1789816978.376,1789816978.386,21.81
2026-09-19 16:52:58.506,onvif-e9b03eab-61a3-46bd-9f42-888fd59ddbc4,1789816978.482,1789816978.486,1789816978.490,1789816978.495,1789816978.495,1789816978.506,24.22
2026-09-19 16:52:58.575,onvif-e9b03eab-61a3-46bd-9f42-888fd59ddbc4,1789816978.544,1789816978.558,1789816978.564,1789816978.566,1789816978.566,1789816978.576,31.89
2026-09-19 16:52:58.671,onvif-e9b03eab-61a3-46bd-9f42-888fd59ddbc4,1789816978.646,1789816978.651,1789816978.654,1789816978.658,1789816978.658,1789816978.671,25.36
2026-09-19 16:52:58.733,onvif-e9b03eab-61a3-46bd-9f42-888fd59ddbc4,1789816978.704,1789816978.718,1789816978.722,1789816978.725,1789816978.725,1789816978.734,30.17
2026-09-19 16:52:58.835,onvif-e9b03eab-61a3-46bd-9f42-888fd59ddbc4,1789816978.820,1789816978.821,1789816978.824,1789816978.828,1789816978.828,1789816978.836,15.66
2026-09-19 16:52:58.906,onvif-e9b03eab-61a3-46bd-9f42-888fd59ddbc4,1789816978.884,1789816978.888,1789816978.891,1789816978.896,1789816978.896,1789816978.906,22.27
2026-09-19 16:52:58.994,onvif-e9b03eab-61a3-46bd-9f42-888fd59ddbc4,1789816978.980,1789816978.980,1789816978.984,1789816978.988,1789816978.988,1789816978.995,14.63
2026-09-19 16:52:59.086,onvif-e9b03eab-61a3-46bd-9f42-888fd59ddbc4,1789816979.065,1789816979.068,1789816979.072,1789816979.075,1789816979.075,1789816979.087,21.27
2026-09-19 16:52:59.195,onvif-e9b03eab-61a3-46bd-9f42-888fd59ddbc4,1789816979.163,1789816979.165,1789816979.170,1789816979.173,1789816979.173,1789816979.195,32.67
2026-09-19 16:52:59.258,onvif-e9b03eab-61a3-46bd-9f42-888fd59ddbc4,1789816979.239,1789816979.243,1789816979.247,1789816979.251,1789816979.251,1789816979.259,19.81
2026-09-19 16:52:59.326,onvif-e9b03eab-61a3-46bd-9f42-888fd59ddbc4,1789816979.306,1789816979.310,1789816979.314,1789816979.317,1789816979.317,1789816979.327,20.57
2026-09-19 16:52:59.389,onvif-e9b03eab-61a3-46bd-9f42-888fd59ddbc4,1789816979.372,1789816979.374,1789816979.378,1789816979.382,1789816979.382,1789816979.389,17.03
2026-09-19 16:52:59.465,onvif-e9b03eab-61a3-46bd-9f42-888fd59ddbc4,1789816979.437,1789816979.446,1789816979.452,1789816979.458,1789816979.458,1789816979.466,28.53
2026-09-19 16:52:59.545,onvif-e9b03eab-61a3-46bd-9f42-888fd59ddbc4,1789816979.525,1789816979.528,1789816979.532,1789816979.534,1789816979.534,1789816979.546,21.14
2026-09-19 16:52:59.607,onvif-e9b03eab-61a3-46bd-9f42-888fd59ddbc4,1789816979.579,1789816979.595,1789816979.598,1789816979.600,1789816979.600,1789816979.608,28.86
2026-09-19 16:52:59.672,onvif-e9b03eab-61a3-46bd-9f42-888fd59ddbc4,1789816979.646,1789816979.650,1789816979.653,1789816979.659,1789816979.659,1789816979.673,26.68
2026-09-19 16:52:59.761,onvif-e9b03eab-61a3-46bd-9f42-888fd59ddbc4,1789816979.741,1789816979.742,1789816979.747,1789816979.752,1789816979.752,1789816979.761,19.76
2026-09-19 16:52:59.829,onvif-e9b03eab-61a3-46bd-9f42-888fd59ddbc4,1789816979.804,1789816979.809,1789816979.814,1789816979.818,1789816979.818,1789816979.829,24.96
2026-09-19 16:52:59.911,onvif-e9b03eab-61a3-46bd-9f42-888fd59ddbc4,1789816979.889,1789816979.891,1789816979.895,1789816979.900,1789816979.900,1789816979.912,23.06
2026-09-19 16:52:59.979,onvif-e9b03eab-61a3-46bd-9f42-888fd59ddbc4,1789816979.959,1789816979.963,1789816979.967,1789816979.972,1789816979.972,1789816979.979,19.88
2026-09-19 16:53:00.039,onvif-e9b03eab-61a3-46bd-9f42-888fd59ddbc4,1789816980.016,1789816980.017,1789816980.021,1789816980.026,1789816980.026,1789816980.039,23.17
2026-09-19 16:53:00.106,onvif-e9b03eab-61a3-46bd-9f42-888fd59ddbc4,1789816980.076,1789816980.089,1789816980.094,1789816980.098,1789816980.098,1789816980.106,29.78
2026-09-19 16:53:00.190,onvif-e9b03eab-61a3-46bd-9f42-888fd59ddbc4,1789816980.171,1789816980.172,1789816980.177,1789816980.180,1789816980.180,1789816980.190,18.53
2026-09-19 16:53:00.275,onvif-e9b03eab-61a3-46bd-9f42-888fd59ddbc4,1789816980.254,1789816980.259,1789816980.263,1789816980.267,1789816980.267,1789816980.276,21.80
2026-09-19 16:53:00.333,onvif-e9b03eab-61a3-46bd-9f42-888fd59ddbc4,1789816980.312,1789816980.313,1789816980.319,1789816980.326,1789816980.326,1789816980.334,21.99
2026-09-19 16:53:00.401,onvif-e9b03eab-61a3-46bd-9f42-888fd59ddbc4,1789816980.373,1789816980.385,1789816980.389,1789816980.392,1789816980.392,1789816980.402,28.70
2026-09-19 16:53:00.481,onvif-e9b03eab-61a3-46bd-9f42-888fd59ddbc4,1789816980.464,1789816980.468,1789816980.472,1789816980.475,1789816980.475,1789816980.482,17.44
2026-09-19 16:53:00.571,onvif-e9b03eab-61a3-46bd-9f42-888fd59ddbc4,1789816980.548,1789816980.550,1789816980.556,1789816980.563,1789816980.563,1789816980.572,24.24
2026-09-19 16:53:00.647,onvif-e9b03eab-61a3-46bd-9f42-888fd59ddbc4,1789816980.629,1789816980.633,1789816980.636,1789816980.638,1789816980.638,1789816980.648,19.27
2026-09-19 16:53:00.716,onvif-e9b03eab-61a3-46bd-9f42-888fd59ddbc4,1789816980.697,1789816980.699,1789816980.704,1789816980.710,1789816980.710,1789816980.717,20.04
2026-09-19 16:53:00.818,onvif-e9b03eab-61a3-46bd-9f42-888fd59ddbc4,1789816980.802,1789816980.802,1789816980.806,1789816980.812,1789816980.812,1789816980.819,16.77
2026-09-19 16:53:00.908,onvif-e9b03eab-61a3-46bd-9f42-888fd59ddbc4,1789816980.885,1789816980.890,1789816980.893,1789816980.896,1789816980.896,1789816980.908,23.31
2026-09-19 16:53:00.983,onvif-e9b03eab-61a3-46bd-9f42-888fd59ddbc4,1789816980.964,1789816980.967,1789816980.971,1789816980.977,1789816980.977,1789816980.983,18.87
2026-09-19 16:53:01.060,onvif-e9b03eab-61a3-46bd-9f42-888fd59ddbc4,1789816981.044,1789816981.044,1789816981.049,1789816981.052,1789816981.052,1789816981.060,16.51
2026-09-19 16:53:01.158,onvif-e9b03eab-61a3-46bd-9f42-888fd59ddbc4,1789816981.136,1789816981.138,1789816981.142,1789816981.146,1789816981.146,1789816981.159,22.30
2026-09-19 16:53:01.206,onvif-e9b03eab-61a3-46bd-9f42-888fd59ddbc4,1789816981.188,1789816981.191,1789816981.195,1789816981.199,1789816981.199,1789816981.207,18.19
2026-09-19 16:53:01.277,onvif-e9b03eab-61a3-46bd-9f42-888fd59ddbc4,1789816981.229,1789816981.258,1789816981.261,1789816981.264,1789816981.265,1789816981.277,47.57
2026-09-19 16:53:01.368,onvif-e9b03eab-61a3-46bd-9f42-888fd59ddbc4,1789816981.355,1789816981.356,1789816981.359,1789816981.362,1789816981.362,1789816981.368,13.32
2026-09-19 16:53:01.443,onvif-e9b03eab-61a3-46bd-9f42-888fd59ddbc4,1789816981.400,1789816981.423,1789816981.429,1789816981.433,1789816981.433,1789816981.443,43.65
2026-09-19 16:53:01.532,onvif-e9b03eab-61a3-46bd-9f42-888fd59ddbc4,1789816981.509,1789816981.511,1789816981.514,1789816981.521,1789816981.521,1789816981.533,24.09
2026-09-19 16:53:01.669,onvif-e9b03eab-61a3-46bd-9f42-888fd59ddbc4,1789816981.649,1789816981.649,1789816981.653,1789816981.660,1789816981.660,1789816981.670,21.11
2026-09-19 16:53:01.732,onvif-e9b03eab-61a3-46bd-9f42-888fd59ddbc4,1789816981.707,1789816981.716,1789816981.720,1789816981.726,1789816981.726,1789816981.733,25.55
2026-09-19 16:53:01.820,onvif-e9b03eab-61a3-46bd-9f42-888fd59ddbc4,1789816981.800,1789816981.804,1789816981.808,1789816981.813,1789816981.814,1789816981.821,20.71
2026-09-19 16:53:01.896,onvif-e9b03eab-61a3-46bd-9f42-888fd59ddbc4,1789816981.870,1789816981.876,1789816981.879,1789816981.885,1789816981.885,1789816981.897,26.99
2026-09-19 16:53:01.989,onvif-e9b03eab-61a3-46bd-9f42-888fd59ddbc4,1789816981.971,1789816981.974,1789816981.977,1789816981.983,1789816981.983,1789816981.989,17.79
2026-09-19 16:53:02.059,onvif-e9b03eab-61a3-46bd-9f42-888fd59ddbc4,1789816982.034,1789816982.041,1789816982.047,1789816982.049,1789816982.049,1789816982.059,25.24
2026-09-19 16:53:02.163,onvif-e9b03eab-61a3-46bd-9f42-888fd59ddbc4,1789816982.144,1789816982.144,1789816982.147,1789816982.152,1789816982.152,1789816982.164,20.10
2026-09-19 16:53:02.226,onvif-e9b03eab-61a3-46bd-9f42-888fd59ddbc4,1789816982.199,1789816982.211,1789816982.214,1789816982.219,1789816982.219,1789816982.227,27.18
2026-09-19 16:53:02.313,onvif-e9b03eab-61a3-46bd-9f42-888fd59ddbc4,1789816982.298,1789816982.298,1789816982.304,1789816982.305,1789816982.305,1789816982.313,15.48
2026-09-19 16:53:02.388,onvif-e9b03eab-61a3-46bd-9f42-888fd59ddbc4,1789816982.370,1789816982.370,1789816982.374,1789816982.377,1789816982.377,1789816982.388,18.06
2026-09-19 16:53:02.438,onvif-e9b03eab-61a3-46bd-9f42-888fd59ddbc4,1789816982.420,1789816982.424,1789816982.428,1789816982.431,1789816982.431,1789816982.438,17.84
2026-09-19 16:53:02.519,onvif-e9b03eab-61a3-46bd-9f42-888fd59ddbc4,1789816982.499,1789816982.501,1789816982.505,1789816982.508,1789816982.508,1789816982.519,20.86
2026-09-19 16:53:02.585,onvif-e9b03eab-61a3-46bd-9f42-888fd59ddbc4,1789816982.569,1789816982.573,1789816982.577,1789816982.579,1789816982.579,1789816982.586,17.03
2026-09-19 16:53:02.667,onvif-e9b03eab-61a3-46bd-9f42-888fd59ddbc4,1789816982.649,1789816982.653,1789816982.657,1789816982.659,1789816982.659,1789816982.667,18.41
2026-09-19 16:53:02.738,onvif-e9b03eab-61a3-46bd-9f42-888fd59ddbc4,1789816982.698,1789816982.720,1789816982.724,1789816982.731,1789816982.731,1789816982.738,39.86
2026-09-19 16:53:02.818,onvif-e9b03eab-61a3-46bd-9f42-888fd59ddbc4,1789816982.796,1789816982.797,1789816982.801,1789816982.806,1789816982.807,1789816982.818,21.99
2026-09-19 16:53:02.883,onvif-e9b03eab-61a3-46bd-9f42-888fd59ddbc4,1789816982.865,1789816982.869,1789816982.874,1789816982.877,1789816982.877,1789816982.884,19.22
2026-09-19 16:53:02.991,onvif-e9b03eab-61a3-46bd-9f42-888fd59ddbc4,1789816982.974,1789816982.978,1789816982.981,1789816982.984,1789816982.984,1789816982.992,17.93
2026-09-19 16:53:03.063,onvif-e9b03eab-61a3-46bd-9f42-888fd59ddbc4,1789816983.032,1789816983.045,1789816983.051,1789816983.055,1789816983.055,1789816983.064,31.29
2026-09-19 16:53:03.153,onvif-e9b03eab-61a3-46bd-9f42-888fd59ddbc4,1789816983.130,1789816983.132,1789816983.136,1789816983.142,1789816983.142,1789816983.154,23.76
2026-09-19 16:53:03.202,onvif-e9b03eab-61a3-46bd-9f42-888fd59ddbc4,1789816983.185,1789816983.186,1789816983.190,1789816983.196,1789816983.196,1789816983.202,17.83
2026-09-19 16:53:03.299,onvif-e9b03eab-61a3-46bd-9f42-888fd59ddbc4,1789816983.275,1789816983.279,1789816983.282,1789816983.288,1789816983.288,1789816983.300,24.71
2026-09-19 16:53:03.362,onvif-e9b03eab-61a3-46bd-9f42-888fd59ddbc4,1789816983.331,1789816983.346,1789816983.350,1789816983.354,1789816983.354,1789816983.362,30.83
2026-09-19 16:53:03.447,onvif-e9b03eab-61a3-46bd-9f42-888fd59ddbc4,1789816983.431,1789816983.434,1789816983.437,1789816983.441,1789816983.441,1789816983.448,16.34
2026-09-19 16:53:03.519,onvif-e9b03eab-61a3-46bd-9f42-888fd59ddbc4,1789816983.495,1789816983.501,1789816983.504,1789816983.507,1789816983.508,1789816983.520,25.10
2026-09-19 16:53:03.613,onvif-e9b03eab-61a3-46bd-9f42-888fd59ddbc4,1789816983.596,1789816983.599,1789816983.602,1789816983.605,1789816983.605,1789816983.613,17.80
2026-09-19 16:53:03.698,onvif-e9b03eab-61a3-46bd-9f42-888fd59ddbc4,1789816983.678,1789816983.681,1789816983.687,1789816983.691,1789816983.691,1789816983.699,21.19
2026-09-19 16:53:03.751,onvif-e9b03eab-61a3-46bd-9f42-888fd59ddbc4,1789816983.732,1789816983.735,1789816983.738,1789816983.744,1789816983.744,1789816983.751,18.88
2026-09-19 16:53:03.821,onvif-e9b03eab-61a3-46bd-9f42-888fd59ddbc4,1789816983.798,1789816983.802,1789816983.807,1789816983.810,1789816983.810,1789816983.822,23.44
2026-09-19 16:53:03.888,onvif-e9b03eab-61a3-46bd-9f42-888fd59ddbc4,1789816983.865,1789816983.869,1789816983.873,1789816983.877,1789816983.877,1789816983.889,24.29
2026-09-19 16:53:03.960,onvif-e9b03eab-61a3-46bd-9f42-888fd59ddbc4,1789816983.941,1789816983.944,1789816983.947,1789816983.951,1789816983.951,1789816983.961,19.08
2026-09-19 16:53:04.027,onvif-e9b03eab-61a3-46bd-9f42-888fd59ddbc4,1789816984.000,1789816984.011,1789816984.015,1789816984.018,1789816984.018,1789816984.027,27.89
2026-09-19 16:53:04.122,onvif-e9b03eab-61a3-46bd-9f42-888fd59ddbc4,1789816984.099,1789816984.103,1789816984.107,1789816984.111,1789816984.111,1789816984.122,23.00
2026-09-19 16:53:04.224,onvif-e9b03eab-61a3-46bd-9f42-888fd59ddbc4,1789816984.204,1789816984.206,1789816984.212,1789816984.213,1789816984.213,1789816984.224,19.96
2026-09-19 16:53:04.280,onvif-e9b03eab-61a3-46bd-9f42-888fd59ddbc4,1789816984.264,1789816984.265,1789816984.269,1789816984.272,1789816984.272,1789816984.281,17.04
2026-09-19 16:53:04.381,onvif-e9b03eab-61a3-46bd-9f42-888fd59ddbc4,1789816984.363,1789816984.363,1789816984.366,1789816984.369,1789816984.369,1789816984.382,19.05
2026-09-19 16:53:04.448,onvif-e9b03eab-61a3-46bd-9f42-888fd59ddbc4,1789816984.413,1789816984.430,1789816984.434,1789816984.440,1789816984.440,1789816984.448,35.38
2026-09-19 16:53:04.530,onvif-e9b03eab-61a3-46bd-9f42-888fd59ddbc4,1789816984.507,1789816984.513,1789816984.518,1789816984.522,1789816984.522,1789816984.531,23.63
2026-09-19 16:53:04.616,onvif-e9b03eab-61a3-46bd-9f42-888fd59ddbc4,1789816984.579,1789816984.595,1789816984.599,1789816984.603,1789816984.603,1789816984.616,36.69
2026-09-19 16:53:04.682,onvif-e9b03eab-61a3-46bd-9f42-888fd59ddbc4,1789816984.664,1789816984.667,1789816984.671,1789816984.674,1789816984.674,1789816984.682,18.10
2026-09-19 16:53:04.753,onvif-e9b03eab-61a3-46bd-9f42-888fd59ddbc4,1789816984.731,1789816984.734,1789816984.740,1789816984.744,1789816984.744,1789816984.753,22.44
2026-09-19 16:53:04.829,onvif-e9b03eab-61a3-46bd-9f42-888fd59ddbc4,1789816984.814,1789816984.814,1789816984.818,1789816984.820,1789816984.820,1789816984.829,15.79
2026-09-19 16:53:04.892,onvif-e9b03eab-61a3-46bd-9f42-888fd59ddbc4,1789816984.863,1789816984.881,1789816984.885,1789816984.886,1789816984.886,1789816984.892,29.30
2026-09-19 16:53:04.994,onvif-e9b03eab-61a3-46bd-9f42-888fd59ddbc4,1789816984.976,1789816984.979,1789816984.983,1789816984.988,1789816984.988,1789816984.994,18.73
2026-09-19 16:53:05.068,onvif-e9b03eab-61a3-46bd-9f42-888fd59ddbc4,1789816985.033,1789816985.046,1789816985.050,1789816985.054,1789816985.054,1789816985.068,35.20
2026-09-19 16:53:05.153,onvif-e9b03eab-61a3-46bd-9f42-888fd59ddbc4,1789816985.135,1789816985.139,1789816985.142,1789816985.147,1789816985.147,1789816985.153,17.81
2026-09-19 16:53:05.225,onvif-e9b03eab-61a3-46bd-9f42-888fd59ddbc4,1789816985.209,1789816985.211,1789816985.215,1789816985.217,1789816985.217,1789816985.225,16.13
2026-09-19 16:53:05.325,onvif-e9b03eab-61a3-46bd-9f42-888fd59ddbc4,1789816985.306,1789816985.309,1789816985.313,1789816985.315,1789816985.315,1789816985.325,19.18
2026-09-19 16:53:05.409,onvif-e9b03eab-61a3-46bd-9f42-888fd59ddbc4,1789816985.395,1789816985.396,1789816985.400,1789816985.402,1789816985.402,1789816985.409,14.09
2026-09-19 16:53:05.492,onvif-e9b03eab-61a3-46bd-9f42-888fd59ddbc4,1789816985.471,1789816985.474,1789816985.478,1789816985.485,1789816985.485,1789816985.493,21.97
2026-09-19 16:53:05.571,onvif-e9b03eab-61a3-46bd-9f42-888fd59ddbc4,1789816985.548,1789816985.551,1789816985.554,1789816985.560,1789816985.560,1789816985.572,23.93
2026-09-19 16:53:05.686,onvif-e9b03eab-61a3-46bd-9f42-888fd59ddbc4,1789816985.659,1789816985.664,1789816985.667,1789816985.674,1789816985.674,1789816985.687,27.58
2026-09-19 16:53:05.746,onvif-e9b03eab-61a3-46bd-9f42-888fd59ddbc4,1789816985.712,1789816985.731,1789816985.734,1789816985.739,1789816985.739,1789816985.747,34.79
2026-09-19 16:53:05.834,onvif-e9b03eab-61a3-46bd-9f42-888fd59ddbc4,1789816985.817,1789816985.818,1789816985.822,1789816985.826,1789816985.826,1789816985.834,17.91
2026-09-19 16:53:05.906,onvif-e9b03eab-61a3-46bd-9f42-888fd59ddbc4,1789816985.861,1789816985.885,1789816985.889,1789816985.893,1789816985.893,1789816985.906,45.65
2026-09-19 16:53:05.984,onvif-e9b03eab-61a3-46bd-9f42-888fd59ddbc4,1789816985.964,1789816985.968,1789816985.971,1789816985.975,1789816985.976,1789816985.984,20.14
2026-09-19 16:53:06.062,onvif-e9b03eab-61a3-46bd-9f42-888fd59ddbc4,1789816986.038,1789816986.040,1789816986.045,1789816986.052,1789816986.052,1789816986.063,24.59
2026-09-19 16:53:06.159,onvif-e9b03eab-61a3-46bd-9f42-888fd59ddbc4,1789816986.142,1789816986.142,1789816986.145,1789816986.152,1789816986.152,1789816986.160,18.24
2026-09-19 16:53:06.224,onvif-e9b03eab-61a3-46bd-9f42-888fd59ddbc4,1789816986.205,1789816986.209,1789816986.213,1789816986.218,1789816986.218,1789816986.225,19.37
2026-09-19 16:53:06.319,onvif-e9b03eab-61a3-46bd-9f42-888fd59ddbc4,1789816986.301,1789816986.302,1789816986.306,1789816986.310,1789816986.310,1789816986.319,17.93
2026-09-19 16:53:06.396,onvif-e9b03eab-61a3-46bd-9f42-888fd59ddbc4,1789816986.375,1789816986.379,1789816986.384,1789816986.386,1789816986.386,1789816986.397,21.90
2026-09-19 16:53:06.490,onvif-e9b03eab-61a3-46bd-9f42-888fd59ddbc4,1789816986.477,1789816986.478,1789816986.483,1789816986.484,1789816986.484,1789816986.490,12.96
2026-09-19 16:53:06.570,onvif-e9b03eab-61a3-46bd-9f42-888fd59ddbc4,1789816986.541,1789816986.550,1789816986.555,1789816986.560,1789816986.560,1789816986.571,29.25
2026-09-19 16:53:06.662,onvif-e9b03eab-61a3-46bd-9f42-888fd59ddbc4,1789816986.643,1789816986.643,1789816986.646,1789816986.653,1789816986.653,1789816986.663,20.02
2026-09-19 16:53:06.742,onvif-e9b03eab-61a3-46bd-9f42-888fd59ddbc4,1789816986.710,1789816986.725,1789816986.729,1789816986.734,1789816986.734,1789816986.743,32.52
2026-09-19 16:53:06.824,onvif-e9b03eab-61a3-46bd-9f42-888fd59ddbc4,1789816986.803,1789816986.807,1789816986.811,1789816986.816,1789816986.816,1789816986.824,20.94
2026-09-19 16:53:06.880,onvif-e9b03eab-61a3-46bd-9f42-888fd59ddbc4,1789816986.861,1789816986.861,1789816986.865,1789816986.869,1789816986.870,1789816986.880,19.76
2026-09-19 16:53:06.950,onvif-e9b03eab-61a3-46bd-9f42-888fd59ddbc4,1789816986.932,1789816986.936,1789816986.939,1789816986.944,1789816986.944,1789816986.950,18.24
2026-09-19 16:53:07.024,onvif-e9b03eab-61a3-46bd-9f42-888fd59ddbc4,1789816986.994,1789816987.003,1789816987.009,1789816987.016,1789816987.016,1789816987.025,30.53
2026-09-19 16:53:07.094,onvif-e9b03eab-61a3-46bd-9f42-888fd59ddbc4,1789816987.070,1789816987.075,1789816987.079,1789816987.082,1789816987.082,1789816987.094,23.65
2026-09-19 16:53:07.171,onvif-e9b03eab-61a3-46bd-9f42-888fd59ddbc4,1789816987.154,1789816987.156,1789816987.159,1789816987.163,1789816987.163,1789816987.171,17.09
2026-09-19 16:53:07.243,onvif-e9b03eab-61a3-46bd-9f42-888fd59ddbc4,1789816987.217,1789816987.222,1789816987.228,1789816987.234,1789816987.234,1789816987.244,26.86
2026-09-19 16:53:07.347,onvif-e9b03eab-61a3-46bd-9f42-888fd59ddbc4,1789816987.330,1789816987.331,1789816987.334,1789816987.336,1789816987.337,1789816987.348,17.85
2026-09-19 16:53:07.415,onvif-e9b03eab-61a3-46bd-9f42-888fd59ddbc4,1789816987.386,1789816987.398,1789816987.402,1789816987.408,1789816987.408,1789816987.415,29.06
2026-09-19 16:53:07.483,onvif-e9b03eab-61a3-46bd-9f42-888fd59ddbc4,1789816987.462,1789816987.465,1789816987.471,1789816987.474,1789816987.474,1789816987.484,21.56
2026-09-19 16:53:07.576,onvif-e9b03eab-61a3-46bd-9f42-888fd59ddbc4,1789816987.554,1789816987.557,1789816987.561,1789816987.566,1789816987.566,1789816987.576,21.98
2026-09-19 16:53:07.657,onvif-e9b03eab-61a3-46bd-9f42-888fd59ddbc4,1789816987.637,1789816987.640,1789816987.644,1789816987.649,1789816987.649,1789816987.657,19.89
2026-09-19 16:53:07.728,onvif-e9b03eab-61a3-46bd-9f42-888fd59ddbc4,1789816987.707,1789816987.712,1789816987.716,1789816987.721,1789816987.721,1789816987.729,21.18
2026-09-19 16:53:07.825,onvif-e9b03eab-61a3-46bd-9f42-888fd59ddbc4,1789816987.804,1789816987.805,1789816987.807,1789816987.813,1789816987.814,1789816987.825,21.47
2026-09-19 16:53:07.888,onvif-e9b03eab-61a3-46bd-9f42-888fd59ddbc4,1789816987.869,1789816987.872,1789816987.875,1789816987.881,1789816987.881,1789816987.889,20.36
2026-09-19 16:53:08.016,onvif-e9b03eab-61a3-46bd-9f42-888fd59ddbc4,1789816987.997,1789816988.000,1789816988.004,1789816988.010,1789816988.010,1789816988.017,19.92
2026-09-19 16:53:08.088,onvif-e9b03eab-61a3-46bd-9f42-888fd59ddbc4,1789816988.056,1789816988.067,1789816988.072,1789816988.076,1789816988.076,1789816988.088,31.96
2026-09-19 16:53:08.156,onvif-e9b03eab-61a3-46bd-9f42-888fd59ddbc4,1789816988.132,1789816988.134,1789816988.138,1789816988.142,1789816988.142,1789816988.157,24.07
2026-09-19 16:53:08.204,onvif-e9b03eab-61a3-46bd-9f42-888fd59ddbc4,1789816988.186,1789816988.188,1789816988.192,1789816988.196,1789816988.196,1789816988.205,18.82
2026-09-19 16:53:08.273,onvif-e9b03eab-61a3-46bd-9f42-888fd59ddbc4,1789816988.254,1789816988.255,1789816988.258,1789816988.262,1789816988.262,1789816988.274,19.86
2026-09-19 16:53:08.350,onvif-e9b03eab-61a3-46bd-9f42-888fd59ddbc4,1789816988.333,1789816988.334,1789816988.337,1789816988.344,1789816988.344,1789816988.351,17.07
2026-09-19 16:53:08.422,onvif-e9b03eab-61a3-46bd-9f42-888fd59ddbc4,1789816988.390,1789816988.401,1789816988.408,1789816988.410,1789816988.410,1789816988.423,33.25
2026-09-19 16:53:08.509,onvif-e9b03eab-61a3-46bd-9f42-888fd59ddbc4,1789816988.485,1789816988.489,1789816988.492,1789816988.497,1789816988.497,1789816988.509,24.04
2026-09-19 16:53:08.589,onvif-e9b03eab-61a3-46bd-9f42-888fd59ddbc4,1789816988.568,1789816988.571,1789816988.575,1789816988.580,1789816988.580,1789816988.590,22.00
2026-09-19 16:53:08.690,onvif-e9b03eab-61a3-46bd-9f42-888fd59ddbc4,1789816988.672,1789816988.674,1789816988.678,1789816988.682,1789816988.682,1789816988.691,18.27
2026-09-19 16:53:08.776,onvif-e9b03eab-61a3-46bd-9f42-888fd59ddbc4,1789816988.761,1789816988.761,1789816988.766,1789816988.768,1789816988.768,1789816988.777,15.80
2026-09-19 16:53:08.862,onvif-e9b03eab-61a3-46bd-9f42-888fd59ddbc4,1789816988.842,1789816988.843,1789816988.848,1789816988.850,1789816988.850,1789816988.863,20.75
2026-09-19 16:53:08.933,onvif-e9b03eab-61a3-46bd-9f42-888fd59ddbc4,1789816988.920,1789816988.921,1789816988.924,1789816988.927,1789816988.927,1789816988.933,13.03
2026-09-19 16:53:08.997,onvif-e9b03eab-61a3-46bd-9f42-888fd59ddbc4,1789816988.979,1789816988.980,1789816988.984,1789816988.986,1789816988.986,1789816988.997,18.79
2026-09-19 16:53:09.060,onvif-e9b03eab-61a3-46bd-9f42-888fd59ddbc4,1789816989.031,1789816989.047,1789816989.050,1789816989.054,1789816989.054,1789816989.061,29.26
2026-09-19 16:53:09.152,onvif-e9b03eab-61a3-46bd-9f42-888fd59ddbc4,1789816989.129,1789816989.134,1789816989.138,1789816989.145,1789816989.145,1789816989.152,23.04
2026-09-19 16:53:09.229,onvif-e9b03eab-61a3-46bd-9f42-888fd59ddbc4,1789816989.208,1789816989.211,1789816989.214,1789816989.217,1789816989.217,1789816989.230,21.77
2026-09-19 16:53:09.314,onvif-e9b03eab-61a3-46bd-9f42-888fd59ddbc4,1789816989.295,1789816989.299,1789816989.302,1789816989.305,1789816989.305,1789816989.315,19.27
2026-09-19 16:53:09.395,onvif-e9b03eab-61a3-46bd-9f42-888fd59ddbc4,1789816989.374,1789816989.376,1789816989.380,1789816989.381,1789816989.382,1789816989.395,21.43
2026-09-19 16:53:09.488,onvif-e9b03eab-61a3-46bd-9f42-888fd59ddbc4,1789816989.468,1789816989.473,1789816989.477,1789816989.479,1789816989.479,1789816989.489,20.23
2026-09-19 16:53:09.552,onvif-e9b03eab-61a3-46bd-9f42-888fd59ddbc4,1789816989.540,1789816989.540,1789816989.544,1789816989.545,1789816989.545,1789816989.552,12.02
2026-09-19 16:53:09.611,onvif-e9b03eab-61a3-46bd-9f42-888fd59ddbc4,1789816989.586,1789816989.589,1789816989.594,1789816989.599,1789816989.599,1789816989.612,25.93
2026-09-19 16:53:09.665,onvif-e9b03eab-61a3-46bd-9f42-888fd59ddbc4,1789816989.645,1789816989.648,1789816989.652,1789816989.659,1789816989.659,1789816989.666,20.27
2026-09-19 16:53:09.736,onvif-e9b03eab-61a3-46bd-9f42-888fd59ddbc4,1789816989.694,1789816989.715,1789816989.719,1789816989.725,1789816989.725,1789816989.736,41.75
2026-09-19 16:53:09.826,onvif-e9b03eab-61a3-46bd-9f42-888fd59ddbc4,1789816989.811,1789816989.813,1789816989.817,1789816989.819,1789816989.819,1789816989.827,15.39
2026-09-19 16:53:09.897,onvif-e9b03eab-61a3-46bd-9f42-888fd59ddbc4,1789816989.869,1789816989.880,1789816989.885,1789816989.890,1789816989.890,1789816989.898,28.93
2026-09-19 16:53:09.994,onvif-e9b03eab-61a3-46bd-9f42-888fd59ddbc4,1789816989.973,1789816989.974,1789816989.978,1789816989.983,1789816989.983,1789816989.995,21.63
2026-09-19 16:53:10.060,onvif-e9b03eab-61a3-46bd-9f42-888fd59ddbc4,1789816990.027,1789816990.040,1789816990.044,1789816990.050,1789816990.050,1789816990.061,33.58
2026-09-19 16:53:10.153,onvif-e9b03eab-61a3-46bd-9f42-888fd59ddbc4,1789816990.130,1789816990.133,1789816990.137,1789816990.142,1789816990.142,1789816990.153,23.13
2026-09-19 16:53:10.230,onvif-e9b03eab-61a3-46bd-9f42-888fd59ddbc4,1789816990.209,1789816990.210,1789816990.214,1789816990.219,1789816990.219,1789816990.230,21.36
2026-09-19 16:53:10.316,onvif-e9b03eab-61a3-46bd-9f42-888fd59ddbc4,1789816990.298,1789816990.303,1789816990.306,1789816990.311,1789816990.311,1789816990.316,17.99
2026-09-19 16:53:10.390,onvif-e9b03eab-61a3-46bd-9f42-888fd59ddbc4,1789816990.364,1789816990.370,1789816990.375,1789816990.382,1789816990.382,1789816990.391,26.37
2026-09-19 16:53:10.498,onvif-e9b03eab-61a3-46bd-9f42-888fd59ddbc4,1789816990.477,1789816990.479,1789816990.482,1789816990.485,1789816990.486,1789816990.498,20.75
2026-09-19 16:53:10.557,onvif-e9b03eab-61a3-46bd-9f42-888fd59ddbc4,1789816990.531,1789816990.546,1789816990.549,1789816990.552,1789816990.552,1789816990.558,26.68
2026-09-19 16:53:10.656,onvif-e9b03eab-61a3-46bd-9f42-888fd59ddbc4,1789816990.634,1789816990.638,1789816990.642,1789816990.649,1789816990.649,1789816990.657,22.38
2026-09-19 16:53:10.735,onvif-e9b03eab-61a3-46bd-9f42-888fd59ddbc4,1789816990.711,1789816990.716,1789816990.720,1789816990.725,1789816990.725,1789816990.735,23.97
2026-09-19 16:53:10.829,onvif-e9b03eab-61a3-46bd-9f42-888fd59ddbc4,1789816990.813,1789816990.813,1789816990.816,1789816990.822,1789816990.822,1789816990.830,16.70
2026-09-19 16:53:10.899,onvif-e9b03eab-61a3-46bd-9f42-888fd59ddbc4,1789816990.865,1789816990.880,1789816990.887,1789816990.889,1789816990.889,1789816990.900,34.48
2026-09-19 16:53:10.988,onvif-e9b03eab-61a3-46bd-9f42-888fd59ddbc4,1789816990.963,1789816990.968,1789816990.971,1789816990.976,1789816990.976,1789816990.989,25.95
2026-09-19 16:53:11.050,onvif-e9b03eab-61a3-46bd-9f42-888fd59ddbc4,1789816991.030,1789816991.035,1789816991.039,1789816991.043,1789816991.043,1789816991.050,19.92
2026-09-19 16:53:11.166,onvif-e9b03eab-61a3-46bd-9f42-888fd59ddbc4,1789816991.145,1789816991.148,1789816991.152,1789816991.157,1789816991.157,1789816991.166,20.86
2026-09-19 16:53:11.233,onvif-e9b03eab-61a3-46bd-9f42-888fd59ddbc4,1789816991.204,1789816991.215,1789816991.219,1789816991.224,1789816991.224,1789816991.233,28.73
2026-09-19 16:53:11.318,onvif-e9b03eab-61a3-46bd-9f42-888fd59ddbc4,1789816991.298,1789816991.302,1789816991.307,1789816991.312,1789816991.312,1789816991.319,20.74
2026-09-19 16:53:11.398,onvif-e9b03eab-61a3-46bd-9f42-888fd59ddbc4,1789816991.376,1789816991.379,1789816991.385,1789816991.388,1789816991.388,1789816991.398,22.01
2026-09-19 16:53:11.491,onvif-e9b03eab-61a3-46bd-9f42-888fd59ddbc4,1789816991.470,1789816991.472,1789816991.476,1789816991.480,1789816991.480,1789816991.491,21.36
2026-09-19 16:53:11.541,onvif-e9b03eab-61a3-46bd-9f42-888fd59ddbc4,1789816991.523,1789816991.526,1789816991.530,1789816991.534,1789816991.534,1789816991.541,17.93
2026-09-19 16:53:11.665,onvif-e9b03eab-61a3-46bd-9f42-888fd59ddbc4,1789816991.643,1789816991.645,1789816991.648,1789816991.652,1789816991.652,1789816991.666,22.98
2026-09-19 16:53:11.732,onvif-e9b03eab-61a3-46bd-9f42-888fd59ddbc4,1789816991.710,1789816991.718,1789816991.721,1789816991.725,1789816991.726,1789816991.732,22.01
2026-09-19 16:53:11.815,onvif-e9b03eab-61a3-46bd-9f42-888fd59ddbc4,1789816991.799,1789816991.800,1789816991.805,1789816991.808,1789816991.808,1789816991.816,16.68
2026-09-19 16:53:11.904,onvif-e9b03eab-61a3-46bd-9f42-888fd59ddbc4,1789816991.883,1789816991.888,1789816991.892,1789816991.895,1789816991.895,1789816991.904,20.78
2026-09-19 16:53:12.000,onvif-e9b03eab-61a3-46bd-9f42-888fd59ddbc4,1789816991.985,1789816991.986,1789816991.989,1789816991.993,1789816991.993,1789816992.000,15.20
2026-09-19 16:53:12.084,onvif-e9b03eab-61a3-46bd-9f42-888fd59ddbc4,1789816992.064,1789816992.065,1789816992.070,1789816992.073,1789816992.073,1789816992.085,20.86
2026-09-19 16:53:12.181,onvif-e9b03eab-61a3-46bd-9f42-888fd59ddbc4,1789816992.163,1789816992.163,1789816992.167,1789816992.171,1789816992.172,1789816992.181,18.01
2026-09-19 16:53:12.267,onvif-e9b03eab-61a3-46bd-9f42-888fd59ddbc4,1789816992.240,1789816992.246,1789816992.252,1789816992.259,1789816992.259,1789816992.268,27.54
2026-09-19 16:53:12.323,onvif-e9b03eab-61a3-46bd-9f42-888fd59ddbc4,1789816992.308,1789816992.310,1789816992.314,1789816992.317,1789816992.317,1789816992.324,16.47
2026-09-19 16:53:12.398,onvif-e9b03eab-61a3-46bd-9f42-888fd59ddbc4,1789816992.367,1789816992.377,1789816992.383,1789816992.389,1789816992.389,1789816992.399,31.15
2026-09-19 16:53:12.480,onvif-e9b03eab-61a3-46bd-9f42-888fd59ddbc4,1789816992.462,1789816992.465,1789816992.468,1789816992.471,1789816992.471,1789816992.480,18.02
2026-09-19 16:53:12.555,onvif-e9b03eab-61a3-46bd-9f42-888fd59ddbc4,1789816992.540,1789816992.542,1789816992.545,1789816992.549,1789816992.549,1789816992.556,15.89
2026-09-19 16:53:12.649,onvif-e9b03eab-61a3-46bd-9f42-888fd59ddbc4,1789816992.634,1789816992.634,1789816992.638,1789816992.641,1789816992.641,1789816992.649,15.64
2026-09-19 16:53:12.757,onvif-e9b03eab-61a3-46bd-9f42-888fd59ddbc4,1789816992.734,1789816992.737,1789816992.741,1789816992.744,1789816992.744,1789816992.758,24.00
2026-09-19 16:53:12.817,onvif-e9b03eab-61a3-46bd-9f42-888fd59ddbc4,1789816992.803,1789816992.804,1789816992.808,1789816992.811,1789816992.811,1789816992.818,14.74
2026-09-19 16:53:12.891,onvif-e9b03eab-61a3-46bd-9f42-888fd59ddbc4,1789816992.867,1789816992.871,1789816992.876,1789816992.882,1789816992.882,1789816992.892,24.95
2026-09-19 16:53:12.987,onvif-e9b03eab-61a3-46bd-9f42-888fd59ddbc4,1789816992.966,1789816992.969,1789816992.973,1789816992.976,1789816992.976,1789816992.988,21.53
2026-09-19 16:53:13.054,onvif-e9b03eab-61a3-46bd-9f42-888fd59ddbc4,1789816993.040,1789816993.041,1789816993.044,1789816993.047,1789816993.047,1789816993.055,15.24
2026-09-19 16:53:13.119,onvif-e9b03eab-61a3-46bd-9f42-888fd59ddbc4,1789816993.099,1789816993.100,1789816993.104,1789816993.107,1789816993.107,1789816993.120,20.52
2026-09-19 16:53:13.170,onvif-e9b03eab-61a3-46bd-9f42-888fd59ddbc4,1789816993.152,1789816993.154,1789816993.159,1789816993.161,1789816993.161,1789816993.170,17.74
2026-09-19 16:53:13.236,onvif-e9b03eab-61a3-46bd-9f42-888fd59ddbc4,1789816993.199,1789816993.221,1789816993.225,1789816993.228,1789816993.228,1789816993.236,37.13
2026-09-19 16:53:13.311,onvif-e9b03eab-61a3-46bd-9f42-888fd59ddbc4,1789816993.297,1789816993.298,1789816993.302,1789816993.305,1789816993.305,1789816993.312,15.02
2026-09-19 16:53:13.389,onvif-e9b03eab-61a3-46bd-9f42-888fd59ddbc4,1789816993.366,1789816993.370,1789816993.375,1789816993.382,1789816993.382,1789816993.390,23.15
2026-09-19 16:53:13.489,onvif-e9b03eab-61a3-46bd-9f42-888fd59ddbc4,1789816993.467,1789816993.468,1789816993.472,1789816993.478,1789816993.478,1789816993.490,23.24
2026-09-19 16:53:13.561,onvif-e9b03eab-61a3-46bd-9f42-888fd59ddbc4,1789816993.541,1789816993.545,1789816993.549,1789816993.556,1789816993.556,1789816993.561,20.27
2026-09-19 16:53:13.660,onvif-e9b03eab-61a3-46bd-9f42-888fd59ddbc4,1789816993.644,1789816993.648,1789816993.652,1789816993.654,1789816993.654,1789816993.661,16.28
2026-09-19 16:53:13.734,onvif-e9b03eab-61a3-46bd-9f42-888fd59ddbc4,1789816993.700,1789816993.715,1789816993.721,1789816993.724,1789816993.725,1789816993.735,34.23
2026-09-19 16:53:13.822,onvif-e9b03eab-61a3-46bd-9f42-888fd59ddbc4,1789816993.800,1789816993.802,1789816993.805,1789816993.811,1789816993.811,1789816993.823,22.74
2026-09-19 16:53:13.884,onvif-e9b03eab-61a3-46bd-9f42-888fd59ddbc4,1789816993.866,1789816993.869,1789816993.873,1789816993.877,1789816993.877,1789816993.885,18.72
2026-09-19 16:53:13.992,onvif-e9b03eab-61a3-46bd-9f42-888fd59ddbc4,1789816993.977,1789816993.977,1789816993.982,1789816993.985,1789816993.985,1789816993.993,15.99
2026-09-19 16:53:14.062,onvif-e9b03eab-61a3-46bd-9f42-888fd59ddbc4,1789816994.030,1789816994.044,1789816994.050,1789816994.051,1789816994.052,1789816994.063,32.39
2026-09-19 16:53:14.157,onvif-e9b03eab-61a3-46bd-9f42-888fd59ddbc4,1789816994.133,1789816994.138,1789816994.142,1789816994.145,1789816994.145,1789816994.157,24.25
2026-09-19 16:53:14.235,onvif-e9b03eab-61a3-46bd-9f42-888fd59ddbc4,1789816994.210,1789816994.221,1789816994.225,1789816994.227,1789816994.227,1789816994.236,26.12
2026-09-19 16:53:14.326,onvif-e9b03eab-61a3-46bd-9f42-888fd59ddbc4,1789816994.306,1789816994.309,1789816994.313,1789816994.319,1789816994.319,1789816994.326,20.39
2026-09-19 16:53:14.397,onvif-e9b03eab-61a3-46bd-9f42-888fd59ddbc4,1789816994.364,1789816994.376,1789816994.379,1789816994.386,1789816994.386,1789816994.398,33.56
2026-09-19 16:53:14.480,onvif-e9b03eab-61a3-46bd-9f42-888fd59ddbc4,1789816994.463,1789816994.463,1789816994.467,1789816994.474,1789816994.474,1789816994.481,18.03
2026-09-19 16:53:14.555,onvif-e9b03eab-61a3-46bd-9f42-888fd59ddbc4,1789816994.531,1789816994.535,1789816994.541,1789816994.546,1789816994.546,1789816994.555,24.53
2026-09-19 16:53:14.671,onvif-e9b03eab-61a3-46bd-9f42-888fd59ddbc4,1789816994.644,1789816994.649,1789816994.652,1789816994.658,1789816994.658,1789816994.671,27.38
2026-09-19 16:53:14.732,onvif-e9b03eab-61a3-46bd-9f42-888fd59ddbc4,1789816994.693,1789816994.716,1789816994.720,1789816994.726,1789816994.726,1789816994.733,39.63
2026-09-19 16:53:14.816,onvif-e9b03eab-61a3-46bd-9f42-888fd59ddbc4,1789816994.794,1789816994.798,1789816994.802,1789816994.808,1789816994.808,1789816994.816,22.21
2026-09-19 16:53:14.891,onvif-e9b03eab-61a3-46bd-9f42-888fd59ddbc4,1789816994.865,1789816994.870,1789816994.873,1789816994.879,1789816994.879,1789816994.891,26.57
2026-09-19 16:53:14.991,onvif-e9b03eab-61a3-46bd-9f42-888fd59ddbc4,1789816994.971,1789816994.973,1789816994.977,1789816994.982,1789816994.982,1789816994.992,20.64
2026-09-19 16:53:15.072,onvif-e9b03eab-61a3-46bd-9f42-888fd59ddbc4,1789816995.054,1789816995.055,1789816995.060,1789816995.064,1789816995.064,1789816995.073,18.84
2026-09-19 16:53:15.154,onvif-e9b03eab-61a3-46bd-9f42-888fd59ddbc4,1789816995.134,1789816995.138,1789816995.143,1789816995.145,1789816995.145,1789816995.155,20.56
2026-09-19 16:53:15.224,onvif-e9b03eab-61a3-46bd-9f42-888fd59ddbc4,1789816995.200,1789816995.205,1789816995.207,1789816995.212,1789816995.212,1789816995.224,24.23
2026-09-19 16:53:15.317,onvif-e9b03eab-61a3-46bd-9f42-888fd59ddbc4,1789816995.299,1789816995.302,1789816995.305,1789816995.311,1789816995.311,1789816995.317,17.90
2026-09-19 16:53:15.390,onvif-e9b03eab-61a3-46bd-9f42-888fd59ddbc4,1789816995.371,1789816995.374,1789816995.378,1789816995.382,1789816995.382,1789816995.391,19.35
2026-09-19 16:53:15.507,onvif-e9b03eab-61a3-46bd-9f42-888fd59ddbc4,1789816995.485,1789816995.488,1789816995.491,1789816995.495,1789816995.495,1789816995.507,22.75
2026-09-19 16:53:15.571,onvif-e9b03eab-61a3-46bd-9f42-888fd59ddbc4,1789816995.534,1789816995.555,1789816995.559,1789816995.561,1789816995.562,1789816995.571,37.50
2026-09-19 16:53:15.647,onvif-e9b03eab-61a3-46bd-9f42-888fd59ddbc4,1789816995.629,1789816995.632,1789816995.637,1789816995.639,1789816995.639,1789816995.647,18.03
2026-09-19 16:53:15.724,onvif-e9b03eab-61a3-46bd-9f42-888fd59ddbc4,1789816995.698,1789816995.705,1789816995.707,1789816995.711,1789816995.711,1789816995.725,26.36
2026-09-19 16:53:15.826,onvif-e9b03eab-61a3-46bd-9f42-888fd59ddbc4,1789816995.805,1789816995.807,1789816995.810,1789816995.814,1789816995.814,1789816995.826,20.82
2026-09-19 16:53:15.893,onvif-e9b03eab-61a3-46bd-9f42-888fd59ddbc4,1789816995.873,1789816995.879,1789816995.883,1789816995.886,1789816995.886,1789816995.893,19.74
2026-09-19 16:53:15.999,onvif-e9b03eab-61a3-46bd-9f42-888fd59ddbc4,1789816995.977,1789816995.982,1789816995.986,1789816995.994,1789816995.994,1789816996.000,22.39
2026-09-19 16:53:16.069,onvif-e9b03eab-61a3-46bd-9f42-888fd59ddbc4,1789816996.029,1789816996.049,1789816996.055,1789816996.060,1789816996.060,1789816996.069,40.17
2026-09-19 16:53:16.174,onvif-e9b03eab-61a3-46bd-9f42-888fd59ddbc4,1789816996.155,1789816996.157,1789816996.161,1789816996.163,1789816996.163,1789816996.175,19.94
2026-09-19 16:53:16.241,onvif-e9b03eab-61a3-46bd-9f42-888fd59ddbc4,1789816996.219,1789816996.224,1789816996.228,1789816996.234,1789816996.234,1789816996.242,23.26
2026-09-19 16:53:16.319,onvif-e9b03eab-61a3-46bd-9f42-888fd59ddbc4,1789816996.300,1789816996.302,1789816996.306,1789816996.311,1789816996.311,1789816996.319,19.25
2026-09-19 16:53:16.392,onvif-e9b03eab-61a3-46bd-9f42-888fd59ddbc4,1789816996.365,1789816996.374,1789816996.377,1789816996.382,1789816996.382,1789816996.392,27.00
2026-09-19 16:53:16.501,onvif-e9b03eab-61a3-46bd-9f42-888fd59ddbc4,1789816996.478,1789816996.482,1789816996.485,1789816996.491,1789816996.491,1789816996.502,23.93
2026-09-19 16:53:16.610,onvif-e9b03eab-61a3-46bd-9f42-888fd59ddbc4,1789816996.586,1789816996.590,1789816996.593,1789816996.599,1789816996.599,1789816996.611,25.30
2026-09-19 16:53:16.681,onvif-e9b03eab-61a3-46bd-9f42-888fd59ddbc4,1789816996.658,1789816996.662,1789816996.666,1789816996.671,1789816996.671,1789816996.681,23.13
2026-09-19 16:53:16.760,onvif-e9b03eab-61a3-46bd-9f42-888fd59ddbc4,1789816996.736,1789816996.739,1789816996.743,1789816996.748,1789816996.749,1789816996.761,25.24
2026-09-19 16:53:16.829,onvif-e9b03eab-61a3-46bd-9f42-888fd59ddbc4,1789816996.805,1789816996.808,1789816996.813,1789816996.818,1789816996.818,1789816996.829,23.94
2026-09-19 16:53:16.896,onvif-e9b03eab-61a3-46bd-9f42-888fd59ddbc4,1789816996.878,1789816996.881,1789816996.885,1789816996.889,1789816996.889,1789816996.897,18.06
2026-09-19 16:53:16.994,onvif-e9b03eab-61a3-46bd-9f42-888fd59ddbc4,1789816996.975,1789816996.979,1789816996.982,1789816996.987,1789816996.987,1789816996.995,20.19
2026-09-19 16:53:17.062,onvif-e9b03eab-61a3-46bd-9f42-888fd59ddbc4,1789816997.030,1789816997.046,1789816997.049,1789816997.052,1789816997.052,1789816997.062,31.82
2026-09-19 16:53:17.165,onvif-e9b03eab-61a3-46bd-9f42-888fd59ddbc4,1789816997.146,1789816997.149,1789816997.152,1789816997.155,1789816997.155,1789816997.165,19.37
2026-09-19 16:53:17.233,onvif-e9b03eab-61a3-46bd-9f42-888fd59ddbc4,1789816997.209,1789816997.216,1789816997.220,1789816997.226,1789816997.226,1789816997.233,24.11
2026-09-19 16:53:17.324,onvif-e9b03eab-61a3-46bd-9f42-888fd59ddbc4,1789816997.303,1789816997.308,1789816997.312,1789816997.318,1789816997.318,1789816997.325,21.44
2026-09-19 16:53:17.393,onvif-e9b03eab-61a3-46bd-9f42-888fd59ddbc4,1789816997.361,1789816997.375,1789816997.378,1789816997.383,1789816997.383,1789816997.393,32.71
2026-09-19 16:53:17.497,onvif-e9b03eab-61a3-46bd-9f42-888fd59ddbc4,1789816997.475,1789816997.478,1789816997.482,1789816997.486,1789816997.486,1789816997.498,22.43
2026-09-19 16:53:17.569,onvif-e9b03eab-61a3-46bd-9f42-888fd59ddbc4,1789816997.553,1789816997.556,1789816997.559,1789816997.562,1789816997.563,1789816997.569,16.18
2026-09-19 16:53:17.649,onvif-e9b03eab-61a3-46bd-9f42-888fd59ddbc4,1789816997.630,1789816997.630,1789816997.634,1789816997.637,1789816997.637,1789816997.649,19.66
2026-09-19 16:53:17.726,onvif-e9b03eab-61a3-46bd-9f42-888fd59ddbc4,1789816997.702,1789816997.713,1789816997.717,1789816997.719,1789816997.719,1789816997.727,25.00
2026-09-19 16:53:17.825,onvif-e9b03eab-61a3-46bd-9f42-888fd59ddbc4,1789816997.808,1789816997.811,1789816997.814,1789816997.818,1789816997.818,1789816997.826,17.68
2026-09-19 16:53:17.896,onvif-e9b03eab-61a3-46bd-9f42-888fd59ddbc4,1789816997.865,1789816997.877,1789816997.880,1789816997.884,1789816997.884,1789816997.897,32.19
2026-09-19 16:53:17.987,onvif-e9b03eab-61a3-46bd-9f42-888fd59ddbc4,1789816997.972,1789816997.975,1789816997.979,1789816997.981,1789816997.981,1789816997.988,15.47
2026-09-19 16:53:18.060,onvif-e9b03eab-61a3-46bd-9f42-888fd59ddbc4,1789816998.033,1789816998.042,1789816998.047,1789816998.052,1789816998.052,1789816998.061,27.85
2026-09-19 16:53:18.155,onvif-e9b03eab-61a3-46bd-9f42-888fd59ddbc4,1789816998.134,1789816998.135,1789816998.139,1789816998.144,1789816998.145,1789816998.155,21.26
2026-09-19 16:53:18.230,onvif-e9b03eab-61a3-46bd-9f42-888fd59ddbc4,1789816998.211,1789816998.213,1789816998.217,1789816998.223,1789816998.223,1789816998.231,19.75
2026-09-19 16:53:18.311,onvif-e9b03eab-61a3-46bd-9f42-888fd59ddbc4,1789816998.293,1789816998.295,1789816998.299,1789816998.305,1789816998.305,1789816998.312,19.32
2026-09-19 16:53:18.400,onvif-e9b03eab-61a3-46bd-9f42-888fd59ddbc4,1789816998.381,1789816998.382,1789816998.385,1789816998.388,1789816998.388,1789816998.400,19.14
2026-09-19 16:53:18.485,onvif-e9b03eab-61a3-46bd-9f42-888fd59ddbc4,1789816998.465,1789816998.470,1789816998.474,1789816998.476,1789816998.476,1789816998.485,20.08
2026-09-19 16:53:18.571,onvif-e9b03eab-61a3-46bd-9f42-888fd59ddbc4,1789816998.545,1789816998.547,1789816998.552,1789816998.559,1789816998.559,1789816998.572,26.30
2026-09-19 16:53:18.652,onvif-e9b03eab-61a3-46bd-9f42-888fd59ddbc4,1789816998.633,1789816998.635,1789816998.638,1789816998.642,1789816998.642,1789816998.653,20.20
2026-09-19 16:53:18.715,onvif-e9b03eab-61a3-46bd-9f42-888fd59ddbc4,1789816998.699,1789816998.702,1789816998.706,1789816998.708,1789816998.708,1789816998.715,16.51
2026-09-19 16:53:18.828,onvif-e9b03eab-61a3-46bd-9f42-888fd59ddbc4,1789816998.814,1789816998.814,1789816998.817,1789816998.820,1789816998.820,1789816998.828,14.23
2026-09-19 16:53:18.903,onvif-e9b03eab-61a3-46bd-9f42-888fd59ddbc4,1789816998.883,1789816998.886,1789816998.891,1789816998.896,1789816998.896,1789816998.904,21.17
2026-09-19 16:53:18.997,onvif-e9b03eab-61a3-46bd-9f42-888fd59ddbc4,1789816998.975,1789816998.976,1789816998.980,1789816998.986,1789816998.986,1789816998.998,22.36
2026-09-19 16:53:19.065,onvif-e9b03eab-61a3-46bd-9f42-888fd59ddbc4,1789816999.044,1789816999.048,1789816999.051,1789816999.058,1789816999.059,1789816999.066,22.41
2026-09-19 16:53:19.173,onvif-e9b03eab-61a3-46bd-9f42-888fd59ddbc4,1789816999.155,1789816999.156,1789816999.160,1789816999.166,1789816999.166,1789816999.173,18.22
2026-09-19 16:53:19.242,onvif-e9b03eab-61a3-46bd-9f42-888fd59ddbc4,1789816999.213,1789816999.223,1789816999.228,1789816999.232,1789816999.232,1789816999.243,30.08
2026-09-19 16:53:19.319,onvif-e9b03eab-61a3-46bd-9f42-888fd59ddbc4,1789816999.301,1789816999.306,1789816999.310,1789816999.314,1789816999.314,1789816999.320,18.90
2026-09-19 16:53:19.396,onvif-e9b03eab-61a3-46bd-9f42-888fd59ddbc4,1789816999.368,1789816999.373,1789816999.378,1789816999.385,1789816999.385,1789816999.396,28.63
2026-09-19 16:53:19.505,onvif-e9b03eab-61a3-46bd-9f42-888fd59ddbc4,1789816999.484,1789816999.486,1789816999.490,1789816999.493,1789816999.494,1789816999.505,21.11
2026-09-19 16:53:19.579,onvif-e9b03eab-61a3-46bd-9f42-888fd59ddbc4,1789816999.561,1789816999.564,1789816999.567,1789816999.570,1789816999.570,1789816999.580,19.05
2026-09-19 16:53:19.639,onvif-e9b03eab-61a3-46bd-9f42-888fd59ddbc4,1789816999.621,1789816999.623,1789816999.625,1789816999.630,1789816999.630,1789816999.640,18.49
2026-09-19 16:53:19.730,onvif-e9b03eab-61a3-46bd-9f42-888fd59ddbc4,1789816999.714,1789816999.715,1789816999.719,1789816999.723,1789816999.723,1789816999.731,17.01
2026-09-19 16:53:19.814,onvif-e9b03eab-61a3-46bd-9f42-888fd59ddbc4,1789816999.791,1789816999.793,1789816999.797,1789816999.804,1789816999.804,1789816999.814,23.82
2026-09-19 16:53:19.887,onvif-e9b03eab-61a3-46bd-9f42-888fd59ddbc4,1789816999.865,1789816999.870,1789816999.873,1789816999.875,1789816999.875,1789816999.887,22.46
2026-09-19 16:53:19.953,onvif-e9b03eab-61a3-46bd-9f42-888fd59ddbc4,1789816999.918,1789816999.937,1789816999.941,1789816999.947,1789816999.947,1789816999.954,35.49
2026-09-19 16:53:20.022,onvif-e9b03eab-61a3-46bd-9f42-888fd59ddbc4,1789816999.999,1789817000.001,1789817000.004,1789817000.011,1789817000.011,1789817000.023,23.36
2026-09-19 16:53:20.071,onvif-e9b03eab-61a3-46bd-9f42-888fd59ddbc4,1789817000.054,1789817000.055,1789817000.059,1789817000.065,1789817000.065,1789817000.072,18.18
2026-09-19 16:53:20.141,onvif-e9b03eab-61a3-46bd-9f42-888fd59ddbc4,1789817000.089,1789817000.122,1789817000.125,1789817000.131,1789817000.131,1789817000.141,52.60
2026-09-19 16:53:20.208,onvif-e9b03eab-61a3-46bd-9f42-888fd59ddbc4,1789817000.185,1789817000.194,1789817000.198,1789817000.203,1789817000.203,1789817000.209,23.61
2026-09-19 16:53:20.282,onvif-e9b03eab-61a3-46bd-9f42-888fd59ddbc4,1789817000.245,1789817000.261,1789817000.268,1789817000.270,1789817000.270,1789817000.282,36.78
2026-09-19 16:53:20.368,onvif-e9b03eab-61a3-46bd-9f42-888fd59ddbc4,1789817000.349,1789817000.351,1789817000.355,1789817000.358,1789817000.358,1789817000.368,18.84
2026-09-19 16:53:20.449,onvif-e9b03eab-61a3-46bd-9f42-888fd59ddbc4,1789817000.424,1789817000.429,1789817000.433,1789817000.440,1789817000.440,1789817000.449,24.72
2026-09-19 16:53:20.516,onvif-e9b03eab-61a3-46bd-9f42-888fd59ddbc4,1789817000.490,1789817000.496,1789817000.502,1789817000.507,1789817000.507,1789817000.517,26.86
2026-09-19 16:53:20.569,onvif-e9b03eab-61a3-46bd-9f42-888fd59ddbc4,1789817000.550,1789817000.555,1789817000.558,1789817000.562,1789817000.562,1789817000.570,20.06
2026-09-19 16:53:20.639,onvif-e9b03eab-61a3-46bd-9f42-888fd59ddbc4,1789817000.597,1789817000.622,1789817000.626,1789817000.628,1789817000.628,1789817000.640,42.87
2026-09-19 16:53:20.707,onvif-e9b03eab-61a3-46bd-9f42-888fd59ddbc4,1789817000.663,1789817000.689,1789817000.692,1789817000.695,1789817000.695,1789817000.708,44.19
2026-09-19 16:53:20.769,onvif-e9b03eab-61a3-46bd-9f42-888fd59ddbc4,1789817000.727,1789817000.755,1789817000.759,1789817000.762,1789817000.762,1789817000.769,42.43
2026-09-19 16:53:20.877,onvif-e9b03eab-61a3-46bd-9f42-888fd59ddbc4,1789817000.856,1789817000.858,1789817000.863,1789817000.870,1789817000.870,1789817000.877,20.97
2026-09-19 16:53:20.942,onvif-e9b03eab-61a3-46bd-9f42-888fd59ddbc4,1789817000.919,1789817000.923,1789817000.926,1789817000.930,1789817000.930,1789817000.942,22.69
2026-09-19 16:53:21.035,onvif-e9b03eab-61a3-46bd-9f42-888fd59ddbc4,1789817001.017,1789817001.021,1789817001.024,1789817001.027,1789817001.027,1789817001.036,18.17
2026-09-19 16:53:21.106,onvif-e9b03eab-61a3-46bd-9f42-888fd59ddbc4,1789817001.089,1789817001.093,1789817001.097,1789817001.099,1789817001.099,1789817001.107,17.57
2026-09-19 16:53:21.192,onvif-e9b03eab-61a3-46bd-9f42-888fd59ddbc4,1789817001.165,1789817001.175,1789817001.178,1789817001.182,1789817001.182,1789817001.193,27.55
2026-09-19 16:53:21.267,onvif-e9b03eab-61a3-46bd-9f42-888fd59ddbc4,1789817001.244,1789817001.252,1789817001.256,1789817001.259,1789817001.259,1789817001.268,23.40
2026-09-19 16:53:21.325,onvif-e9b03eab-61a3-46bd-9f42-888fd59ddbc4,1789817001.305,1789817001.306,1789817001.310,1789817001.313,1789817001.313,1789817001.326,20.28
2026-09-19 16:53:21.391,onvif-e9b03eab-61a3-46bd-9f42-888fd59ddbc4,1789817001.375,1789817001.378,1789817001.382,1789817001.385,1789817001.385,1789817001.392,17.08
2026-09-19 16:53:21.484,onvif-e9b03eab-61a3-46bd-9f42-888fd59ddbc4,1789817001.465,1789817001.466,1789817001.470,1789817001.477,1789817001.477,1789817001.485,20.19
2026-09-19 16:53:21.569,onvif-e9b03eab-61a3-46bd-9f42-888fd59ddbc4,1789817001.545,1789817001.548,1789817001.552,1789817001.559,1789817001.559,1789817001.570,24.71
2026-09-19 16:53:21.652,onvif-e9b03eab-61a3-46bd-9f42-888fd59ddbc4,1789817001.631,1789817001.636,1789817001.639,1789817001.646,1789817001.646,1789817001.653,22.11
2026-09-19 16:53:21.729,onvif-e9b03eab-61a3-46bd-9f42-888fd59ddbc4,1789817001.705,1789817001.708,1789817001.712,1789817001.718,1789817001.718,1789817001.729,23.95
2026-09-19 16:53:21.831,onvif-e9b03eab-61a3-46bd-9f42-888fd59ddbc4,1789817001.811,1789817001.811,1789817001.816,1789817001.821,1789817001.821,1789817001.831,20.60
2026-09-19 16:53:21.895,onvif-e9b03eab-61a3-46bd-9f42-888fd59ddbc4,1789817001.871,1789817001.878,1789817001.883,1789817001.888,1789817001.888,1789817001.895,24.52
2026-09-19 16:53:21.988,onvif-e9b03eab-61a3-46bd-9f42-888fd59ddbc4,1789817001.969,1789817001.971,1789817001.975,1789817001.980,1789817001.980,1789817001.989,19.21
2026-09-19 16:53:22.062,onvif-e9b03eab-61a3-46bd-9f42-888fd59ddbc4,1789817002.036,1789817002.043,1789817002.046,1789817002.051,1789817002.052,1789817002.063,26.26
2026-09-19 16:53:22.256,onvif-e9b03eab-61a3-46bd-9f42-888fd59ddbc4,1789817002.229,1789817002.233,1789817002.237,1789817002.244,1789817002.244,1789817002.256,27.84
2026-09-19 16:53:22.392,onvif-e9b03eab-61a3-46bd-9f42-888fd59ddbc4,1789817002.370,1789817002.373,1789817002.377,1789817002.379,1789817002.379,1789817002.393,22.37
2026-09-19 16:53:22.535,onvif-e9b03eab-61a3-46bd-9f42-888fd59ddbc4,1789817002.515,1789817002.517,1789817002.521,1789817002.525,1789817002.525,1789817002.536,21.36
2026-09-19 16:53:22.681,onvif-e9b03eab-61a3-46bd-9f42-888fd59ddbc4,1789817002.659,1789817002.661,1789817002.664,1789817002.670,1789817002.670,1789817002.682,22.77
2026-09-19 16:53:22.829,onvif-e9b03eab-61a3-46bd-9f42-888fd59ddbc4,1789817002.807,1789817002.810,1789817002.813,1789817002.819,1789817002.819,1789817002.830,22.95
2026-09-19 16:53:22.939,onvif-e9b03eab-61a3-46bd-9f42-888fd59ddbc4,1789817002.918,1789817002.918,1789817002.922,1789817002.926,1789817002.926,1789817002.940,21.40
2026-09-19 16:53:23.089,onvif-e9b03eab-61a3-46bd-9f42-888fd59ddbc4,1789817003.068,1789817003.069,1789817003.072,1789817003.076,1789817003.076,1789817003.090,21.55
2026-09-19 16:53:23.262,onvif-e9b03eab-61a3-46bd-9f42-888fd59ddbc4,1789817003.242,1789817003.244,1789817003.248,1789817003.252,1789817003.252,1789817003.263,20.12
2026-09-19 16:53:23.413,onvif-e9b03eab-61a3-46bd-9f42-888fd59ddbc4,1789817003.390,1789817003.395,1789817003.398,1789817003.402,1789817003.402,1789817003.413,23.76
2026-09-19 16:53:23.847,onvif-e9b03eab-61a3-46bd-9f42-888fd59ddbc4,1789817003.827,1789817003.827,1789817003.832,1789817003.834,1789817003.834,1789817003.847,20.32
2026-09-19 16:53:23.978,onvif-e9b03eab-61a3-46bd-9f42-888fd59ddbc4,1789817003.947,1789817003.951,1789817003.958,1789817003.962,1789817003.962,1789817003.978,30.96
2026-09-19 16:53:24.151,onvif-e9b03eab-61a3-46bd-9f42-888fd59ddbc4,1789817004.117,1789817004.121,1789817004.128,1789817004.136,1789817004.136,1789817004.152,35.09
2026-09-19 16:53:24.606,onvif-e9b03eab-61a3-46bd-9f42-888fd59ddbc4,1789817004.572,1789817004.573,1789817004.580,1789817004.587,1789817004.587,1789817004.607,34.92
2026-09-19 16:53:24.665,onvif-e9b03eab-61a3-46bd-9f42-888fd59ddbc4,1789817004.636,1789817004.640,1789817004.648,1789817004.651,1789817004.651,1789817004.666,29.99
2026-09-19 16:53:24.781,onvif-e9b03eab-61a3-46bd-9f42-888fd59ddbc4,1789817004.750,1789817004.751,1789817004.758,1789817004.765,1789817004.765,1789817004.782,32.44
2026-09-19 16:53:24.929,onvif-e9b03eab-61a3-46bd-9f42-888fd59ddbc4,1789817004.900,1789817004.900,1789817004.907,1789817004.912,1789817004.912,1789817004.929,29.67
2026-09-19 16:53:25.080,onvif-e9b03eab-61a3-46bd-9f42-888fd59ddbc4,1789817005.044,1789817005.044,1789817005.051,1789817005.056,1789817005.056,1789817005.080,36.21
2026-09-19 16:53:25.134,onvif-e9b03eab-61a3-46bd-9f42-888fd59ddbc4,1789817005.078,1789817005.111,1789817005.118,1789817005.123,1789817005.124,1789817005.135,56.71
2026-09-19 16:53:25.240,onvif-e9b03eab-61a3-46bd-9f42-888fd59ddbc4,1789817005.202,1789817005.207,1789817005.214,1789817005.222,1789817005.222,1789817005.240,38.57
2026-09-19 16:53:25.387,onvif-e9b03eab-61a3-46bd-9f42-888fd59ddbc4,1789817005.360,1789817005.361,1789817005.369,1789817005.374,1789817005.375,1789817005.388,27.99
2026-09-19 16:53:25.547,onvif-e9b03eab-61a3-46bd-9f42-888fd59ddbc4,1789817005.511,1789817005.511,1789817005.517,1789817005.522,1789817005.522,1789817005.547,36.41
2026-09-19 16:53:25.698,onvif-e9b03eab-61a3-46bd-9f42-888fd59ddbc4,1789817005.663,1789817005.666,1789817005.672,1789817005.679,1789817005.679,1789817005.698,35.31
2026-09-19 16:53:25.852,onvif-e9b03eab-61a3-46bd-9f42-888fd59ddbc4,1789817005.820,1789817005.821,1789817005.827,1789817005.831,1789817005.831,1789817005.852,32.31
2026-09-19 16:53:25.912,onvif-e9b03eab-61a3-46bd-9f42-888fd59ddbc4,1789817005.856,1789817005.888,1789817005.894,1789817005.899,1789817005.899,1789817005.912,55.92
2026-09-19 16:53:26.032,onvif-e9b03eab-61a3-46bd-9f42-888fd59ddbc4,1789817005.997,1789817005.999,1789817006.005,1789817006.013,1789817006.013,1789817006.032,34.83
2026-09-19 16:53:26.175,onvif-e9b03eab-61a3-46bd-9f42-888fd59ddbc4,1789817006.147,1789817006.149,1789817006.154,1789817006.159,1789817006.159,1789817006.175,27.86
2026-09-19 16:53:26.322,onvif-e9b03eab-61a3-46bd-9f42-888fd59ddbc4,1789817006.296,1789817006.298,1789817006.303,1789817006.306,1789817006.306,1789817006.322,26.32
2026-09-19 16:53:26.472,onvif-e9b03eab-61a3-46bd-9f42-888fd59ddbc4,1789817006.447,1789817006.448,1789817006.453,1789817006.457,1789817006.457,1789817006.472,25.39
2026-09-19 16:53:26.625,onvif-e9b03eab-61a3-46bd-9f42-888fd59ddbc4,1789817006.602,1789817006.603,1789817006.609,1789817006.614,1789817006.614,1789817006.625,23.43
2026-09-19 16:53:26.715,onvif-e9b03eab-61a3-46bd-9f42-888fd59ddbc4,1789817006.688,1789817006.690,1789817006.697,1789817006.702,1789817006.702,1789817006.715,26.96
2026-09-19 16:53:26.868,onvif-e9b03eab-61a3-46bd-9f42-888fd59ddbc4,1789817006.842,1789817006.845,1789817006.850,1789817006.853,1789817006.853,1789817006.869,26.05
2026-09-19 16:53:26.931,onvif-e9b03eab-61a3-46bd-9f42-888fd59ddbc4,1789817006.905,1789817006.912,1789817006.918,1789817006.924,1789817006.924,1789817006.931,25.89
2026-09-19 16:53:27.000,onvif-e9b03eab-61a3-46bd-9f42-888fd59ddbc4,1789817006.966,1789817006.979,1789817006.983,1789817006.988,1789817006.988,1789817007.001,34.86
2026-09-19 16:53:27.082,onvif-e9b03eab-61a3-46bd-9f42-888fd59ddbc4,1789817007.065,1789817007.067,1789817007.071,1789817007.075,1789817007.075,1789817007.082,17.57
2026-09-19 16:53:27.164,onvif-e9b03eab-61a3-46bd-9f42-888fd59ddbc4,1789817007.146,1789817007.150,1789817007.153,1789817007.156,1789817007.156,1789817007.165,19.31
2026-09-19 16:53:27.277,onvif-e9b03eab-61a3-46bd-9f42-888fd59ddbc4,1789817007.253,1789817007.259,1789817007.263,1789817007.266,1789817007.266,1789817007.277,24.21
2026-09-19 16:53:27.337,onvif-e9b03eab-61a3-46bd-9f42-888fd59ddbc4,1789817007.302,1789817007.326,1789817007.329,1789817007.331,1789817007.331,1789817007.337,35.47
2026-09-19 16:53:27.407,onvif-e9b03eab-61a3-46bd-9f42-888fd59ddbc4,1789817007.378,1789817007.393,1789817007.396,1789817007.398,1789817007.398,1789817007.407,29.79
2026-09-19 16:53:27.490,onvif-e9b03eab-61a3-46bd-9f42-888fd59ddbc4,1789817007.474,1789817007.475,1789817007.479,1789817007.485,1789817007.485,1789817007.491,16.88
2026-09-19 16:53:27.583,onvif-e9b03eab-61a3-46bd-9f42-888fd59ddbc4,1789817007.567,1789817007.568,1789817007.571,1789817007.577,1789817007.577,1789817007.584,16.68
2026-09-19 16:53:27.658,onvif-e9b03eab-61a3-46bd-9f42-888fd59ddbc4,1789817007.637,1789817007.637,1789817007.640,1789817007.646,1789817007.646,1789817007.658,21.49
2026-09-19 16:53:27.718,onvif-e9b03eab-61a3-46bd-9f42-888fd59ddbc4,1789817007.700,1789817007.704,1789817007.707,1789817007.712,1789817007.712,1789817007.719,18.43
2026-09-19 16:53:27.832,onvif-e9b03eab-61a3-46bd-9f42-888fd59ddbc4,1789817007.815,1789817007.817,1789817007.821,1789817007.825,1789817007.825,1789817007.832,16.67
2026-09-19 16:53:27.904,onvif-e9b03eab-61a3-46bd-9f42-888fd59ddbc4,1789817007.870,1789817007.884,1789817007.890,1789817007.896,1789817007.896,1789817007.904,34.06
2026-09-19 16:53:27.989,onvif-e9b03eab-61a3-46bd-9f42-888fd59ddbc4,1789817007.971,1789817007.972,1789817007.974,1789817007.977,1789817007.977,1789817007.989,17.94
2026-09-19 16:53:28.083,onvif-e9b03eab-61a3-46bd-9f42-888fd59ddbc4,1789817008.070,1789817008.070,1789817008.074,1789817008.075,1789817008.075,1789817008.083,13.61
2026-09-19 16:53:28.162,onvif-e9b03eab-61a3-46bd-9f42-888fd59ddbc4,1789817008.145,1789817008.147,1789817008.152,1789817008.156,1789817008.156,1789817008.163,17.96
2026-09-19 16:53:28.246,onvif-e9b03eab-61a3-46bd-9f42-888fd59ddbc4,1789817008.229,1789817008.230,1789817008.233,1789817008.236,1789817008.237,1789817008.246,16.96
2026-09-19 16:53:28.334,onvif-e9b03eab-61a3-46bd-9f42-888fd59ddbc4,1789817008.320,1789817008.322,1789817008.325,1789817008.327,1789817008.327,1789817008.335,14.85
2026-09-19 16:53:28.391,onvif-e9b03eab-61a3-46bd-9f42-888fd59ddbc4,1789817008.367,1789817008.371,1789817008.374,1789817008.380,1789817008.380,1789817008.392,25.13
2026-09-19 16:53:28.451,onvif-e9b03eab-61a3-46bd-9f42-888fd59ddbc4,1789817008.434,1789817008.438,1789817008.441,1789817008.445,1789817008.445,1789817008.452,18.15
2026-09-19 16:53:28.523,onvif-e9b03eab-61a3-46bd-9f42-888fd59ddbc4,1789817008.499,1789817008.505,1789817008.510,1789817008.516,1789817008.516,1789817008.524,24.58
2026-09-19 16:53:28.593,onvif-e9b03eab-61a3-46bd-9f42-888fd59ddbc4,1789817008.577,1789817008.580,1789817008.583,1789817008.586,1789817008.586,1789817008.594,17.39
2026-09-19 16:53:28.660,onvif-e9b03eab-61a3-46bd-9f42-888fd59ddbc4,1789817008.645,1789817008.649,1789817008.652,1789817008.655,1789817008.655,1789817008.660,15.04
2026-09-19 16:53:28.733,onvif-e9b03eab-61a3-46bd-9f42-888fd59ddbc4,1789817008.713,1789817008.716,1789817008.722,1789817008.724,1789817008.724,1789817008.734,21.12
2026-09-19 16:53:28.793,onvif-e9b03eab-61a3-46bd-9f42-888fd59ddbc4,1789817008.780,1789817008.783,1789817008.786,1789817008.789,1789817008.789,1789817008.793,13.64
2026-09-19 16:53:28.867,onvif-e9b03eab-61a3-46bd-9f42-888fd59ddbc4,1789817008.835,1789817008.850,1789817008.855,1789817008.857,1789817008.858,1789817008.867,32.12
2026-09-19 16:53:28.947,onvif-e9b03eab-61a3-46bd-9f42-888fd59ddbc4,1789817008.929,1789817008.933,1789817008.935,1789817008.939,1789817008.939,1789817008.948,18.28
2026-09-19 16:53:29.017,onvif-e9b03eab-61a3-46bd-9f42-888fd59ddbc4,1789817009.001,1789817009.005,1789817009.008,1789817009.009,1789817009.009,1789817009.017,16.10
2026-09-19 16:53:29.081,onvif-e9b03eab-61a3-46bd-9f42-888fd59ddbc4,1789817009.066,1789817009.069,1789817009.072,1789817009.073,1789817009.073,1789817009.082,15.69
2026-09-19 16:53:29.154,onvif-e9b03eab-61a3-46bd-9f42-888fd59ddbc4,1789817009.141,1789817009.141,1789817009.145,1789817009.148,1789817009.148,1789817009.155,13.97
2026-09-19 16:53:29.244,onvif-e9b03eab-61a3-46bd-9f42-888fd59ddbc4,1789817009.233,1789817009.234,1789817009.237,1789817009.239,1789817009.239,1789817009.245,12.14
2026-09-19 16:53:29.337,onvif-e9b03eab-61a3-46bd-9f42-888fd59ddbc4,1789817009.306,1789817009.316,1789817009.319,1789817009.324,1789817009.324,1789817009.337,30.93
2026-09-19 16:53:29.418,onvif-e9b03eab-61a3-46bd-9f42-888fd59ddbc4,1789817009.400,1789817009.404,1789817009.408,1789817009.410,1789817009.411,1789817009.419,18.35
2026-09-19 16:53:30.778,onvif-e9b03eab-61a3-46bd-9f42-888fd59ddbc4,1789817010.749,1789817010.750,1789817010.755,1789817010.759,1789817010.759,1789817010.779,29.95
2026-09-19 16:53:30.866,onvif-e9b03eab-61a3-46bd-9f42-888fd59ddbc4,1789817010.834,1789817010.835,1789817010.841,1789817010.845,1789817010.845,1789817010.867,33.21
2026-09-19 16:53:30.939,onvif-e9b03eab-61a3-46bd-9f42-888fd59ddbc4,1789817010.899,1789817010.902,1789817010.916,1789817010.918,1789817010.918,1789817010.939,40.12
2026-09-19 16:53:31.014,onvif-e9b03eab-61a3-46bd-9f42-888fd59ddbc4,1789817010.957,1789817010.969,1789817010.978,1789817010.980,1789817010.980,1789817011.014,57.60
2026-09-19 16:53:31.062,onvif-e9b03eab-61a3-46bd-9f42-888fd59ddbc4,1789817011.018,1789817011.037,1789817011.044,1789817011.047,1789817011.048,1789817011.062,44.29
2026-09-19 16:53:31.162,onvif-e9b03eab-61a3-46bd-9f42-888fd59ddbc4,1789817011.115,1789817011.120,1789817011.130,1789817011.135,1789817011.135,1789817011.162,46.85
2026-09-19 16:53:31.227,onvif-e9b03eab-61a3-46bd-9f42-888fd59ddbc4,1789817011.184,1789817011.187,1789817011.192,1789817011.197,1789817011.197,1789817011.228,44.30
2026-09-19 16:53:31.274,onvif-e9b03eab-61a3-46bd-9f42-888fd59ddbc4,1789817011.244,1789817011.246,1789817011.254,1789817011.257,1789817011.257,1789817011.275,30.44
2026-09-19 16:53:31.364,onvif-e9b03eab-61a3-46bd-9f42-888fd59ddbc4,1789817011.306,1789817011.313,1789817011.322,1789817011.327,1789817011.327,1789817011.365,58.80
2026-09-19 16:53:31.404,onvif-e9b03eab-61a3-46bd-9f42-888fd59ddbc4,1789817011.361,1789817011.362,1789817011.373,1789817011.379,1789817011.379,1789817011.405,43.45
2026-09-19 16:53:31.456,onvif-e9b03eab-61a3-46bd-9f42-888fd59ddbc4,1789817011.410,1789817011.411,1789817011.423,1789817011.430,1789817011.430,1789817011.457,46.67
2026-09-19 16:53:31.528,onvif-e9b03eab-61a3-46bd-9f42-888fd59ddbc4,1789817011.473,1789817011.488,1789817011.497,1789817011.503,1789817011.503,1789817011.528,55.95
2026-09-19 16:53:31.629,onvif-e9b03eab-61a3-46bd-9f42-888fd59ddbc4,1789817011.594,1789817011.597,1789817011.607,1789817011.610,1789817011.610,1789817011.629,35.33
2026-09-19 16:53:31.700,onvif-e9b03eab-61a3-46bd-9f42-888fd59ddbc4,1789817011.642,1789817011.664,1789817011.671,1789817011.673,1789817011.673,1789817011.700,58.19
2026-09-19 16:53:31.796,onvif-e9b03eab-61a3-46bd-9f42-888fd59ddbc4,1789817011.747,1789817011.751,1789817011.758,1789817011.762,1789817011.762,1789817011.796,49.05
2026-09-19 16:53:31.848,onvif-e9b03eab-61a3-46bd-9f42-888fd59ddbc4,1789817011.812,1789817011.824,1789817011.829,1789817011.834,1789817011.834,1789817011.848,36.39
2026-09-19 16:53:31.930,onvif-e9b03eab-61a3-46bd-9f42-888fd59ddbc4,1789817011.908,1789817011.911,1789817011.914,1789817011.921,1789817011.921,1789817011.930,22.75
2026-09-19 16:53:31.998,onvif-e9b03eab-61a3-46bd-9f42-888fd59ddbc4,1789817011.972,1789817011.978,1789817011.981,1789817011.986,1789817011.986,1789817011.998,26.17
2026-09-19 16:53:32.103,onvif-e9b03eab-61a3-46bd-9f42-888fd59ddbc4,1789817012.083,1789817012.086,1789817012.089,1789817012.094,1789817012.094,1789817012.104,20.45
2026-09-19 16:53:32.166,onvif-e9b03eab-61a3-46bd-9f42-888fd59ddbc4,1789817012.146,1789817012.153,1789817012.157,1789817012.159,1789817012.159,1789817012.166,19.58
2026-09-19 16:53:32.256,onvif-e9b03eab-61a3-46bd-9f42-888fd59ddbc4,1789817012.244,1789817012.245,1789817012.249,1789817012.251,1789817012.251,1789817012.257,13.35
2026-09-19 16:53:32.336,onvif-e9b03eab-61a3-46bd-9f42-888fd59ddbc4,1789817012.314,1789817012.318,1789817012.321,1789817012.326,1789817012.326,1789817012.337,22.69
2026-09-19 16:53:32.440,onvif-e9b03eab-61a3-46bd-9f42-888fd59ddbc4,1789817012.418,1789817012.421,1789817012.423,1789817012.428,1789817012.428,1789817012.440,22.42
2026-09-19 16:53:32.504,onvif-e9b03eab-61a3-46bd-9f42-888fd59ddbc4,1789817012.468,1789817012.488,1789817012.492,1789817012.498,1789817012.498,1789817012.505,36.82
2026-09-19 16:53:32.605,onvif-e9b03eab-61a3-46bd-9f42-888fd59ddbc4,1789817012.587,1789817012.591,1789817012.594,1789817012.599,1789817012.599,1789817012.605,17.92
2026-09-19 16:53:32.672,onvif-e9b03eab-61a3-46bd-9f42-888fd59ddbc4,1789817012.654,1789817012.655,1789817012.658,1789817012.663,1789817012.663,1789817012.672,18.64
2026-09-19 16:53:32.735,onvif-e9b03eab-61a3-46bd-9f42-888fd59ddbc4,1789817012.691,1789817012.722,1789817012.726,1789817012.729,1789817012.729,1789817012.736,45.05
2026-09-19 16:53:32.810,onvif-e9b03eab-61a3-46bd-9f42-888fd59ddbc4,1789817012.783,1789817012.789,1789817012.794,1789817012.799,1789817012.800,1789817012.810,26.81
2026-09-19 16:53:32.875,onvif-e9b03eab-61a3-46bd-9f42-888fd59ddbc4,1789817012.839,1789817012.856,1789817012.860,1789817012.865,1789817012.865,1789817012.876,36.38
2026-09-19 16:53:32.931,onvif-e9b03eab-61a3-46bd-9f42-888fd59ddbc4,1789817012.915,1789817012.915,1789817012.919,1789817012.924,1789817012.924,1789817012.931,16.12
2026-09-19 16:53:33.006,onvif-e9b03eab-61a3-46bd-9f42-888fd59ddbc4,1789817012.974,1789817012.987,1789817012.990,1789817012.995,1789817012.995,1789817013.007,32.15
2026-09-19 16:53:33.093,onvif-e9b03eab-61a3-46bd-9f42-888fd59ddbc4,1789817013.080,1789817013.080,1789817013.084,1789817013.087,1789817013.087,1789817013.093,13.71
2026-09-19 16:53:33.181,onvif-e9b03eab-61a3-46bd-9f42-888fd59ddbc4,1789817013.160,1789817013.160,1789817013.165,1789817013.169,1789817013.169,1789817013.182,21.91
2026-09-19 16:53:33.274,onvif-e9b03eab-61a3-46bd-9f42-888fd59ddbc4,1789817013.249,1789817013.253,1789817013.257,1789817013.261,1789817013.261,1789817013.274,25.16
2026-09-19 16:53:33.334,onvif-e9b03eab-61a3-46bd-9f42-888fd59ddbc4,1789817013.302,1789817013.320,1789817013.325,1789817013.328,1789817013.328,1789817013.335,33.20
2026-09-19 16:53:33.431,onvif-e9b03eab-61a3-46bd-9f42-888fd59ddbc4,1789817013.411,1789817013.413,1789817013.416,1789817013.420,1789817013.420,1789817013.432,20.05
2026-09-19 16:53:33.496,onvif-e9b03eab-61a3-46bd-9f42-888fd59ddbc4,1789817013.477,1789817013.485,1789817013.488,1789817013.490,1789817013.490,1789817013.497,19.57
2026-09-19 16:53:33.583,onvif-e9b03eab-61a3-46bd-9f42-888fd59ddbc4,1789817013.566,1789817013.567,1789817013.572,1789817013.577,1789817013.577,1789817013.584,17.34
2026-09-19 16:53:33.669,onvif-e9b03eab-61a3-46bd-9f42-888fd59ddbc4,1789817013.646,1789817013.650,1789817013.653,1789817013.658,1789817013.658,1789817013.669,23.08
2026-09-19 16:53:33.761,onvif-e9b03eab-61a3-46bd-9f42-888fd59ddbc4,1789817013.743,1789817013.748,1789817013.751,1789817013.755,1789817013.755,1789817013.762,18.24
2026-09-19 16:53:33.830,onvif-e9b03eab-61a3-46bd-9f42-888fd59ddbc4,1789817013.809,1789817013.815,1789817013.819,1789817013.821,1789817013.821,1789817013.831,21.60
2026-09-19 16:53:33.931,onvif-e9b03eab-61a3-46bd-9f42-888fd59ddbc4,1789817013.909,1789817013.913,1789817013.917,1789817013.922,1789817013.922,1789817013.932,22.23
2026-09-19 16:53:33.993,onvif-e9b03eab-61a3-46bd-9f42-888fd59ddbc4,1789817013.966,1789817013.980,1789817013.983,1789817013.987,1789817013.987,1789817013.993,27.12
2026-09-19 16:53:34.105,onvif-e9b03eab-61a3-46bd-9f42-888fd59ddbc4,1789817014.083,1789817014.088,1789817014.091,1789817014.094,1789817014.094,1789817014.105,21.93
2026-09-19 16:53:34.170,onvif-e9b03eab-61a3-46bd-9f42-888fd59ddbc4,1789817014.141,1789817014.155,1789817014.158,1789817014.164,1789817014.164,1789817014.170,29.53
2026-09-19 16:53:34.252,onvif-e9b03eab-61a3-46bd-9f42-888fd59ddbc4,1789817014.236,1789817014.237,1789817014.241,1789817014.245,1789817014.245,1789817014.252,16.42
2026-09-19 16:53:34.328,onvif-e9b03eab-61a3-46bd-9f42-888fd59ddbc4,1789817014.303,1789817014.309,1789817014.313,1789817014.316,1789817014.316,1789817014.329,25.28
2026-09-19 16:53:34.419,onvif-e9b03eab-61a3-46bd-9f42-888fd59ddbc4,1789817014.405,1789817014.407,1789817014.411,1789817014.414,1789817014.414,1789817014.419,14.04
2026-09-19 16:53:34.498,onvif-e9b03eab-61a3-46bd-9f42-888fd59ddbc4,1789817014.470,1789817014.479,1789817014.486,1789817014.490,1789817014.491,1789817014.499,28.85
2026-09-19 16:53:34.606,onvif-e9b03eab-61a3-46bd-9f42-888fd59ddbc4,1789817014.588,1789817014.593,1789817014.595,1789817014.598,1789817014.598,1789817014.607,19.34
2026-09-19 16:53:34.678,onvif-e9b03eab-61a3-46bd-9f42-888fd59ddbc4,1789817014.650,1789817014.659,1789817014.663,1789817014.669,1789817014.669,1789817014.678,28.28
2026-09-19 16:53:34.751,onvif-e9b03eab-61a3-46bd-9f42-888fd59ddbc4,1789817014.732,1789817014.737,1789817014.741,1789817014.744,1789817014.744,1789817014.751,19.75
2026-09-19 16:53:34.827,onvif-e9b03eab-61a3-46bd-9f42-888fd59ddbc4,1789817014.805,1789817014.809,1789817014.812,1789817014.816,1789817014.816,1789817014.827,21.97
2026-09-19 16:53:34.918,onvif-e9b03eab-61a3-46bd-9f42-888fd59ddbc4,1789817014.907,1789817014.907,1789817014.910,1789817014.912,1789817014.912,1789817014.919,12.24
2026-09-19 16:53:34.997,onvif-e9b03eab-61a3-46bd-9f42-888fd59ddbc4,1789817014.974,1789817014.979,1789817014.984,1789817014.989,1789817014.989,1789817014.997,23.50
2026-09-19 16:53:35.106,onvif-e9b03eab-61a3-46bd-9f42-888fd59ddbc4,1789817015.084,1789817015.087,1789817015.090,1789817015.097,1789817015.097,1789817015.106,22.73
2026-09-19 16:53:35.168,onvif-e9b03eab-61a3-46bd-9f42-888fd59ddbc4,1789817015.139,1789817015.154,1789817015.158,1789817015.162,1789817015.162,1789817015.168,29.84
2026-09-19 16:53:35.256,onvif-e9b03eab-61a3-46bd-9f42-888fd59ddbc4,1789817015.241,1789817015.242,1789817015.245,1789817015.250,1789817015.250,1789817015.256,15.49
2026-09-19 16:53:35.329,onvif-e9b03eab-61a3-46bd-9f42-888fd59ddbc4,1789817015.306,1789817015.309,1789817015.313,1789817015.316,1789817015.316,1789817015.330,23.66
2026-09-19 16:53:35.434,onvif-e9b03eab-61a3-46bd-9f42-888fd59ddbc4,1789817015.413,1789817015.417,1789817015.421,1789817015.423,1789817015.424,1789817015.435,22.31
2026-09-19 16:53:35.500,onvif-e9b03eab-61a3-46bd-9f42-888fd59ddbc4,1789817015.477,1789817015.484,1789817015.488,1789817015.494,1789817015.494,1789817015.501,24.10
2026-09-19 16:53:35.597,onvif-e9b03eab-61a3-46bd-9f42-888fd59ddbc4,1789817015.579,1789817015.582,1789817015.585,1789817015.591,1789817015.591,1789817015.598,18.27
2026-09-19 16:53:35.667,onvif-e9b03eab-61a3-46bd-9f42-888fd59ddbc4,1789817015.637,1789817015.649,1789817015.652,1789817015.655,1789817015.655,1789817015.667,30.00
2026-09-19 16:53:35.758,onvif-e9b03eab-61a3-46bd-9f42-888fd59ddbc4,1789817015.745,1789817015.747,1789817015.750,1789817015.752,1789817015.752,1789817015.759,13.83
2026-09-19 16:53:35.841,onvif-e9b03eab-61a3-46bd-9f42-888fd59ddbc4,1789817015.813,1789817015.824,1789817015.829,1789817015.833,1789817015.833,1789817015.841,28.06
2026-09-19 16:53:35.925,onvif-e9b03eab-61a3-46bd-9f42-888fd59ddbc4,1789817015.905,1789817015.906,1789817015.909,1789817015.914,1789817015.914,1789817015.925,20.70
2026-09-19 16:53:35.995,onvif-e9b03eab-61a3-46bd-9f42-888fd59ddbc4,1789817015.972,1789817015.984,1789817015.987,1789817015.990,1789817015.990,1789817015.996,23.55
2026-09-19 16:53:36.088,onvif-e9b03eab-61a3-46bd-9f42-888fd59ddbc4,1789817016.071,1789817016.071,1789817016.075,1789817016.081,1789817016.082,1789817016.088,17.21
2026-09-19 16:53:36.170,onvif-e9b03eab-61a3-46bd-9f42-888fd59ddbc4,1789817016.144,1789817016.149,1789817016.153,1789817016.158,1789817016.158,1789817016.170,26.63
2026-09-19 16:53:36.255,onvif-e9b03eab-61a3-46bd-9f42-888fd59ddbc4,1789817016.238,1789817016.241,1789817016.245,1789817016.249,1789817016.249,1789817016.256,17.74
2026-09-19 16:53:36.338,onvif-e9b03eab-61a3-46bd-9f42-888fd59ddbc4,1789817016.311,1789817016.318,1789817016.324,1789817016.330,1789817016.330,1789817016.338,26.83
2026-09-19 16:53:36.428,onvif-e9b03eab-61a3-46bd-9f42-888fd59ddbc4,1789817016.411,1789817016.411,1789817016.414,1789817016.417,1789817016.417,1789817016.429,17.63
2026-09-19 16:53:36.494,onvif-e9b03eab-61a3-46bd-9f42-888fd59ddbc4,1789817016.478,1789817016.478,1789817016.481,1789817016.488,1789817016.488,1789817016.495,17.30
2026-09-19 16:53:36.595,onvif-e9b03eab-61a3-46bd-9f42-888fd59ddbc4,1789817016.579,1789817016.581,1789817016.584,1789817016.589,1789817016.589,1789817016.595,16.55
2026-09-19 16:53:36.665,onvif-e9b03eab-61a3-46bd-9f42-888fd59ddbc4,1789817016.646,1789817016.648,1789817016.653,1789817016.655,1789817016.655,1789817016.665,19.43
2026-09-19 16:53:36.765,onvif-e9b03eab-61a3-46bd-9f42-888fd59ddbc4,1789817016.746,1789817016.751,1789817016.755,1789817016.757,1789817016.757,1789817016.766,19.47
2026-09-19 16:53:36.837,onvif-e9b03eab-61a3-46bd-9f42-888fd59ddbc4,1789817016.812,1789817016.818,1789817016.822,1789817016.829,1789817016.829,1789817016.838,25.89
2026-09-19 16:53:36.926,onvif-e9b03eab-61a3-46bd-9f42-888fd59ddbc4,1789817016.911,1789817016.911,1789817016.914,1789817016.920,1789817016.920,1789817016.926,15.87
2026-09-19 16:53:37.015,onvif-e9b03eab-61a3-46bd-9f42-888fd59ddbc4,1789817016.974,1789817016.993,1789817016.997,1789817017.001,1789817017.001,1789817017.016,41.29
2026-09-19 16:53:37.098,onvif-e9b03eab-61a3-46bd-9f42-888fd59ddbc4,1789817017.082,1789817017.086,1789817017.089,1789817017.092,1789817017.092,1789817017.099,16.87
2026-09-19 16:53:37.175,onvif-e9b03eab-61a3-46bd-9f42-888fd59ddbc4,1789817017.142,1789817017.153,1789817017.158,1789817017.163,1789817017.163,1789817017.175,33.16
2026-09-19 16:53:37.265,onvif-e9b03eab-61a3-46bd-9f42-888fd59ddbc4,1789817017.241,1789817017.245,1789817017.249,1789817017.254,1789817017.254,1789817017.266,24.91
2026-09-19 16:53:37.337,onvif-e9b03eab-61a3-46bd-9f42-888fd59ddbc4,1789817017.319,1789817017.323,1789817017.326,1789817017.330,1789817017.331,1789817017.338,19.13
2026-09-19 16:53:37.428,onvif-e9b03eab-61a3-46bd-9f42-888fd59ddbc4,1789817017.410,1789817017.415,1789817017.419,1789817017.422,1789817017.422,1789817017.429,18.63
2026-09-19 16:53:37.496,onvif-e9b03eab-61a3-46bd-9f42-888fd59ddbc4,1789817017.474,1789817017.482,1789817017.486,1789817017.487,1789817017.487,1789817017.497,22.86
2026-09-19 16:53:37.616,onvif-e9b03eab-61a3-46bd-9f42-888fd59ddbc4,1789817017.593,1789817017.596,1789817017.599,1789817017.604,1789817017.604,1789817017.616,23.26
2026-09-19 16:53:37.681,onvif-e9b03eab-61a3-46bd-9f42-888fd59ddbc4,1789817017.666,1789817017.668,1789817017.671,1789817017.675,1789817017.675,1789817017.681,14.98
2026-09-19 16:53:37.760,onvif-e9b03eab-61a3-46bd-9f42-888fd59ddbc4,1789817017.737,1789817017.740,1789817017.745,1789817017.749,1789817017.750,1789817017.761,23.89
2026-09-19 16:53:37.828,onvif-e9b03eab-61a3-46bd-9f42-888fd59ddbc4,1789817017.802,1789817017.807,1789817017.810,1789817017.815,1789817017.815,1789817017.828,26.13
2026-09-19 16:53:37.927,onvif-e9b03eab-61a3-46bd-9f42-888fd59ddbc4,1789817017.909,1789817017.910,1789817017.914,1789817017.917,1789817017.917,1789817017.928,18.57
2026-09-19 16:53:38.001,onvif-e9b03eab-61a3-46bd-9f42-888fd59ddbc4,1789817017.985,1789817017.987,1789817017.990,1789817017.994,1789817017.994,1789817018.001,15.53
2026-09-19 16:53:38.091,onvif-e9b03eab-61a3-46bd-9f42-888fd59ddbc4,1789817018.076,1789817018.080,1789817018.084,1789817018.085,1789817018.085,1789817018.092,15.97
2026-09-19 16:53:38.168,onvif-e9b03eab-61a3-46bd-9f42-888fd59ddbc4,1789817018.140,1789817018.147,1789817018.150,1789817018.156,1789817018.156,1789817018.168,27.91
2026-09-19 16:53:38.258,onvif-e9b03eab-61a3-46bd-9f42-888fd59ddbc4,1789817018.240,1789817018.245,1789817018.248,1789817018.252,1789817018.252,1789817018.259,18.40
2026-09-19 16:53:38.334,onvif-e9b03eab-61a3-46bd-9f42-888fd59ddbc4,1789817018.310,1789817018.317,1789817018.321,1789817018.327,1789817018.327,1789817018.334,24.73
2026-09-19 16:53:38.435,onvif-e9b03eab-61a3-46bd-9f42-888fd59ddbc4,1789817018.413,1789817018.415,1789817018.418,1789817018.423,1789817018.423,1789817018.435,22.21
2026-09-19 16:53:38.499,onvif-e9b03eab-61a3-46bd-9f42-888fd59ddbc4,1789817018.485,1789817018.487,1789817018.490,1789817018.493,1789817018.493,1789817018.500,14.56
2026-09-19 16:53:38.584,onvif-e9b03eab-61a3-46bd-9f42-888fd59ddbc4,1789817018.569,1789817018.569,1789817018.573,1789817018.574,1789817018.574,1789817018.584,15.39
2026-09-19 16:53:38.641,onvif-e9b03eab-61a3-46bd-9f42-888fd59ddbc4,1789817018.622,1789817018.623,1789817018.627,1789817018.633,1789817018.633,1789817018.641,18.95
2026-09-19 16:53:38.716,onvif-e9b03eab-61a3-46bd-9f42-888fd59ddbc4,1789817018.696,1789817018.700,1789817018.704,1789817018.709,1789817018.709,1789817018.717,20.81
2026-09-19 16:53:38.801,onvif-e9b03eab-61a3-46bd-9f42-888fd59ddbc4,1789817018.773,1789817018.783,1789817018.787,1789817018.790,1789817018.790,1789817018.801,28.81
2026-09-19 16:53:38.873,onvif-e9b03eab-61a3-46bd-9f42-888fd59ddbc4,1789817018.850,1789817018.855,1789817018.859,1789817018.861,1789817018.861,1789817018.874,23.38
2026-09-19 16:53:38.926,onvif-e9b03eab-61a3-46bd-9f42-888fd59ddbc4,1789817018.910,1789817018.914,1789817018.918,1789817018.920,1789817018.920,1789817018.927,17.33
2026-09-19 16:53:38.995,onvif-e9b03eab-61a3-46bd-9f42-888fd59ddbc4,1789817018.970,1789817018.981,1789817018.984,1789817018.986,1789817018.986,1789817018.995,25.28
2026-09-19 16:53:39.053,onvif-e9b03eab-61a3-46bd-9f42-888fd59ddbc4,1789817019.034,1789817019.035,1789817019.039,1789817019.045,1789817019.045,1789817019.053,18.81
2026-09-19 16:53:39.109,onvif-e9b03eab-61a3-46bd-9f42-888fd59ddbc4,1789817019.086,1789817019.089,1789817019.093,1789817019.098,1789817019.098,1789817019.110,23.53
2026-09-19 16:53:39.173,onvif-e9b03eab-61a3-46bd-9f42-888fd59ddbc4,1789817019.151,1789817019.161,1789817019.164,1789817019.168,1789817019.168,1789817019.174,22.75
2026-09-19 16:53:39.276,onvif-e9b03eab-61a3-46bd-9f42-888fd59ddbc4,1789817019.262,1789817019.264,1789817019.268,1789817019.270,1789817019.270,1789817019.276,14.72
2026-09-19 16:53:39.361,onvif-e9b03eab-61a3-46bd-9f42-888fd59ddbc4,1789817019.318,1789817019.341,1789817019.346,1789817019.352,1789817019.352,1789817019.362,43.23
2026-09-19 16:53:39.423,onvif-e9b03eab-61a3-46bd-9f42-888fd59ddbc4,1789817019.405,1789817019.408,1789817019.412,1789817019.417,1789817019.417,1789817019.424,18.69
2026-09-19 16:53:39.537,onvif-e9b03eab-61a3-46bd-9f42-888fd59ddbc4,1789817019.518,1789817019.521,1789817019.525,1789817019.530,1789817019.530,1789817019.537,19.01
2026-09-19 16:53:39.623,onvif-e9b03eab-61a3-46bd-9f42-888fd59ddbc4,1789817019.602,1789817019.603,1789817019.606,1789817019.611,1789817019.611,1789817019.624,21.87
2026-09-19 16:53:39.682,onvif-e9b03eab-61a3-46bd-9f42-888fd59ddbc4,1789817019.652,1789817019.670,1789817019.674,1789817019.677,1789817019.677,1789817019.683,30.90
2026-09-19 16:53:39.786,onvif-e9b03eab-61a3-46bd-9f42-888fd59ddbc4,1789817019.764,1789817019.768,1789817019.771,1789817019.778,1789817019.778,1789817019.787,22.30
2026-09-19 16:53:39.857,onvif-e9b03eab-61a3-46bd-9f42-888fd59ddbc4,1789817019.840,1789817019.840,1789817019.845,1789817019.849,1789817019.849,1789817019.857,17.24
2026-09-19 16:53:39.941,onvif-e9b03eab-61a3-46bd-9f42-888fd59ddbc4,1789817019.921,1789817019.922,1789817019.926,1789817019.930,1789817019.930,1789817019.942,20.28
2026-09-19 16:53:40.011,onvif-e9b03eab-61a3-46bd-9f42-888fd59ddbc4,1789817019.998,1789817020.000,1789817020.004,1789817020.006,1789817020.006,1789817020.012,14.04
2026-09-19 16:53:40.099,onvif-e9b03eab-61a3-46bd-9f42-888fd59ddbc4,1789817020.080,1789817020.082,1789817020.086,1789817020.093,1789817020.093,1789817020.099,18.94
2026-09-19 16:53:40.172,onvif-e9b03eab-61a3-46bd-9f42-888fd59ddbc4,1789817020.142,1789817020.149,1789817020.152,1789817020.158,1789817020.158,1789817020.172,30.72
2026-09-19 16:53:40.280,onvif-e9b03eab-61a3-46bd-9f42-888fd59ddbc4,1789817020.260,1789817020.262,1789817020.265,1789817020.271,1789817020.271,1789817020.280,20.64
2026-09-19 16:53:40.343,onvif-e9b03eab-61a3-46bd-9f42-888fd59ddbc4,1789817020.302,1789817020.329,1789817020.333,1789817020.336,1789817020.336,1789817020.344,41.95
2026-09-19 16:53:40.429,onvif-e9b03eab-61a3-46bd-9f42-888fd59ddbc4,1789817020.407,1789817020.412,1789817020.416,1789817020.422,1789817020.422,1789817020.429,22.72
2026-09-19 16:53:40.509,onvif-e9b03eab-61a3-46bd-9f42-888fd59ddbc4,1789817020.491,1789817020.494,1789817020.497,1789817020.499,1789817020.499,1789817020.510,18.34
2026-09-19 16:53:40.592,onvif-e9b03eab-61a3-46bd-9f42-888fd59ddbc4,1789817020.574,1789817020.576,1789817020.579,1789817020.586,1789817020.586,1789817020.592,17.91
2026-09-19 16:53:40.663,onvif-e9b03eab-61a3-46bd-9f42-888fd59ddbc4,1789817020.644,1789817020.648,1789817020.653,1789817020.656,1789817020.656,1789817020.663,19.25
2026-09-19 16:53:40.752,onvif-e9b03eab-61a3-46bd-9f42-888fd59ddbc4,1789817020.734,1789817020.736,1789817020.739,1789817020.741,1789817020.741,1789817020.752,18.48
2026-09-19 16:53:40.829,onvif-e9b03eab-61a3-46bd-9f42-888fd59ddbc4,1789817020.812,1789817020.818,1789817020.821,1789817020.823,1789817020.823,1789817020.829,17.45
2026-09-19 16:53:40.930,onvif-e9b03eab-61a3-46bd-9f42-888fd59ddbc4,1789817020.912,1789817020.916,1789817020.919,1789817020.925,1789817020.925,1789817020.930,18.43
2026-09-19 16:53:40.996,onvif-e9b03eab-61a3-46bd-9f42-888fd59ddbc4,1789817020.977,1789817020.983,1789817020.987,1789817020.989,1789817020.989,1789817020.997,19.44
2026-09-19 16:53:41.112,onvif-e9b03eab-61a3-46bd-9f42-888fd59ddbc4,1789817021.092,1789817021.096,1789817021.100,1789817021.102,1789817021.102,1789817021.112,20.48
2026-09-19 16:53:41.175,onvif-e9b03eab-61a3-46bd-9f42-888fd59ddbc4,1789817021.136,1789817021.163,1789817021.167,1789817021.168,1789817021.168,1789817021.176,39.51
2026-09-19 16:53:41.268,onvif-e9b03eab-61a3-46bd-9f42-888fd59ddbc4,1789817021.248,1789817021.249,1789817021.253,1789817021.258,1789817021.258,1789817021.268,20.22
2026-09-19 16:53:41.330,onvif-e9b03eab-61a3-46bd-9f42-888fd59ddbc4,1789817021.307,1789817021.316,1789817021.319,1789817021.324,1789817021.324,1789817021.330,23.83
2026-09-19 16:53:41.415,onvif-e9b03eab-61a3-46bd-9f42-888fd59ddbc4,1789817021.396,1789817021.398,1789817021.401,1789817021.405,1789817021.405,1789817021.416,19.29
2026-09-19 16:53:41.496,onvif-e9b03eab-61a3-46bd-9f42-888fd59ddbc4,1789817021.483,1789817021.486,1789817021.490,1789817021.491,1789817021.491,1789817021.497,14.22
2026-09-19 16:53:41.594,onvif-e9b03eab-61a3-46bd-9f42-888fd59ddbc4,1789817021.577,1789817021.579,1789817021.582,1789817021.588,1789817021.588,1789817021.594,17.30
2026-09-19 16:53:41.665,onvif-e9b03eab-61a3-46bd-9f42-888fd59ddbc4,1789817021.636,1789817021.646,1789817021.649,1789817021.653,1789817021.653,1789817021.666,29.24
2026-09-19 16:53:41.758,onvif-e9b03eab-61a3-46bd-9f42-888fd59ddbc4,1789817021.740,1789817021.743,1789817021.747,1789817021.750,1789817021.750,1789817021.758,18.63
2026-09-19 16:53:41.834,onvif-e9b03eab-61a3-46bd-9f42-888fd59ddbc4,1789817021.812,1789817021.816,1789817021.821,1789817021.827,1789817021.827,1789817021.834,22.45
2026-09-19 16:53:41.929,onvif-e9b03eab-61a3-46bd-9f42-888fd59ddbc4,1789817021.909,1789817021.914,1789817021.918,1789817021.919,1789817021.919,1789817021.930,20.32
2026-09-19 16:53:42.001,onvif-e9b03eab-61a3-46bd-9f42-888fd59ddbc4,1789817021.971,1789817021.986,1789817021.989,1789817021.995,1789817021.996,1789817022.001,30.73
2026-09-19 16:53:42.094,onvif-e9b03eab-61a3-46bd-9f42-888fd59ddbc4,1789817022.077,1789817022.078,1789817022.082,1789817022.087,1789817022.088,1789817022.095,17.43
2026-09-19 16:53:42.172,onvif-e9b03eab-61a3-46bd-9f42-888fd59ddbc4,1789817022.143,1789817022.155,1789817022.161,1789817022.164,1789817022.164,1789817022.172,29.04
2026-09-19 16:53:42.267,onvif-e9b03eab-61a3-46bd-9f42-888fd59ddbc4,1789817022.248,1789817022.248,1789817022.251,1789817022.256,1789817022.256,1789817022.267,19.47
2026-09-19 16:53:42.333,onvif-e9b03eab-61a3-46bd-9f42-888fd59ddbc4,1789817022.315,1789817022.320,1789817022.324,1789817022.327,1789817022.327,1789817022.334,18.31
2026-09-19 16:53:42.425,onvif-e9b03eab-61a3-46bd-9f42-888fd59ddbc4,1789817022.409,1789817022.413,1789817022.417,1789817022.419,1789817022.419,1789817022.426,16.69
2026-09-19 16:53:42.498,onvif-e9b03eab-61a3-46bd-9f42-888fd59ddbc4,1789817022.469,1789817022.480,1789817022.484,1789817022.489,1789817022.489,1789817022.499,30.32
2026-09-19 16:53:42.581,onvif-e9b03eab-61a3-46bd-9f42-888fd59ddbc4,1789817022.565,1789817022.568,1789817022.571,1789817022.575,1789817022.575,1789817022.581,15.90
2026-09-19 16:53:42.660,onvif-e9b03eab-61a3-46bd-9f42-888fd59ddbc4,1789817022.643,1789817022.645,1789817022.649,1789817022.652,1789817022.652,1789817022.661,17.55
2026-09-19 16:53:42.766,onvif-e9b03eab-61a3-46bd-9f42-888fd59ddbc4,1789817022.743,1789817022.748,1789817022.752,1789817022.754,1789817022.755,1789817022.767,23.69
2026-09-19 16:53:42.832,onvif-e9b03eab-61a3-46bd-9f42-888fd59ddbc4,1789817022.815,1789817022.820,1789817022.824,1789817022.827,1789817022.827,1789817022.833,18.09
2026-09-19 16:53:42.926,onvif-e9b03eab-61a3-46bd-9f42-888fd59ddbc4,1789817022.907,1789817022.908,1789817022.912,1789817022.918,1789817022.918,1789817022.927,20.02
2026-09-19 16:53:42.999,onvif-e9b03eab-61a3-46bd-9f42-888fd59ddbc4,1789817022.975,1789817022.980,1789817022.983,1789817022.988,1789817022.988,1789817022.999,24.08
2026-09-19 16:53:43.094,onvif-e9b03eab-61a3-46bd-9f42-888fd59ddbc4,1789817023.077,1789817023.077,1789817023.080,1789817023.086,1789817023.086,1789817023.095,17.67
2026-09-19 16:53:43.179,onvif-e9b03eab-61a3-46bd-9f42-888fd59ddbc4,1789817023.154,1789817023.155,1789817023.160,1789817023.167,1789817023.167,1789817023.180,25.44
2026-09-19 16:53:43.273,onvif-e9b03eab-61a3-46bd-9f42-888fd59ddbc4,1789817023.250,1789817023.252,1789817023.256,1789817023.259,1789817023.259,1789817023.273,23.06
2026-09-19 16:53:43.336,onvif-e9b03eab-61a3-46bd-9f42-888fd59ddbc4,1789817023.307,1789817023.319,1789817023.324,1789817023.330,1789817023.330,1789817023.337,30.11
2026-09-19 16:53:43.422,onvif-e9b03eab-61a3-46bd-9f42-888fd59ddbc4,1789817023.404,1789817023.407,1789817023.411,1789817023.416,1789817023.416,1789817023.423,19.16
2026-09-19 16:53:43.498,onvif-e9b03eab-61a3-46bd-9f42-888fd59ddbc4,1789817023.476,1789817023.479,1789817023.482,1789817023.487,1789817023.487,1789817023.499,22.25
2026-09-19 16:53:43.584,onvif-e9b03eab-61a3-46bd-9f42-888fd59ddbc4,1789817023.567,1789817023.571,1789817023.574,1789817023.579,1789817023.579,1789817023.585,17.47
2026-09-19 16:53:43.658,onvif-e9b03eab-61a3-46bd-9f42-888fd59ddbc4,1789817023.639,1789817023.642,1789817023.645,1789817023.649,1789817023.649,1789817023.659,20.40
2026-09-19 16:53:43.720,onvif-e9b03eab-61a3-46bd-9f42-888fd59ddbc4,1789817023.701,1789817023.709,1789817023.712,1789817023.714,1789817023.714,1789817023.720,19.42
2026-09-19 16:53:43.794,onvif-e9b03eab-61a3-46bd-9f42-888fd59ddbc4,1789817023.769,1789817023.775,1789817023.780,1789817023.784,1789817023.784,1789817023.795,25.92
2026-09-19 16:53:43.865,onvif-e9b03eab-61a3-46bd-9f42-888fd59ddbc4,1789817023.843,1789817023.848,1789817023.851,1789817023.854,1789817023.854,1789817023.866,23.03
2026-09-19 16:53:43.924,onvif-e9b03eab-61a3-46bd-9f42-888fd59ddbc4,1789817023.909,1789817023.912,1789817023.916,1789817023.918,1789817023.918,1789817023.925,16.02
2026-09-19 16:53:44.004,onvif-e9b03eab-61a3-46bd-9f42-888fd59ddbc4,1789817023.976,1789817023.984,1789817023.989,1789817023.995,1789817023.995,1789817024.004,27.60
2026-09-19 16:53:44.098,onvif-e9b03eab-61a3-46bd-9f42-888fd59ddbc4,1789817024.080,1789817024.082,1789817024.085,1789817024.087,1789817024.087,1789817024.099,18.69
2026-09-19 16:53:44.179,onvif-e9b03eab-61a3-46bd-9f42-888fd59ddbc4,1789817024.163,1789817024.164,1789817024.168,1789817024.173,1789817024.173,1789817024.180,16.81
2026-09-19 16:53:44.268,onvif-e9b03eab-61a3-46bd-9f42-888fd59ddbc4,1789817024.248,1789817024.250,1789817024.253,1789817024.258,1789817024.258,1789817024.268,20.19
2026-09-19 16:53:44.338,onvif-e9b03eab-61a3-46bd-9f42-888fd59ddbc4,1789817024.317,1789817024.322,1789817024.326,1789817024.329,1789817024.329,1789817024.338,21.19
2026-09-19 16:53:44.448,onvif-e9b03eab-61a3-46bd-9f42-888fd59ddbc4,1789817024.417,1789817024.419,1789817024.424,1789817024.426,1789817024.426,1789817024.449,31.52
2026-09-19 16:53:44.531,onvif-e9b03eab-61a3-46bd-9f42-888fd59ddbc4,1789817024.507,1789817024.512,1789817024.516,1789817024.519,1789817024.519,1789817024.532,24.90
2026-09-19 16:53:44.597,onvif-e9b03eab-61a3-46bd-9f42-888fd59ddbc4,1789817024.581,1789817024.581,1789817024.585,1789817024.589,1789817024.590,1789817024.598,16.45
2026-09-19 16:53:44.684,onvif-e9b03eab-61a3-46bd-9f42-888fd59ddbc4,1789817024.665,1789817024.669,1789817024.673,1789817024.676,1789817024.676,1789817024.685,19.42
2026-09-19 16:53:44.770,onvif-e9b03eab-61a3-46bd-9f42-888fd59ddbc4,1789817024.749,1789817024.751,1789817024.755,1789817024.758,1789817024.758,1789817024.770,21.22
2026-09-19 16:53:44.851,onvif-e9b03eab-61a3-46bd-9f42-888fd59ddbc4,1789817024.834,1789817024.839,1789817024.842,1789817024.845,1789817024.845,1789817024.851,17.01
2026-09-19 16:53:44.936,onvif-e9b03eab-61a3-46bd-9f42-888fd59ddbc4,1789817024.917,1789817024.918,1789817024.921,1789817024.925,1789817024.925,1789817024.937,19.96
2026-09-19 16:53:45.003,onvif-e9b03eab-61a3-46bd-9f42-888fd59ddbc4,1789817024.970,1789817024.986,1789817024.989,1789817024.996,1789817024.996,1789817025.003,32.80
2026-09-19 16:53:45.099,onvif-e9b03eab-61a3-46bd-9f42-888fd59ddbc4,1789817025.082,1789817025.084,1789817025.087,1789817025.093,1789817025.093,1789817025.100,17.98
2026-09-19 16:53:45.171,onvif-e9b03eab-61a3-46bd-9f42-888fd59ddbc4,1789817025.141,1789817025.151,1789817025.154,1789817025.159,1789817025.159,1789817025.171,30.12
2026-09-19 16:53:45.266,onvif-e9b03eab-61a3-46bd-9f42-888fd59ddbc4,1789817025.249,1789817025.250,1789817025.254,1789817025.258,1789817025.258,1789817025.266,17.64
2026-09-19 16:53:45.338,onvif-e9b03eab-61a3-46bd-9f42-888fd59ddbc4,1789817025.311,1789817025.317,1789817025.323,1789817025.330,1789817025.330,1789817025.338,26.96
2026-09-19 16:53:45.438,onvif-e9b03eab-61a3-46bd-9f42-888fd59ddbc4,1789817025.416,1789817025.420,1789817025.424,1789817025.427,1789817025.427,1789817025.439,23.08
2026-09-19 16:53:45.487,onvif-e9b03eab-61a3-46bd-9f42-888fd59ddbc4,1789817025.470,1789817025.474,1789817025.479,1789817025.480,1789817025.481,1789817025.488,17.83
2026-09-19 16:53:45.593,onvif-e9b03eab-61a3-46bd-9f42-888fd59ddbc4,1789817025.582,1789817025.582,1789817025.586,1789817025.587,1789817025.587,1789817025.593,10.88
2026-09-19 16:53:45.669,onvif-e9b03eab-61a3-46bd-9f42-888fd59ddbc4,1789817025.644,1789817025.649,1789817025.652,1789817025.657,1789817025.657,1789817025.670,25.91
2026-09-19 16:53:45.749,onvif-e9b03eab-61a3-46bd-9f42-888fd59ddbc4,1789817025.734,1789817025.736,1789817025.740,1789817025.743,1789817025.743,1789817025.750,15.44
2026-09-19 16:53:45.806,onvif-e9b03eab-61a3-46bd-9f42-888fd59ddbc4,1789817025.786,1789817025.791,1789817025.794,1789817025.797,1789817025.797,1789817025.807,20.26
2026-09-19 16:53:45.874,onvif-e9b03eab-61a3-46bd-9f42-888fd59ddbc4,1789817025.858,1789817025.863,1789817025.866,1789817025.868,1789817025.869,1789817025.875,16.14
2026-09-19 16:53:45.966,onvif-e9b03eab-61a3-46bd-9f42-888fd59ddbc4,1789817025.939,1789817025.945,1789817025.950,1789817025.955,1789817025.955,1789817025.967,27.30
2026-09-19 16:53:46.036,onvif-e9b03eab-61a3-46bd-9f42-888fd59ddbc4,1789817026.010,1789817026.017,1789817026.021,1789817026.026,1789817026.026,1789817026.037,26.24
2026-09-19 16:53:46.096,onvif-e9b03eab-61a3-46bd-9f42-888fd59ddbc4,1789817026.079,1789817026.081,1789817026.085,1789817026.090,1789817026.091,1789817026.096,17.50
2026-09-19 16:53:46.168,onvif-e9b03eab-61a3-46bd-9f42-888fd59ddbc4,1789817026.142,1789817026.148,1789817026.152,1789817026.156,1789817026.156,1789817026.169,26.53
2026-09-19 16:53:46.268,onvif-e9b03eab-61a3-46bd-9f42-888fd59ddbc4,1789817026.251,1789817026.251,1789817026.256,1789817026.258,1789817026.258,1789817026.268,17.20
2026-09-19 16:53:46.374,onvif-e9b03eab-61a3-46bd-9f42-888fd59ddbc4,1789817026.359,1789817026.359,1789817026.363,1789817026.365,1789817026.365,1789817026.374,15.77
2026-09-19 16:53:46.434,onvif-e9b03eab-61a3-46bd-9f42-888fd59ddbc4,1789817026.417,1789817026.418,1789817026.422,1789817026.424,1789817026.425,1789817026.434,16.57
2026-09-19 16:53:46.504,onvif-e9b03eab-61a3-46bd-9f42-888fd59ddbc4,1789817026.476,1789817026.485,1789817026.488,1789817026.494,1789817026.494,1789817026.504,28.18
2026-09-19 16:53:46.591,onvif-e9b03eab-61a3-46bd-9f42-888fd59ddbc4,1789817026.575,1789817026.578,1789817026.582,1789817026.586,1789817026.586,1789817026.591,16.40
2026-09-19 16:53:46.696,onvif-e9b03eab-61a3-46bd-9f42-888fd59ddbc4,1789817026.679,1789817026.681,1789817026.685,1789817026.688,1789817026.688,1789817026.696,17.20
2026-09-19 16:53:46.774,onvif-e9b03eab-61a3-46bd-9f42-888fd59ddbc4,1789817026.750,1789817026.753,1789817026.757,1789817026.764,1789817026.764,1789817026.775,24.39
2026-09-19 16:53:46.839,onvif-e9b03eab-61a3-46bd-9f42-888fd59ddbc4,1789817026.821,1789817026.825,1789817026.828,1789817026.834,1789817026.834,1789817026.840,18.45
2026-09-19 16:53:46.936,onvif-e9b03eab-61a3-46bd-9f42-888fd59ddbc4,1789817026.922,1789817026.923,1789817026.927,1789817026.930,1789817026.930,1789817026.937,14.56
2026-09-19 16:53:47.038,onvif-e9b03eab-61a3-46bd-9f42-888fd59ddbc4,1789817027.024,1789817027.026,1789817027.029,1789817027.032,1789817027.032,1789817027.038,14.65
2026-09-19 16:53:47.139,onvif-e9b03eab-61a3-46bd-9f42-888fd59ddbc4,1789817027.119,1789817027.122,1789817027.125,1789817027.128,1789817027.128,1789817027.140,20.72
2026-09-19 16:53:47.205,onvif-e9b03eab-61a3-46bd-9f42-888fd59ddbc4,1789817027.174,1789817027.188,1789817027.192,1789817027.198,1789817027.198,1789817027.206,32.22
2026-09-19 16:53:47.296,onvif-e9b03eab-61a3-46bd-9f42-888fd59ddbc4,1789817027.276,1789817027.281,1789817027.285,1789817027.290,1789817027.290,1789817027.296,20.07
2026-09-19 16:53:47.361,onvif-e9b03eab-61a3-46bd-9f42-888fd59ddbc4,1789817027.337,1789817027.341,1789817027.344,1789817027.349,1789817027.349,1789817027.361,24.48
2026-09-19 16:53:47.425,onvif-e9b03eab-61a3-46bd-9f42-888fd59ddbc4,1789817027.376,1789817027.408,1789817027.413,1789817027.419,1789817027.419,1789817027.425,49.55
2026-09-19 16:53:47.493,onvif-e9b03eab-61a3-46bd-9f42-888fd59ddbc4,1789817027.474,1789817027.475,1789817027.480,1789817027.484,1789817027.485,1789817027.494,20.12
2026-09-19 16:53:47.580,onvif-e9b03eab-61a3-46bd-9f42-888fd59ddbc4,1789817027.561,1789817027.562,1789817027.565,1789817027.571,1789817027.571,1789817027.581,19.76
2026-09-19 16:53:47.648,onvif-e9b03eab-61a3-46bd-9f42-888fd59ddbc4,1789817027.633,1789817027.635,1789817027.638,1789817027.642,1789817027.642,1789817027.648,15.09
2026-09-19 16:53:47.727,onvif-e9b03eab-61a3-46bd-9f42-888fd59ddbc4,1789817027.694,1789817027.707,1789817027.712,1789817027.718,1789817027.718,1789817027.728,33.43
2026-09-19 16:53:47.782,onvif-e9b03eab-61a3-46bd-9f42-888fd59ddbc4,1789817027.766,1789817027.771,1789817027.774,1789817027.777,1789817027.777,1789817027.782,16.36
2026-09-19 16:53:47.860,onvif-e9b03eab-61a3-46bd-9f42-888fd59ddbc4,1789817027.834,1789817027.843,1789817027.849,1789817027.853,1789817027.853,1789817027.861,26.76
2026-09-19 16:53:47.926,onvif-e9b03eab-61a3-46bd-9f42-888fd59ddbc4,1789817027.909,1789817027.912,1789817027.915,1789817027.916,1789817027.917,1789817027.926,17.43
2026-09-19 16:53:48.008,onvif-e9b03eab-61a3-46bd-9f42-888fd59ddbc4,1789817027.989,1789817027.990,1789817027.994,1789817027.998,1789817027.998,1789817028.009,19.84
2026-09-19 16:53:48.098,onvif-e9b03eab-61a3-46bd-9f42-888fd59ddbc4,1789817028.075,1789817028.077,1789817028.082,1789817028.084,1789817028.084,1789817028.099,23.36
2026-09-19 16:53:48.160,onvif-e9b03eab-61a3-46bd-9f42-888fd59ddbc4,1789817028.138,1789817028.142,1789817028.146,1789817028.148,1789817028.148,1789817028.160,22.34
2026-09-19 16:53:48.224,onvif-e9b03eab-61a3-46bd-9f42-888fd59ddbc4,1789817028.176,1789817028.208,1789817028.213,1789817028.218,1789817028.218,1789817028.225,48.28
2026-09-19 16:53:48.295,onvif-e9b03eab-61a3-46bd-9f42-888fd59ddbc4,1789817028.275,1789817028.275,1789817028.280,1789817028.283,1789817028.283,1789817028.295,20.24
2026-09-19 16:53:48.388,onvif-e9b03eab-61a3-46bd-9f42-888fd59ddbc4,1789817028.370,1789817028.373,1789817028.376,1789817028.381,1789817028.381,1789817028.389,18.44
2026-09-19 16:53:48.505,onvif-e9b03eab-61a3-46bd-9f42-888fd59ddbc4,1789817028.490,1789817028.491,1789817028.494,1789817028.498,1789817028.498,1789817028.505,15.75
2026-09-19 16:53:48.599,onvif-e9b03eab-61a3-46bd-9f42-888fd59ddbc4,1789817028.571,1789817028.574,1789817028.581,1789817028.584,1789817028.584,1789817028.599,27.98
2026-09-19 16:53:48.670,onvif-e9b03eab-61a3-46bd-9f42-888fd59ddbc4,1789817028.642,1789817028.647,1789817028.651,1789817028.657,1789817028.657,1789817028.670,28.63
2026-09-19 16:53:48.774,onvif-e9b03eab-61a3-46bd-9f42-888fd59ddbc4,1789817028.752,1789817028.755,1789817028.758,1789817028.764,1789817028.764,1789817028.774,22.32
2026-09-19 16:53:48.835,onvif-e9b03eab-61a3-46bd-9f42-888fd59ddbc4,1789817028.807,1789817028.822,1789817028.826,1789817028.829,1789817028.829,1789817028.836,28.35
2026-09-19 16:53:48.922,onvif-e9b03eab-61a3-46bd-9f42-888fd59ddbc4,1789817028.904,1789817028.904,1789817028.909,1789817028.916,1789817028.916,1789817028.923,19.06
2026-09-19 16:53:48.983,onvif-e9b03eab-61a3-46bd-9f42-888fd59ddbc4,1789817028.967,1789817028.968,1789817028.972,1789817028.974,1789817028.974,1789817028.983,15.93
2026-09-19 16:53:49.053,onvif-e9b03eab-61a3-46bd-9f42-888fd59ddbc4,1789817029.035,1789817029.035,1789817029.040,1789817029.046,1789817029.046,1789817029.053,18.54
2026-09-19 16:53:49.135,onvif-e9b03eab-61a3-46bd-9f42-888fd59ddbc4,1789817029.109,1789817029.118,1789817029.122,1789817029.126,1789817029.126,1789817029.135,26.30
2026-09-19 16:53:49.204,onvif-e9b03eab-61a3-46bd-9f42-888fd59ddbc4,1789817029.173,1789817029.190,1789817029.193,1789817029.197,1789817029.197,1789817029.205,31.69
2026-09-19 16:53:49.258,onvif-e9b03eab-61a3-46bd-9f42-888fd59ddbc4,1789817029.239,1789817029.244,1789817029.247,1789817029.251,1789817029.251,1789817029.258,19.12
2026-09-19 16:53:49.338,onvif-e9b03eab-61a3-46bd-9f42-888fd59ddbc4,1789817029.317,1789817029.321,1789817029.325,1789817029.328,1789817029.328,1789817029.338,21.47
2026-09-19 16:53:49.425,onvif-e9b03eab-61a3-46bd-9f42-888fd59ddbc4,1789817029.411,1789817029.414,1789817029.418,1789817029.420,1789817029.420,1789817029.426,14.63
2026-09-19 16:53:49.501,onvif-e9b03eab-61a3-46bd-9f42-888fd59ddbc4,1789817029.470,1789817029.486,1789817029.492,1789817029.495,1789817029.495,1789817029.502,31.91
2026-09-19 16:53:49.593,onvif-e9b03eab-61a3-46bd-9f42-888fd59ddbc4,1789817029.573,1789817029.574,1789817029.577,1789817029.582,1789817029.582,1789817029.593,20.80
2026-09-19 16:53:49.679,onvif-e9b03eab-61a3-46bd-9f42-888fd59ddbc4,1789817029.664,1789817029.667,1789817029.670,1789817029.674,1789817029.674,1789817029.680,15.98
2026-09-19 16:53:49.763,onvif-e9b03eab-61a3-46bd-9f42-888fd59ddbc4,1789817029.748,1789817029.749,1789817029.753,1789817029.755,1789817029.755,1789817029.764,15.86
2026-09-19 16:53:49.832,onvif-e9b03eab-61a3-46bd-9f42-888fd59ddbc4,1789817029.806,1789817029.816,1789817029.820,1789817029.825,1789817029.826,1789817029.833,26.80
2026-09-19 16:53:49.917,onvif-e9b03eab-61a3-46bd-9f42-888fd59ddbc4,1789817029.899,1789817029.903,1789817029.906,1789817029.912,1789817029.912,1789817029.917,18.48
2026-09-19 16:53:49.992,onvif-e9b03eab-61a3-46bd-9f42-888fd59ddbc4,1789817029.970,1789817029.970,1789817029.976,1789817029.982,1789817029.982,1789817029.992,22.24
2026-09-19 16:53:50.099,onvif-e9b03eab-61a3-46bd-9f42-888fd59ddbc4,1789817030.079,1789817030.083,1789817030.087,1789817030.089,1789817030.089,1789817030.099,19.89
2026-09-19 16:53:50.171,onvif-e9b03eab-61a3-46bd-9f42-888fd59ddbc4,1789817030.152,1789817030.155,1789817030.159,1789817030.166,1789817030.166,1789817030.172,19.45
2026-09-19 16:53:50.264,onvif-e9b03eab-61a3-46bd-9f42-888fd59ddbc4,1789817030.246,1789817030.248,1789817030.252,1789817030.257,1789817030.257,1789817030.265,19.01
2026-09-19 16:53:50.383,onvif-e9b03eab-61a3-46bd-9f42-888fd59ddbc4,1789817030.365,1789817030.368,1789817030.371,1789817030.376,1789817030.376,1789817030.384,18.96
2026-09-19 16:53:50.462,onvif-e9b03eab-61a3-46bd-9f42-888fd59ddbc4,1789817030.446,1789817030.450,1789817030.453,1789817030.456,1789817030.456,1789817030.463,16.44
2026-09-19 16:53:50.577,onvif-e9b03eab-61a3-46bd-9f42-888fd59ddbc4,1789817030.563,1789817030.563,1789817030.566,1789817030.569,1789817030.569,1789817030.577,14.32
2026-09-19 16:53:50.651,onvif-e9b03eab-61a3-46bd-9f42-888fd59ddbc4,1789817030.614,1789817030.630,1789817030.635,1789817030.641,1789817030.641,1789817030.651,37.55
2026-09-19 16:53:50.729,onvif-e9b03eab-61a3-46bd-9f42-888fd59ddbc4,1789817030.712,1789817030.712,1789817030.715,1789817030.718,1789817030.718,1789817030.730,17.67
2026-09-19 16:53:50.801,onvif-e9b03eab-61a3-46bd-9f42-888fd59ddbc4,1789817030.781,1789817030.784,1789817030.788,1789817030.794,1789817030.794,1789817030.801,20.58
2026-09-19 16:53:50.901,onvif-e9b03eab-61a3-46bd-9f42-888fd59ddbc4,1789817030.884,1789817030.887,1789817030.891,1789817030.894,1789817030.894,1789817030.902,17.74
2026-09-19 16:53:50.970,onvif-e9b03eab-61a3-46bd-9f42-888fd59ddbc4,1789817030.949,1789817030.954,1789817030.957,1789817030.960,1789817030.961,1789817030.971,22.28
2026-09-19 16:53:51.058,onvif-e9b03eab-61a3-46bd-9f42-888fd59ddbc4,1789817031.045,1789817031.047,1789817031.050,1789817031.052,1789817031.052,1789817031.058,13.28
2026-09-19 16:53:51.136,onvif-e9b03eab-61a3-46bd-9f42-888fd59ddbc4,1789817031.101,1789817031.119,1789817031.124,1789817031.128,1789817031.128,1789817031.137,35.56
2026-09-19 16:53:51.219,onvif-e9b03eab-61a3-46bd-9f42-888fd59ddbc4,1789817031.199,1789817031.201,1789817031.205,1789817031.208,1789817031.208,1789817031.220,20.47
2026-09-19 16:53:51.290,onvif-e9b03eab-61a3-46bd-9f42-888fd59ddbc4,1789817031.272,1789817031.278,1789817031.281,1789817031.284,1789817031.284,1789817031.290,18.08
2026-09-19 16:53:51.390,onvif-e9b03eab-61a3-46bd-9f42-888fd59ddbc4,1789817031.373,1789817031.376,1789817031.379,1789817031.385,1789817031.385,1789817031.391,17.98
2026-09-19 16:53:51.482,onvif-e9b03eab-61a3-46bd-9f42-888fd59ddbc4,1789817031.462,1789817031.464,1789817031.467,1789817031.471,1789817031.471,1789817031.483,20.49
2026-09-19 16:53:51.547,onvif-e9b03eab-61a3-46bd-9f42-888fd59ddbc4,1789817031.532,1789817031.533,1789817031.537,1789817031.541,1789817031.541,1789817031.548,15.84
2026-09-19 16:53:51.616,onvif-e9b03eab-61a3-46bd-9f42-888fd59ddbc4,1789817031.567,1789817031.600,1789817031.605,1789817031.607,1789817031.607,1789817031.616,49.07
2026-09-19 16:53:51.715,onvif-e9b03eab-61a3-46bd-9f42-888fd59ddbc4,1789817031.697,1789817031.698,1789817031.702,1789817031.704,1789817031.704,1789817031.716,18.66
2026-09-19 16:53:51.770,onvif-e9b03eab-61a3-46bd-9f42-888fd59ddbc4,1789817031.743,1789817031.747,1789817031.753,1789817031.757,1789817031.757,1789817031.770,26.94
2026-09-19 16:53:51.833,onvif-e9b03eab-61a3-46bd-9f42-888fd59ddbc4,1789817031.810,1789817031.814,1789817031.817,1789817031.822,1789817031.822,1789817031.834,23.16
2026-09-19 16:53:51.895,onvif-e9b03eab-61a3-46bd-9f42-888fd59ddbc4,1789817031.876,1789817031.878,1789817031.882,1789817031.886,1789817031.886,1789817031.895,18.93
2026-09-19 16:53:51.970,onvif-e9b03eab-61a3-46bd-9f42-888fd59ddbc4,1789817031.954,1789817031.955,1789817031.959,1789817031.962,1789817031.962,1789817031.971,17.22
2026-09-19 16:53:52.046,onvif-e9b03eab-61a3-46bd-9f42-888fd59ddbc4,1789817032.032,1789817032.032,1789817032.036,1789817032.038,1789817032.038,1789817032.046,14.14
2026-09-19 16:53:52.131,onvif-e9b03eab-61a3-46bd-9f42-888fd59ddbc4,1789817032.110,1789817032.115,1789817032.119,1789817032.125,1789817032.125,1789817032.132,21.90
2026-09-19 16:53:52.220,onvif-e9b03eab-61a3-46bd-9f42-888fd59ddbc4,1789817032.201,1789817032.202,1789817032.205,1789817032.212,1789817032.212,1789817032.220,19.07
2026-09-19 16:53:52.296,onvif-e9b03eab-61a3-46bd-9f42-888fd59ddbc4,1789817032.276,1789817032.279,1789817032.282,1789817032.289,1789817032.289,1789817032.297,20.63
2026-09-19 16:53:52.398,onvif-e9b03eab-61a3-46bd-9f42-888fd59ddbc4,1789817032.377,1789817032.382,1789817032.386,1789817032.391,1789817032.391,1789817032.398,21.10
2026-09-19 16:53:52.473,onvif-e9b03eab-61a3-46bd-9f42-888fd59ddbc4,1789817032.445,1789817032.454,1789817032.457,1789817032.463,1789817032.463,1789817032.473,27.98
2026-09-19 16:53:52.563,onvif-e9b03eab-61a3-46bd-9f42-888fd59ddbc4,1789817032.542,1789817032.547,1789817032.550,1789817032.555,1789817032.555,1789817032.564,21.53
2026-09-19 16:53:52.626,onvif-e9b03eab-61a3-46bd-9f42-888fd59ddbc4,1789817032.607,1789817032.613,1789817032.618,1789817032.619,1789817032.619,1789817032.627,19.46
2026-09-19 16:53:52.737,onvif-e9b03eab-61a3-46bd-9f42-888fd59ddbc4,1789817032.721,1789817032.722,1789817032.725,1789817032.727,1789817032.728,1789817032.738,17.06
2026-09-19 16:53:52.810,onvif-e9b03eab-61a3-46bd-9f42-888fd59ddbc4,1789817032.777,1789817032.794,1789817032.797,1789817032.804,1789817032.804,1789817032.811,33.92
2026-09-19 16:53:52.901,onvif-e9b03eab-61a3-46bd-9f42-888fd59ddbc4,1789817032.882,1789817032.886,1789817032.890,1789817032.895,1789817032.895,1789817032.902,19.74
2026-09-19 16:53:52.984,onvif-e9b03eab-61a3-46bd-9f42-888fd59ddbc4,1789817032.937,1789817032.968,1789817032.974,1789817032.976,1789817032.976,1789817032.985,48.43
2026-09-19 16:53:53.066,onvif-e9b03eab-61a3-46bd-9f42-888fd59ddbc4,1789817033.042,1789817033.046,1789817033.049,1789817033.053,1789817033.053,1789817033.067,24.22
2026-09-19 16:53:53.138,onvif-e9b03eab-61a3-46bd-9f42-888fd59ddbc4,1789817033.119,1789817033.128,1789817033.131,1789817033.133,1789817033.133,1789817033.139,19.81
2026-09-19 16:53:53.225,onvif-e9b03eab-61a3-46bd-9f42-888fd59ddbc4,1789817033.207,1789817033.210,1789817033.214,1789817033.219,1789817033.219,1789817033.225,18.34
2026-09-19 16:53:53.301,onvif-e9b03eab-61a3-46bd-9f42-888fd59ddbc4,1789817033.266,1789817033.282,1789817033.285,1789817033.290,1789817033.290,1789817033.302,35.92
2026-09-19 16:53:53.387,onvif-e9b03eab-61a3-46bd-9f42-888fd59ddbc4,1789817033.373,1789817033.375,1789817033.378,1789817033.381,1789817033.381,1789817033.387,14.67
2026-09-19 16:53:53.460,onvif-e9b03eab-61a3-46bd-9f42-888fd59ddbc4,1789817033.436,1789817033.442,1789817033.448,1789817033.451,1789817033.451,1789817033.460,24.12
2026-09-19 16:53:53.555,onvif-e9b03eab-61a3-46bd-9f42-888fd59ddbc4,1789817033.535,1789817033.535,1789817033.539,1789817033.543,1789817033.543,1789817033.556,21.31
2026-09-19 16:53:53.606,onvif-e9b03eab-61a3-46bd-9f42-888fd59ddbc4,1789817033.586,1789817033.589,1789817033.592,1789817033.597,1789817033.598,1789817033.606,20.45
2026-09-19 16:53:53.672,onvif-e9b03eab-61a3-46bd-9f42-888fd59ddbc4,1789817033.646,1789817033.656,1789817033.659,1789817033.662,1789817033.662,1789817033.672,26.46
2026-09-19 16:53:53.722,onvif-e9b03eab-61a3-46bd-9f42-888fd59ddbc4,1789817033.707,1789817033.710,1789817033.714,1789817033.716,1789817033.716,1789817033.723,15.37
2026-09-19 16:53:53.796,onvif-e9b03eab-61a3-46bd-9f42-888fd59ddbc4,1789817033.770,1789817033.782,1789817033.785,1789817033.787,1789817033.787,1789817033.796,26.37
2026-09-19 16:53:53.850,onvif-e9b03eab-61a3-46bd-9f42-888fd59ddbc4,1789817033.829,1789817033.831,1789817033.835,1789817033.841,1789817033.841,1789817033.850,21.38
2026-09-19 16:53:53.905,onvif-e9b03eab-61a3-46bd-9f42-888fd59ddbc4,1789817033.887,1789817033.890,1789817033.892,1789817033.894,1789817033.894,1789817033.905,18.24
2026-09-19 16:53:53.976,onvif-e9b03eab-61a3-46bd-9f42-888fd59ddbc4,1789817033.960,1789817033.962,1789817033.965,1789817033.971,1789817033.971,1789817033.977,16.98
2026-09-19 16:53:54.068,onvif-e9b03eab-61a3-46bd-9f42-888fd59ddbc4,1789817034.047,1789817034.047,1789817034.051,1789817034.056,1789817034.056,1789817034.069,22.25
2026-09-19 16:53:54.128,onvif-e9b03eab-61a3-46bd-9f42-888fd59ddbc4,1789817034.090,1789817034.114,1789817034.118,1789817034.122,1789817034.122,1789817034.129,38.81
2026-09-19 16:53:54.197,onvif-e9b03eab-61a3-46bd-9f42-888fd59ddbc4,1789817034.168,1789817034.181,1789817034.184,1789817034.187,1789817034.187,1789817034.197,28.97
2026-09-19 16:53:54.274,onvif-e9b03eab-61a3-46bd-9f42-888fd59ddbc4,1789817034.250,1789817034.258,1789817034.262,1789817034.268,1789817034.268,1789817034.274,23.99
2026-09-19 16:53:54.343,onvif-e9b03eab-61a3-46bd-9f42-888fd59ddbc4,1789817034.324,1789817034.325,1789817034.330,1789817034.333,1789817034.334,1789817034.344,19.51
2026-09-19 16:53:54.413,onvif-e9b03eab-61a3-46bd-9f42-888fd59ddbc4,1789817034.393,1789817034.394,1789817034.398,1789817034.403,1789817034.403,1789817034.413,20.64
2026-09-19 16:53:54.475,onvif-e9b03eab-61a3-46bd-9f42-888fd59ddbc4,1789817034.456,1789817034.461,1789817034.465,1789817034.468,1789817034.468,1789817034.475,19.32
2026-09-19 16:53:54.531,onvif-e9b03eab-61a3-46bd-9f42-888fd59ddbc4,1789817034.513,1789817034.516,1789817034.520,1789817034.522,1789817034.522,1789817034.531,18.73
2026-09-19 16:53:54.614,onvif-e9b03eab-61a3-46bd-9f42-888fd59ddbc4,1789817034.598,1789817034.598,1789817034.602,1789817034.608,1789817034.608,1789817034.615,16.97
2026-09-19 16:53:54.681,onvif-e9b03eab-61a3-46bd-9f42-888fd59ddbc4,1789817034.660,1789817034.665,1789817034.671,1789817034.674,1789817034.674,1789817034.682,21.57
2026-09-19 16:53:54.760,onvif-e9b03eab-61a3-46bd-9f42-888fd59ddbc4,1789817034.738,1789817034.740,1789817034.743,1789817034.749,1789817034.749,1789817034.760,22.43
2026-09-19 16:53:54.836,onvif-e9b03eab-61a3-46bd-9f42-888fd59ddbc4,1789817034.817,1789817034.819,1789817034.823,1789817034.829,1789817034.829,1789817034.837,20.13
2026-09-19 16:53:54.920,onvif-e9b03eab-61a3-46bd-9f42-888fd59ddbc4,1789817034.901,1789817034.902,1789817034.906,1789817034.910,1789817034.910,1789817034.920,19.34
2026-09-19 16:53:54.988,onvif-e9b03eab-61a3-46bd-9f42-888fd59ddbc4,1789817034.964,1789817034.969,1789817034.972,1789817034.975,1789817034.975,1789817034.988,24.26
2026-09-19 16:53:55.070,onvif-e9b03eab-61a3-46bd-9f42-888fd59ddbc4,1789817035.055,1789817035.056,1789817035.060,1789817035.062,1789817035.062,1789817035.070,14.78
2026-09-19 16:53:55.176,onvif-e9b03eab-61a3-46bd-9f42-888fd59ddbc4,1789817035.163,1789817035.164,1789817035.168,1789817035.170,1789817035.170,1789817035.177,13.58
2026-09-19 16:53:55.250,onvif-e9b03eab-61a3-46bd-9f42-888fd59ddbc4,1789817035.214,1789817035.231,1789817035.235,1789817035.240,1789817035.240,1789817035.251,36.38
2026-09-19 16:53:55.313,onvif-e9b03eab-61a3-46bd-9f42-888fd59ddbc4,1789817035.291,1789817035.298,1789817035.302,1789817035.305,1789817035.305,1789817035.313,22.26
2026-09-19 16:53:55.398,onvif-e9b03eab-61a3-46bd-9f42-888fd59ddbc4,1789817035.377,1789817035.380,1789817035.384,1789817035.386,1789817035.386,1789817035.398,21.35
2026-09-19 16:53:55.463,onvif-e9b03eab-61a3-46bd-9f42-888fd59ddbc4,1789817035.441,1789817035.447,1789817035.451,1789817035.452,1789817035.453,1789817035.464,23.08
2026-09-19 16:53:55.563,onvif-e9b03eab-61a3-46bd-9f42-888fd59ddbc4,1789817035.550,1789817035.550,1789817035.554,1789817035.556,1789817035.556,1789817035.564,13.33
2026-09-19 16:53:55.643,onvif-e9b03eab-61a3-46bd-9f42-888fd59ddbc4,1789817035.622,1789817035.628,1789817035.631,1789817035.637,1789817035.637,1789817035.644,21.35
2026-09-19 16:53:55.739,onvif-e9b03eab-61a3-46bd-9f42-888fd59ddbc4,1789817035.724,1789817035.725,1789817035.729,1789817035.733,1789817035.733,1789817035.740,15.48
2026-09-19 16:53:55.806,onvif-e9b03eab-61a3-46bd-9f42-888fd59ddbc4,1789817035.784,1789817035.784,1789817035.789,1789817035.792,1789817035.792,1789817035.806,22.42
2026-09-19 16:53:55.865,onvif-e9b03eab-61a3-46bd-9f42-888fd59ddbc4,1789817035.832,1789817035.851,1789817035.855,1789817035.857,1789817035.857,1789817035.866,33.90
2026-09-19 16:53:55.927,onvif-e9b03eab-61a3-46bd-9f42-888fd59ddbc4,1789817035.900,1789817035.905,1789817035.910,1789817035.916,1789817035.916,1789817035.927,26.85
2026-09-19 16:53:55.994,onvif-e9b03eab-61a3-46bd-9f42-888fd59ddbc4,1789817035.973,1789817035.977,1789817035.981,1789817035.987,1789817035.987,1789817035.994,21.12
2026-09-19 16:53:56.075,onvif-e9b03eab-61a3-46bd-9f42-888fd59ddbc4,1789817036.055,1789817036.059,1789817036.064,1789817036.068,1789817036.068,1789817036.075,20.25
2026-09-19 16:53:56.156,onvif-e9b03eab-61a3-46bd-9f42-888fd59ddbc4,1789817036.123,1789817036.137,1789817036.140,1789817036.144,1789817036.144,1789817036.157,34.27
2026-09-19 16:53:56.248,onvif-e9b03eab-61a3-46bd-9f42-888fd59ddbc4,1789817036.233,1789817036.235,1789817036.238,1789817036.242,1789817036.242,1789817036.249,15.77
2026-09-19 16:53:56.316,onvif-e9b03eab-61a3-46bd-9f42-888fd59ddbc4,1789817036.296,1789817036.299,1789817036.302,1789817036.306,1789817036.306,1789817036.317,20.13
2026-09-19 16:53:56.409,onvif-e9b03eab-61a3-46bd-9f42-888fd59ddbc4,1789817036.397,1789817036.397,1789817036.400,1789817036.403,1789817036.403,1789817036.409,12.59
2026-09-19 16:53:56.480,onvif-e9b03eab-61a3-46bd-9f42-888fd59ddbc4,1789817036.459,1789817036.464,1789817036.469,1789817036.473,1789817036.473,1789817036.481,21.21
2026-09-19 16:53:56.581,onvif-e9b03eab-61a3-46bd-9f42-888fd59ddbc4,1789817036.557,1789817036.562,1789817036.565,1789817036.571,1789817036.571,1789817036.581,24.00
2026-09-19 16:53:56.631,onvif-e9b03eab-61a3-46bd-9f42-888fd59ddbc4,1789817036.611,1789817036.616,1789817036.621,1789817036.624,1789817036.624,1789817036.631,19.96
2026-09-19 16:53:56.714,onvif-e9b03eab-61a3-46bd-9f42-888fd59ddbc4,1789817036.694,1789817036.695,1789817036.699,1789817036.704,1789817036.704,1789817036.714,20.81
2026-09-19 16:53:56.775,onvif-e9b03eab-61a3-46bd-9f42-888fd59ddbc4,1789817036.762,1789817036.763,1789817036.767,1789817036.769,1789817036.769,1789817036.776,14.04
2026-09-19 16:53:56.851,onvif-e9b03eab-61a3-46bd-9f42-888fd59ddbc4,1789817036.832,1789817036.835,1789817036.840,1789817036.844,1789817036.844,1789817036.852,19.73
2026-09-19 16:53:56.909,onvif-e9b03eab-61a3-46bd-9f42-888fd59ddbc4,1789817036.889,1789817036.894,1789817036.898,1789817036.903,1789817036.903,1789817036.909,20.04
2026-09-19 16:53:56.976,onvif-e9b03eab-61a3-46bd-9f42-888fd59ddbc4,1789817036.957,1789817036.961,1789817036.966,1789817036.968,1789817036.968,1789817036.977,19.46
2026-09-19 16:53:57.080,onvif-e9b03eab-61a3-46bd-9f42-888fd59ddbc4,1789817037.064,1789817037.064,1789817037.068,1789817037.071,1789817037.072,1789817037.081,16.27
2026-09-19 16:53:57.163,onvif-e9b03eab-61a3-46bd-9f42-888fd59ddbc4,1789817037.141,1789817037.144,1789817037.149,1789817037.151,1789817037.152,1789817037.163,22.38
2026-09-19 16:53:57.238,onvif-e9b03eab-61a3-46bd-9f42-888fd59ddbc4,1789817037.215,1789817037.217,1789817037.223,1789817037.228,1789817037.228,1789817037.238,23.67
2026-09-19 16:53:57.342,onvif-e9b03eab-61a3-46bd-9f42-888fd59ddbc4,1789817037.324,1789817037.325,1789817037.327,1789817037.331,1789817037.331,1789817037.343,19.14
2026-09-19 16:53:57.410,onvif-e9b03eab-61a3-46bd-9f42-888fd59ddbc4,1789817037.391,1789817037.391,1789817037.395,1789817037.402,1789817037.402,1789817037.411,19.51
2026-09-19 16:53:57.487,onvif-e9b03eab-61a3-46bd-9f42-888fd59ddbc4,1789817037.464,1789817037.469,1789817037.473,1789817037.479,1789817037.479,1789817037.487,22.99
2026-09-19 16:53:57.554,onvif-e9b03eab-61a3-46bd-9f42-888fd59ddbc4,1789817037.504,1789817037.536,1789817037.539,1789817037.545,1789817037.545,1789817037.555,51.09
2026-09-19 16:53:57.627,onvif-e9b03eab-61a3-46bd-9f42-888fd59ddbc4,1789817037.608,1789817037.613,1789817037.616,1789817037.621,1789817037.621,1789817037.627,19.88
2026-09-19 16:53:57.705,onvif-e9b03eab-61a3-46bd-9f42-888fd59ddbc4,1789817037.653,1789817037.685,1789817037.690,1789817037.697,1789817037.697,1789817037.706,52.77
2026-09-19 16:53:57.784,onvif-e9b03eab-61a3-46bd-9f42-888fd59ddbc4,1789817037.756,1789817037.762,1789817037.767,1789817037.773,1789817037.773,1789817037.784,28.32
2026-09-19 16:53:57.865,onvif-e9b03eab-61a3-46bd-9f42-888fd59ddbc4,1789817037.852,1789817037.855,1789817037.858,1789817037.859,1789817037.860,1789817037.866,13.76
2026-09-19 16:53:57.938,onvif-e9b03eab-61a3-46bd-9f42-888fd59ddbc4,1789817037.916,1789817037.919,1789817037.922,1789817037.928,1789817037.929,1789817037.939,22.09
2026-09-19 16:53:58.028,onvif-e9b03eab-61a3-46bd-9f42-888fd59ddbc4,1789817038.012,1789817038.012,1789817038.016,1789817038.020,1789817038.020,1789817038.028,16.17
2026-09-19 16:53:58.118,onvif-e9b03eab-61a3-46bd-9f42-888fd59ddbc4,1789817038.104,1789817038.105,1789817038.108,1789817038.113,1789817038.113,1789817038.119,14.69
2026-09-19 16:53:58.196,onvif-e9b03eab-61a3-46bd-9f42-888fd59ddbc4,1789817038.169,1789817038.174,1789817038.177,1789817038.182,1789817038.182,1789817038.196,27.05
2026-09-19 16:53:58.260,onvif-e9b03eab-61a3-46bd-9f42-888fd59ddbc4,1789817038.242,1789817038.247,1789817038.250,1789817038.253,1789817038.253,1789817038.261,18.82
2026-09-19 16:53:58.343,onvif-e9b03eab-61a3-46bd-9f42-888fd59ddbc4,1789817038.325,1789817038.329,1789817038.332,1789817038.335,1789817038.335,1789817038.343,18.08
2026-09-19 16:53:58.413,onvif-e9b03eab-61a3-46bd-9f42-888fd59ddbc4,1789817038.395,1789817038.396,1789817038.398,1789817038.401,1789817038.401,1789817038.414,18.38
2026-09-19 16:53:58.504,onvif-e9b03eab-61a3-46bd-9f42-888fd59ddbc4,1789817038.486,1789817038.488,1789817038.492,1789817038.499,1789817038.499,1789817038.505,18.77
2026-09-19 16:53:58.611,onvif-e9b03eab-61a3-46bd-9f42-888fd59ddbc4,1789817038.595,1789817038.596,1789817038.600,1789817038.605,1789817038.605,1789817038.612,16.49
2026-09-19 16:53:58.732,onvif-e9b03eab-61a3-46bd-9f42-888fd59ddbc4,1789817038.706,1789817038.710,1789817038.714,1789817038.719,1789817038.719,1789817038.732,26.25
2026-09-19 16:53:58.863,onvif-e9b03eab-61a3-46bd-9f42-888fd59ddbc4,1789817038.844,1789817038.844,1789817038.847,1789817038.852,1789817038.853,1789817038.864,20.20
2026-09-19 16:53:58.919,onvif-e9b03eab-61a3-46bd-9f42-888fd59ddbc4,1789817038.903,1789817038.903,1789817038.908,1789817038.911,1789817038.911,1789817038.920,16.41
2026-09-19 16:53:58.985,onvif-e9b03eab-61a3-46bd-9f42-888fd59ddbc4,1789817038.961,1789817038.970,1789817038.974,1789817038.978,1789817038.978,1789817038.986,24.77
2026-09-19 16:53:59.052,onvif-e9b03eab-61a3-46bd-9f42-888fd59ddbc4,1789817039.022,1789817039.037,1789817039.041,1789817039.044,1789817039.044,1789817039.053,30.86
2026-09-19 16:53:59.130,onvif-e9b03eab-61a3-46bd-9f42-888fd59ddbc4,1789817039.112,1789817039.114,1789817039.119,1789817039.120,1789817039.120,1789817039.131,18.64
2026-09-19 16:53:59.171,onvif-e9b03eab-61a3-46bd-9f42-888fd59ddbc4,1789817039.142,1789817039.148,1789817039.153,1789817039.159,1789817039.159,1789817039.171,29.46
2026-09-19 16:53:59.227,onvif-e9b03eab-61a3-46bd-9f42-888fd59ddbc4,1789817039.183,1789817039.186,1789817039.191,1789817039.198,1789817039.198,1789817039.227,44.59
2026-09-19 16:53:59.289,onvif-e9b03eab-61a3-46bd-9f42-888fd59ddbc4,1789817039.272,1789817039.274,1789817039.278,1789817039.283,1789817039.284,1789817039.289,17.44
2026-09-19 16:53:59.372,onvif-e9b03eab-61a3-46bd-9f42-888fd59ddbc4,1789817039.353,1789817039.356,1789817039.360,1789817039.365,1789817039.365,1789817039.372,19.62
2026-09-19 16:53:59.464,onvif-e9b03eab-61a3-46bd-9f42-888fd59ddbc4,1789817039.442,1789817039.444,1789817039.448,1789817039.451,1789817039.451,1789817039.464,22.69
2026-09-19 16:53:59.539,onvif-e9b03eab-61a3-46bd-9f42-888fd59ddbc4,1789817039.509,1789817039.527,1789817039.530,1789817039.534,1789817039.534,1789817039.539,29.85
2026-09-19 16:53:59.629,onvif-e9b03eab-61a3-46bd-9f42-888fd59ddbc4,1789817039.614,1789817039.614,1789817039.618,1789817039.620,1789817039.620,1789817039.629,15.51
2026-09-19 16:53:59.698,onvif-e9b03eab-61a3-46bd-9f42-888fd59ddbc4,1789817039.680,1789817039.681,1789817039.684,1789817039.686,1789817039.686,1789817039.699,19.10
2026-09-19 16:53:59.815,onvif-e9b03eab-61a3-46bd-9f42-888fd59ddbc4,1789817039.790,1789817039.794,1789817039.797,1789817039.804,1789817039.804,1789817039.815,25.66
2026-09-19 16:53:59.887,onvif-e9b03eab-61a3-46bd-9f42-888fd59ddbc4,1789817039.867,1789817039.871,1789817039.875,1789817039.880,1789817039.881,1789817039.887,20.70
2026-09-19 16:53:59.980,onvif-e9b03eab-61a3-46bd-9f42-888fd59ddbc4,1789817039.963,1789817039.964,1789817039.969,1789817039.972,1789817039.972,1789817039.981,17.68
2026-09-19 16:54:00.054,onvif-e9b03eab-61a3-46bd-9f42-888fd59ddbc4,1789817040.023,1789817040.036,1789817040.039,1789817040.042,1789817040.042,1789817040.054,31.50
2026-09-19 16:54:00.158,onvif-e9b03eab-61a3-46bd-9f42-888fd59ddbc4,1789817040.135,1789817040.139,1789817040.143,1789817040.149,1789817040.149,1789817040.158,23.57
2026-09-19 16:54:00.222,onvif-e9b03eab-61a3-46bd-9f42-888fd59ddbc4,1789817040.201,1789817040.206,1789817040.210,1789817040.216,1789817040.216,1789817040.222,21.80
2026-09-19 16:54:00.299,onvif-e9b03eab-61a3-46bd-9f42-888fd59ddbc4,1789817040.281,1789817040.283,1789817040.289,1789817040.291,1789817040.291,1789817040.299,18.17
2026-09-19 16:54:00.369,onvif-e9b03eab-61a3-46bd-9f42-888fd59ddbc4,1789817040.348,1789817040.350,1789817040.353,1789817040.357,1789817040.357,1789817040.370,21.49
2026-09-19 16:54:00.460,onvif-e9b03eab-61a3-46bd-9f42-888fd59ddbc4,1789817040.447,1789817040.448,1789817040.450,1789817040.454,1789817040.454,1789817040.460,13.71
2026-09-19 16:54:00.540,onvif-e9b03eab-61a3-46bd-9f42-888fd59ddbc4,1789817040.520,1789817040.522,1789817040.526,1789817040.528,1789817040.529,1789817040.541,20.33
2026-09-19 16:54:00.620,onvif-e9b03eab-61a3-46bd-9f42-888fd59ddbc4,1789817040.602,1789817040.605,1789817040.609,1789817040.615,1789817040.615,1789817040.621,19.19
2026-09-19 16:54:00.682,onvif-e9b03eab-61a3-46bd-9f42-888fd59ddbc4,1789817040.657,1789817040.659,1789817040.663,1789817040.669,1789817040.669,1789817040.683,25.45
2026-09-19 16:54:00.732,onvif-e9b03eab-61a3-46bd-9f42-888fd59ddbc4,1789817040.711,1789817040.713,1789817040.717,1789817040.723,1789817040.723,1789817040.732,21.64
2026-09-19 16:54:00.800,onvif-e9b03eab-61a3-46bd-9f42-888fd59ddbc4,1789817040.774,1789817040.777,1789817040.781,1789817040.787,1789817040.787,1789817040.800,26.46
2026-09-19 16:54:00.882,onvif-e9b03eab-61a3-46bd-9f42-888fd59ddbc4,1789817040.861,1789817040.865,1789817040.868,1789817040.873,1789817040.873,1789817040.882,21.02
2026-09-19 16:54:00.950,onvif-e9b03eab-61a3-46bd-9f42-888fd59ddbc4,1789817040.933,1789817040.937,1789817040.941,1789817040.943,1789817040.943,1789817040.951,17.26
2026-09-19 16:54:01.019,onvif-e9b03eab-61a3-46bd-9f42-888fd59ddbc4,1789817041.004,1789817041.004,1789817041.007,1789817041.009,1789817041.009,1789817041.020,15.92
2026-09-19 16:54:01.126,onvif-e9b03eab-61a3-46bd-9f42-888fd59ddbc4,1789817041.111,1789817041.112,1789817041.115,1789817041.116,1789817041.116,1789817041.126,15.50
2026-09-19 16:54:01.193,onvif-e9b03eab-61a3-46bd-9f42-888fd59ddbc4,1789817041.169,1789817041.179,1789817041.182,1789817041.188,1789817041.188,1789817041.193,23.87
2026-09-19 16:54:01.302,onvif-e9b03eab-61a3-46bd-9f42-888fd59ddbc4,1789817041.278,1789817041.282,1789817041.284,1789817041.289,1789817041.289,1789817041.303,24.41
2026-09-19 16:54:01.359,onvif-e9b03eab-61a3-46bd-9f42-888fd59ddbc4,1789817041.334,1789817041.348,1789817041.352,1789817041.354,1789817041.354,1789817041.360,25.92
2026-09-19 16:54:01.493,onvif-e9b03eab-61a3-46bd-9f42-888fd59ddbc4,1789817041.472,1789817041.477,1789817041.481,1789817041.488,1789817041.488,1789817041.494,21.34
2026-09-19 16:54:01.560,onvif-e9b03eab-61a3-46bd-9f42-888fd59ddbc4,1789817041.542,1789817041.544,1789817041.550,1789817041.553,1789817041.553,1789817041.561,18.30
2026-09-19 16:54:01.619,onvif-e9b03eab-61a3-46bd-9f42-888fd59ddbc4,1789817041.599,1789817041.603,1789817041.607,1789817041.611,1789817041.612,1789817041.619,19.63
2026-09-19 16:54:01.695,onvif-e9b03eab-61a3-46bd-9f42-888fd59ddbc4,1789817041.676,1789817041.680,1789817041.685,1789817041.688,1789817041.688,1789817041.695,18.66
2026-09-19 16:54:01.750,onvif-e9b03eab-61a3-46bd-9f42-888fd59ddbc4,1789817041.729,1789817041.734,1789817041.737,1789817041.742,1789817041.742,1789817041.750,21.13
2026-09-19 16:54:01.819,onvif-e9b03eab-61a3-46bd-9f42-888fd59ddbc4,1789817041.795,1789817041.799,1789817041.802,1789817041.806,1789817041.806,1789817041.820,24.83
2026-09-19 16:54:01.879,onvif-e9b03eab-61a3-46bd-9f42-888fd59ddbc4,1789817041.837,1789817041.866,1789817041.869,1789817041.873,1789817041.873,1789817041.879,41.95
2026-09-19 16:54:01.967,onvif-e9b03eab-61a3-46bd-9f42-888fd59ddbc4,1789817041.949,1789817041.953,1789817041.957,1789817041.959,1789817041.959,1789817041.967,18.49
2026-09-19 16:54:02.040,onvif-e9b03eab-61a3-46bd-9f42-888fd59ddbc4,1789817042.006,1789817042.020,1789817042.023,1789817042.029,1789817042.030,1789817042.041,34.78
2026-09-19 16:54:02.122,onvif-e9b03eab-61a3-46bd-9f42-888fd59ddbc4,1789817042.107,1789817042.107,1789817042.111,1789817042.116,1789817042.116,1789817042.122,15.65
2026-09-19 16:54:02.197,onvif-e9b03eab-61a3-46bd-9f42-888fd59ddbc4,1789817042.169,1789817042.180,1789817042.184,1789817042.191,1789817042.191,1789817042.198,28.63
2026-09-19 16:54:02.314,onvif-e9b03eab-61a3-46bd-9f42-888fd59ddbc4,1789817042.293,1789817042.293,1789817042.297,1789817042.303,1789817042.303,1789817042.314,21.65
2026-09-19 16:54:02.373,onvif-e9b03eab-61a3-46bd-9f42-888fd59ddbc4,1789817042.345,1789817042.360,1789817042.364,1789817042.369,1789817042.369,1789817042.374,29.18
2026-09-19 16:54:02.476,onvif-e9b03eab-61a3-46bd-9f42-888fd59ddbc4,1789817042.461,1789817042.463,1789817042.467,1789817042.470,1789817042.471,1789817042.476,15.88
2026-09-19 16:54:02.547,onvif-e9b03eab-61a3-46bd-9f42-888fd59ddbc4,1789817042.518,1789817042.530,1789817042.535,1789817042.541,1789817042.541,1789817042.548,29.43
2026-09-19 16:54:02.632,onvif-e9b03eab-61a3-46bd-9f42-888fd59ddbc4,1789817042.612,1789817042.613,1789817042.616,1789817042.622,1789817042.622,1789817042.633,20.34
2026-09-19 16:54:02.722,onvif-e9b03eab-61a3-46bd-9f42-888fd59ddbc4,1789817042.696,1789817042.700,1789817042.704,1789817042.709,1789817042.709,1789817042.722,25.88
2026-09-19 16:54:02.814,onvif-e9b03eab-61a3-46bd-9f42-888fd59ddbc4,1789817042.793,1789817042.793,1789817042.798,1789817042.801,1789817042.801,1789817042.815,22.13
2026-09-19 16:54:02.882,onvif-e9b03eab-61a3-46bd-9f42-888fd59ddbc4,1789817042.857,1789817042.865,1789817042.868,1789817042.872,1789817042.872,1789817042.883,25.18
2026-09-19 16:54:02.965,onvif-e9b03eab-61a3-46bd-9f42-888fd59ddbc4,1789817042.951,1789817042.953,1789817042.956,1789817042.959,1789817042.959,1789817042.966,14.36
2026-09-19 16:54:03.039,onvif-e9b03eab-61a3-46bd-9f42-888fd59ddbc4,1789817043.013,1789817043.020,1789817043.025,1789817043.030,1789817043.030,1789817043.040,26.64
2026-09-19 16:54:03.148,onvif-e9b03eab-61a3-46bd-9f42-888fd59ddbc4,1789817043.131,1789817043.133,1789817043.136,1789817043.139,1789817043.139,1789817043.149,17.74
2026-09-19 16:54:03.210,onvif-e9b03eab-61a3-46bd-9f42-888fd59ddbc4,1789817043.193,1789817043.197,1789817043.201,1789817043.203,1789817043.203,1789817043.210,16.82
2026-09-19 16:54:03.291,onvif-e9b03eab-61a3-46bd-9f42-888fd59ddbc4,1789817043.273,1789817043.275,1789817043.278,1789817043.279,1789817043.279,1789817043.292,18.96
2026-09-19 16:54:03.357,onvif-e9b03eab-61a3-46bd-9f42-888fd59ddbc4,1789817043.340,1789817043.342,1789817043.346,1789817043.350,1789817043.350,1789817043.358,17.42
2026-09-19 16:54:03.459,onvif-e9b03eab-61a3-46bd-9f42-888fd59ddbc4,1789817043.442,1789817043.444,1789817043.449,1789817043.451,1789817043.451,1789817043.459,17.51
2026-09-19 16:54:03.539,onvif-e9b03eab-61a3-46bd-9f42-888fd59ddbc4,1789817043.516,1789817043.516,1789817043.520,1789817043.526,1789817043.526,1789817043.539,22.92
2026-09-19 16:54:03.624,onvif-e9b03eab-61a3-46bd-9f42-888fd59ddbc4,1789817043.605,1789817043.609,1789817043.613,1789817043.618,1789817043.618,1789817043.624,19.43
2026-09-19 16:54:03.681,onvif-e9b03eab-61a3-46bd-9f42-888fd59ddbc4,1789817043.658,1789817043.663,1789817043.667,1789817043.672,1789817043.672,1789817043.682,23.64
2026-09-19 16:54:03.743,onvif-e9b03eab-61a3-46bd-9f42-888fd59ddbc4,1789817043.724,1789817043.731,1789817043.734,1789817043.737,1789817043.738,1789817043.743,19.52
2026-09-19 16:54:03.827,onvif-e9b03eab-61a3-46bd-9f42-888fd59ddbc4,1789817043.809,1789817043.813,1789817043.817,1789817043.819,1789817043.819,1789817043.827,18.61
2026-09-19 16:54:03.906,onvif-e9b03eab-61a3-46bd-9f42-888fd59ddbc4,1789817043.873,1789817043.885,1789817043.889,1789817043.894,1789817043.894,1789817043.906,33.48
2026-09-19 16:54:03.959,onvif-e9b03eab-61a3-46bd-9f42-888fd59ddbc4,1789817043.940,1789817043.945,1789817043.949,1789817043.952,1789817043.952,1789817043.960,19.81
2026-09-19 16:54:04.030,onvif-e9b03eab-61a3-46bd-9f42-888fd59ddbc4,1789817044.006,1789817044.012,1789817044.016,1789817044.018,1789817044.018,1789817044.031,24.91
2026-09-19 16:54:04.130,onvif-e9b03eab-61a3-46bd-9f42-888fd59ddbc4,1789817044.111,1789817044.114,1789817044.117,1789817044.119,1789817044.119,1789817044.131,19.39
2026-09-19 16:54:04.200,onvif-e9b03eab-61a3-46bd-9f42-888fd59ddbc4,1789817044.184,1789817044.186,1789817044.190,1789817044.195,1789817044.195,1789817044.201,16.78
2026-09-19 16:54:04.307,onvif-e9b03eab-61a3-46bd-9f42-888fd59ddbc4,1789817044.285,1789817044.287,1789817044.291,1789817044.297,1789817044.297,1789817044.308,22.58
2026-09-19 16:54:04.389,onvif-e9b03eab-61a3-46bd-9f42-888fd59ddbc4,1789817044.374,1789817044.375,1789817044.377,1789817044.382,1789817044.382,1789817044.390,15.76
2026-09-19 16:54:04.460,onvif-e9b03eab-61a3-46bd-9f42-888fd59ddbc4,1789817044.440,1789817044.441,1789817044.447,1789817044.453,1789817044.453,1789817044.461,21.09
2026-09-19 16:54:04.544,onvif-e9b03eab-61a3-46bd-9f42-888fd59ddbc4,1789817044.523,1789817044.524,1789817044.527,1789817044.533,1789817044.533,1789817044.544,21.27
2026-09-19 16:54:04.625,onvif-e9b03eab-61a3-46bd-9f42-888fd59ddbc4,1789817044.603,1789817044.606,1789817044.610,1789817044.615,1789817044.615,1789817044.625,22.68
2026-09-19 16:54:04.702,onvif-e9b03eab-61a3-46bd-9f42-888fd59ddbc4,1789817044.681,1789817044.683,1789817044.688,1789817044.691,1789817044.691,1789817044.702,21.36
2026-09-19 16:54:04.799,onvif-e9b03eab-61a3-46bd-9f42-888fd59ddbc4,1789817044.778,1789817044.781,1789817044.785,1789817044.789,1789817044.789,1789817044.800,21.75
2026-09-19 16:54:04.874,onvif-e9b03eab-61a3-46bd-9f42-888fd59ddbc4,1789817044.855,1789817044.859,1789817044.861,1789817044.866,1789817044.866,1789817044.874,19.66
2026-09-19 16:54:04.958,onvif-e9b03eab-61a3-46bd-9f42-888fd59ddbc4,1789817044.936,1789817044.941,1789817044.944,1789817044.949,1789817044.949,1789817044.958,21.95
2026-09-19 16:54:05.026,onvif-e9b03eab-61a3-46bd-9f42-888fd59ddbc4,1789817045.007,1789817045.008,1789817045.011,1789817045.014,1789817045.014,1789817045.026,19.75
2026-09-19 16:54:05.076,onvif-e9b03eab-61a3-46bd-9f42-888fd59ddbc4,1789817045.062,1789817045.062,1789817045.065,1789817045.068,1789817045.068,1789817045.076,14.70
2026-09-19 16:54:05.161,onvif-e9b03eab-61a3-46bd-9f42-888fd59ddbc4,1789817045.134,1789817045.144,1789817045.149,1789817045.154,1789817045.154,1789817045.162,27.32
2026-09-19 16:54:05.230,onvif-e9b03eab-61a3-46bd-9f42-888fd59ddbc4,1789817045.202,1789817045.211,1789817045.214,1789817045.219,1789817045.219,1789817045.231,29.04
2026-09-19 16:54:05.285,onvif-e9b03eab-61a3-46bd-9f42-888fd59ddbc4,1789817045.265,1789817045.270,1789817045.274,1789817045.279,1789817045.279,1789817045.285,20.21
2026-09-19 16:54:05.362,onvif-e9b03eab-61a3-46bd-9f42-888fd59ddbc4,1789817045.337,1789817045.342,1789817045.345,1789817045.350,1789817045.350,1789817045.362,25.64
2026-09-19 16:54:05.448,onvif-e9b03eab-61a3-46bd-9f42-888fd59ddbc4,1789817045.434,1789817045.435,1789817045.438,1789817045.443,1789817045.443,1789817045.448,14.14
2026-09-19 16:54:05.537,onvif-e9b03eab-61a3-46bd-9f42-888fd59ddbc4,1789817045.509,1789817045.517,1789817045.522,1789817045.529,1789817045.529,1789817045.537,28.19
2026-09-19 16:54:05.628,onvif-e9b03eab-61a3-46bd-9f42-888fd59ddbc4,1789817045.609,1789817045.610,1789817045.612,1789817045.615,1789817045.615,1789817045.628,19.49
2026-09-19 16:54:05.697,onvif-e9b03eab-61a3-46bd-9f42-888fd59ddbc4,1789817045.678,1789817045.682,1789817045.685,1789817045.691,1789817045.692,1789817045.698,19.82
2026-09-19 16:54:05.795,onvif-e9b03eab-61a3-46bd-9f42-888fd59ddbc4,1789817045.778,1789817045.779,1789817045.783,1789817045.788,1789817045.788,1789817045.795,16.95
2026-09-19 16:54:05.871,onvif-e9b03eab-61a3-46bd-9f42-888fd59ddbc4,1789817045.844,1789817045.851,1789817045.855,1789817045.861,1789817045.861,1789817045.872,27.62
2026-09-19 16:54:05.958,onvif-e9b03eab-61a3-46bd-9f42-888fd59ddbc4,1789817045.942,1789817045.944,1789817045.948,1789817045.953,1789817045.953,1789817045.959,16.57
2026-09-19 16:54:06.027,onvif-e9b03eab-61a3-46bd-9f42-888fd59ddbc4,1789817046.010,1789817046.011,1789817046.017,1789817046.020,1789817046.020,1789817046.027,17.61
2026-09-19 16:54:06.130,onvif-e9b03eab-61a3-46bd-9f42-888fd59ddbc4,1789817046.106,1789817046.109,1789817046.113,1789817046.118,1789817046.118,1789817046.130,24.38
2026-09-19 16:54:06.195,onvif-e9b03eab-61a3-46bd-9f42-888fd59ddbc4,1789817046.174,1789817046.182,1789817046.185,1789817046.188,1789817046.188,1789817046.196,21.95
2026-09-19 16:54:06.294,onvif-e9b03eab-61a3-46bd-9f42-888fd59ddbc4,1789817046.279,1789817046.279,1789817046.282,1789817046.286,1789817046.286,1789817046.295,15.99
2026-09-19 16:54:06.370,onvif-e9b03eab-61a3-46bd-9f42-888fd59ddbc4,1789817046.336,1789817046.351,1789817046.357,1789817046.362,1789817046.362,1789817046.371,35.19
2026-09-19 16:54:06.518,onvif-e9b03eab-61a3-46bd-9f42-888fd59ddbc4,1789817046.444,1789817046.449,1789817046.453,1789817046.460,1789817046.460,1789817046.518,74.35
2026-09-19 16:54:06.595,onvif-e9b03eab-61a3-46bd-9f42-888fd59ddbc4,1789817046.506,1789817046.523,1789817046.532,1789817046.534,1789817046.534,1789817046.595,89.50
2026-09-19 16:54:06.635,onvif-e9b03eab-61a3-46bd-9f42-888fd59ddbc4,1789817046.616,1789817046.616,1789817046.623,1789817046.627,1789817046.628,1789817046.636,19.35
2026-09-19 16:54:06.707,onvif-e9b03eab-61a3-46bd-9f42-888fd59ddbc4,1789817046.684,1789817046.688,1789817046.692,1789817046.698,1789817046.698,1789817046.708,23.33
2026-09-19 16:54:06.797,onvif-e9b03eab-61a3-46bd-9f42-888fd59ddbc4,1789817046.779,1789817046.781,1789817046.784,1789817046.790,1789817046.790,1789817046.797,18.19
2026-09-19 16:54:06.879,onvif-e9b03eab-61a3-46bd-9f42-888fd59ddbc4,1789817046.841,1789817046.858,1789817046.864,1789817046.870,1789817046.870,1789817046.880,38.41
2026-09-19 16:54:06.964,onvif-e9b03eab-61a3-46bd-9f42-888fd59ddbc4,1789817046.942,1789817046.946,1789817046.949,1789817046.952,1789817046.952,1789817046.965,22.85
2026-09-19 16:54:07.024,onvif-e9b03eab-61a3-46bd-9f42-888fd59ddbc4,1789817047.005,1789817047.013,1789817047.016,1789817047.018,1789817047.018,1789817047.025,19.55
2026-09-19 16:54:07.141,onvif-e9b03eab-61a3-46bd-9f42-888fd59ddbc4,1789817047.124,1789817047.126,1789817047.130,1789817047.135,1789817047.135,1789817047.142,17.89
2026-09-19 16:54:07.212,onvif-e9b03eab-61a3-46bd-9f42-888fd59ddbc4,1789817047.174,1789817047.193,1789817047.199,1789817047.200,1789817047.201,1789817047.212,38.48
2026-09-19 16:54:07.315,onvif-e9b03eab-61a3-46bd-9f42-888fd59ddbc4,1789817047.295,1789817047.296,1789817047.299,1789817047.303,1789817047.303,1789817047.316,20.74
2026-09-19 16:54:07.390,onvif-e9b03eab-61a3-46bd-9f42-888fd59ddbc4,1789817047.375,1789817047.379,1789817047.382,1789817047.384,1789817047.384,1789817047.390,14.91
2026-09-19 16:54:07.471,onvif-e9b03eab-61a3-46bd-9f42-888fd59ddbc4,1789817047.453,1789817047.456,1789817047.460,1789817047.464,1789817047.464,1789817047.471,18.65
2026-09-19 16:54:07.566,onvif-e9b03eab-61a3-46bd-9f42-888fd59ddbc4,1789817047.540,1789817047.544,1789817047.548,1789817047.551,1789817047.551,1789817047.566,26.32
2026-09-19 16:54:07.654,onvif-e9b03eab-61a3-46bd-9f42-888fd59ddbc4,1789817047.640,1789817047.642,1789817047.646,1789817047.648,1789817047.648,1789817047.654,13.89
2026-09-19 16:54:07.726,onvif-e9b03eab-61a3-46bd-9f42-888fd59ddbc4,1789817047.695,1789817047.709,1789817047.714,1789817047.719,1789817047.719,1789817047.726,31.22
2026-09-19 16:54:07.808,onvif-e9b03eab-61a3-46bd-9f42-888fd59ddbc4,1789817047.789,1789817047.789,1789817047.792,1789817047.798,1789817047.798,1789817047.808,19.72
2026-09-19 16:54:07.870,onvif-e9b03eab-61a3-46bd-9f42-888fd59ddbc4,1789817047.837,1789817047.856,1789817047.859,1789817047.864,1789817047.864,1789817047.870,33.23
2026-09-19 16:54:07.942,onvif-e9b03eab-61a3-46bd-9f42-888fd59ddbc4,1789817047.913,1789817047.923,1789817047.926,1789817047.930,1789817047.930,1789817047.942,28.99
2026-09-19 16:54:07.995,onvif-e9b03eab-61a3-46bd-9f42-888fd59ddbc4,1789817047.978,1789817047.982,1789817047.986,1789817047.989,1789817047.990,1789817047.995,17.61
2026-09-19 16:54:08.065,onvif-e9b03eab-61a3-46bd-9f42-888fd59ddbc4,1789817048.044,1789817048.049,1789817048.052,1789817048.055,1789817048.055,1789817048.066,22.05
2026-09-19 16:54:08.158,onvif-e9b03eab-61a3-46bd-9f42-888fd59ddbc4,1789817048.138,1789817048.142,1789817048.146,1789817048.152,1789817048.152,1789817048.159,20.65
2026-09-19 16:54:08.247,onvif-e9b03eab-61a3-46bd-9f42-888fd59ddbc4,1789817048.228,1789817048.229,1789817048.233,1789817048.240,1789817048.240,1789817048.248,19.73
2026-09-19 16:54:08.332,onvif-e9b03eab-61a3-46bd-9f42-888fd59ddbc4,1789817048.311,1789817048.311,1789817048.316,1789817048.321,1789817048.321,1789817048.332,21.55
2026-09-19 16:54:08.392,onvif-e9b03eab-61a3-46bd-9f42-888fd59ddbc4,1789817048.370,1789817048.378,1789817048.382,1789817048.386,1789817048.387,1789817048.393,22.88
2026-09-19 16:54:08.465,onvif-e9b03eab-61a3-46bd-9f42-888fd59ddbc4,1789817048.446,1789817048.448,1789817048.452,1789817048.456,1789817048.456,1789817048.466,20.35
2026-09-19 16:54:08.528,onvif-e9b03eab-61a3-46bd-9f42-888fd59ddbc4,1789817048.507,1789817048.515,1789817048.519,1789817048.521,1789817048.521,1789817048.528,21.23
2026-09-19 16:54:08.615,onvif-e9b03eab-61a3-46bd-9f42-888fd59ddbc4,1789817048.602,1789817048.602,1789817048.606,1789817048.608,1789817048.608,1789817048.615,13.26
2026-09-19 16:54:08.692,onvif-e9b03eab-61a3-46bd-9f42-888fd59ddbc4,1789817048.674,1789817048.674,1789817048.678,1789817048.680,1789817048.680,1789817048.692,18.79
2026-09-19 16:54:08.741,onvif-e9b03eab-61a3-46bd-9f42-888fd59ddbc4,1789817048.718,1789817048.723,1789817048.728,1789817048.734,1789817048.735,1789817048.741,23.05
2026-09-19 16:54:08.814,onvif-e9b03eab-61a3-46bd-9f42-888fd59ddbc4,1789817048.793,1789817048.798,1789817048.802,1789817048.804,1789817048.804,1789817048.814,21.53
2026-09-19 16:54:08.881,onvif-e9b03eab-61a3-46bd-9f42-888fd59ddbc4,1789817048.853,1789817048.865,1789817048.869,1789817048.875,1789817048.875,1789817048.882,28.60
2026-09-19 16:54:08.980,onvif-e9b03eab-61a3-46bd-9f42-888fd59ddbc4,1789817048.959,1789817048.963,1789817048.966,1789817048.969,1789817048.969,1789817048.981,21.79
2026-09-19 16:54:09.060,onvif-e9b03eab-61a3-46bd-9f42-888fd59ddbc4,1789817049.026,1789817049.040,1789817049.044,1789817049.051,1789817049.051,1789817049.061,34.92
2026-09-19 16:54:09.142,onvif-e9b03eab-61a3-46bd-9f42-888fd59ddbc4,1789817049.123,1789817049.127,1789817049.131,1789817049.133,1789817049.133,1789817049.143,20.08
2026-09-19 16:54:09.214,onvif-e9b03eab-61a3-46bd-9f42-888fd59ddbc4,1789817049.177,1789817049.194,1789817049.198,1789817049.203,1789817049.203,1789817049.215,37.89
2026-09-19 16:54:09.291,onvif-e9b03eab-61a3-46bd-9f42-888fd59ddbc4,1789817049.275,1789817049.277,1789817049.280,1789817049.285,1789817049.285,1789817049.291,16.09
2026-09-19 16:54:09.368,onvif-e9b03eab-61a3-46bd-9f42-888fd59ddbc4,1789817049.340,1789817049.349,1789817049.355,1789817049.361,1789817049.361,1789817049.369,28.71
2026-09-19 16:54:09.455,onvif-e9b03eab-61a3-46bd-9f42-888fd59ddbc4,1789817049.435,1789817049.437,1789817049.440,1789817049.443,1789817049.443,1789817049.455,19.75
2026-09-19 16:54:09.530,onvif-e9b03eab-61a3-46bd-9f42-888fd59ddbc4,1789817049.508,1789817049.514,1789817049.517,1789817049.524,1789817049.524,1789817049.530,22.32
2026-09-19 16:54:09.634,onvif-e9b03eab-61a3-46bd-9f42-888fd59ddbc4,1789817049.612,1789817049.617,1789817049.621,1789817049.625,1789817049.625,1789817049.634,21.57
2026-09-19 16:54:09.703,onvif-e9b03eab-61a3-46bd-9f42-888fd59ddbc4,1789817049.680,1789817049.684,1789817049.687,1789817049.691,1789817049.692,1789817049.703,22.99
2026-09-19 16:54:09.785,onvif-e9b03eab-61a3-46bd-9f42-888fd59ddbc4,1789817049.769,1789817049.771,1789817049.774,1789817049.778,1789817049.778,1789817049.785,16.79
2026-09-19 16:54:09.868,onvif-e9b03eab-61a3-46bd-9f42-888fd59ddbc4,1789817049.844,1789817049.848,1789817049.854,1789817049.859,1789817049.859,1789817049.868,24.06
2026-09-19 16:54:09.961,onvif-e9b03eab-61a3-46bd-9f42-888fd59ddbc4,1789817049.944,1789817049.946,1789817049.950,1789817049.952,1789817049.952,1789817049.962,17.89
2026-09-19 16:54:10.035,onvif-e9b03eab-61a3-46bd-9f42-888fd59ddbc4,1789817050.014,1789817050.018,1789817050.022,1789817050.028,1789817050.028,1789817050.036,21.93
2026-09-19 16:54:10.131,onvif-e9b03eab-61a3-46bd-9f42-888fd59ddbc4,1789817050.109,1789817050.110,1789817050.115,1789817050.122,1789817050.122,1789817050.131,22.35
2026-09-19 16:54:10.196,onvif-e9b03eab-61a3-46bd-9f42-888fd59ddbc4,1789817050.168,1789817050.177,1789817050.182,1789817050.188,1789817050.188,1789817050.197,29.20
2026-09-19 16:54:10.258,onvif-e9b03eab-61a3-46bd-9f42-888fd59ddbc4,1789817050.202,1789817050.211,1789817050.216,1789817050.220,1789817050.220,1789817050.259,56.39
2026-09-19 16:54:10.300,onvif-e9b03eab-61a3-46bd-9f42-888fd59ddbc4,1789817050.271,1789817050.275,1789817050.279,1789817050.285,1789817050.285,1789817050.300,29.37
2026-09-19 16:54:10.359,onvif-e9b03eab-61a3-46bd-9f42-888fd59ddbc4,1789817050.338,1789817050.342,1789817050.348,1789817050.351,1789817050.351,1789817050.360,21.73
2026-09-19 16:54:10.458,onvif-e9b03eab-61a3-46bd-9f42-888fd59ddbc4,1789817050.436,1789817050.439,1789817050.442,1789817050.448,1789817050.448,1789817050.459,22.15
2026-09-19 16:54:10.521,onvif-e9b03eab-61a3-46bd-9f42-888fd59ddbc4,1789817050.501,1789817050.506,1789817050.510,1789817050.514,1789817050.514,1789817050.521,20.86
2026-09-19 16:54:10.619,onvif-e9b03eab-61a3-46bd-9f42-888fd59ddbc4,1789817050.602,1789817050.604,1789817050.609,1789817050.613,1789817050.613,1789817050.620,18.38
2026-09-19 16:54:10.699,onvif-e9b03eab-61a3-46bd-9f42-888fd59ddbc4,1789817050.675,1789817050.682,1789817050.686,1789817050.690,1789817050.690,1789817050.699,24.67
2026-09-19 16:54:10.782,onvif-e9b03eab-61a3-46bd-9f42-888fd59ddbc4,1789817050.769,1789817050.769,1789817050.773,1789817050.776,1789817050.776,1789817050.782,13.27
2026-09-19 16:54:10.859,onvif-e9b03eab-61a3-46bd-9f42-888fd59ddbc4,1789817050.835,1789817050.841,1789817050.846,1789817050.852,1789817050.852,1789817050.860,24.74
2026-09-19 16:54:10.960,onvif-e9b03eab-61a3-46bd-9f42-888fd59ddbc4,1789817050.944,1789817050.944,1789817050.948,1789817050.951,1789817050.951,1789817050.961,16.79
2026-09-19 16:54:11.023,onvif-e9b03eab-61a3-46bd-9f42-888fd59ddbc4,1789817050.999,1789817051.011,1789817051.015,1789817051.017,1789817051.017,1789817051.023,24.13
2026-09-19 16:54:11.126,onvif-e9b03eab-61a3-46bd-9f42-888fd59ddbc4,1789817051.105,1789817051.109,1789817051.112,1789817051.118,1789817051.118,1789817051.126,20.83
2026-09-19 16:54:11.180,onvif-e9b03eab-61a3-46bd-9f42-888fd59ddbc4,1789817051.158,1789817051.163,1789817051.167,1789817051.172,1789817051.172,1789817051.180,22.30
2026-09-19 16:54:11.248,onvif-e9b03eab-61a3-46bd-9f42-888fd59ddbc4,1789817051.216,1789817051.230,1789817051.233,1789817051.237,1789817051.237,1789817051.248,32.13
2026-09-19 16:54:11.323,onvif-e9b03eab-61a3-46bd-9f42-888fd59ddbc4,1789817051.305,1789817051.307,1789817051.311,1789817051.318,1789817051.318,1789817051.324,19.09
2026-09-19 16:54:11.396,onvif-e9b03eab-61a3-46bd-9f42-888fd59ddbc4,1789817051.379,1789817051.379,1789817051.385,1789817051.388,1789817051.388,1789817051.397,17.75
2026-09-19 16:54:11.464,onvif-e9b03eab-61a3-46bd-9f42-888fd59ddbc4,1789817051.443,1789817051.443,1789817051.447,1789817051.451,1789817051.451,1789817051.464,21.61
2026-09-19 16:54:11.523,onvif-e9b03eab-61a3-46bd-9f42-888fd59ddbc4,1789817051.509,1789817051.510,1789817051.513,1789817051.518,1789817051.518,1789817051.524,15.02
2026-09-19 16:54:11.630,onvif-e9b03eab-61a3-46bd-9f42-888fd59ddbc4,1789817051.609,1789817051.613,1789817051.617,1789817051.624,1789817051.624,1789817051.631,22.14
2026-09-19 16:54:11.705,onvif-e9b03eab-61a3-46bd-9f42-888fd59ddbc4,1789817051.682,1789817051.685,1789817051.689,1789817051.694,1789817051.694,1789817051.705,23.33
2026-09-19 16:54:11.799,onvif-e9b03eab-61a3-46bd-9f42-888fd59ddbc4,1789817051.779,1789817051.783,1789817051.787,1789817051.792,1789817051.792,1789817051.799,19.87
2026-09-19 16:54:11.867,onvif-e9b03eab-61a3-46bd-9f42-888fd59ddbc4,1789817051.848,1789817051.850,1789817051.855,1789817051.857,1789817051.857,1789817051.868,19.96
2026-09-19 16:54:11.967,onvif-e9b03eab-61a3-46bd-9f42-888fd59ddbc4,1789817051.943,1789817051.948,1789817051.952,1789817051.956,1789817051.956,1789817051.968,24.95
2026-09-19 16:54:12.031,onvif-e9b03eab-61a3-46bd-9f42-888fd59ddbc4,1789817052.010,1789817052.015,1789817052.019,1789817052.021,1789817052.021,1789817052.032,21.85
2026-09-19 16:54:12.132,onvif-e9b03eab-61a3-46bd-9f42-888fd59ddbc4,1789817052.103,1789817052.108,1789817052.113,1789817052.118,1789817052.118,1789817052.133,29.52
2026-09-19 16:54:12.210,onvif-e9b03eab-61a3-46bd-9f42-888fd59ddbc4,1789817052.186,1789817052.190,1789817052.194,1789817052.200,1789817052.200,1789817052.210,24.23
2026-09-19 16:54:12.298,onvif-e9b03eab-61a3-46bd-9f42-888fd59ddbc4,1789817052.281,1789817052.283,1789817052.286,1789817052.291,1789817052.291,1789817052.299,18.00
2026-09-19 16:54:12.370,onvif-e9b03eab-61a3-46bd-9f42-888fd59ddbc4,1789817052.344,1789817052.350,1789817052.356,1789817052.363,1789817052.363,1789817052.371,26.80
2026-09-19 16:54:12.467,onvif-e9b03eab-61a3-46bd-9f42-888fd59ddbc4,1789817052.445,1789817052.448,1789817052.451,1789817052.455,1789817052.455,1789817052.467,22.24
2026-09-19 16:54:12.526,onvif-e9b03eab-61a3-46bd-9f42-888fd59ddbc4,1789817052.500,1789817052.515,1789817052.519,1789817052.520,1789817052.520,1789817052.526,26.06
2026-09-19 16:54:12.618,onvif-e9b03eab-61a3-46bd-9f42-888fd59ddbc4,1789817052.598,1789817052.602,1789817052.606,1789817052.611,1789817052.611,1789817052.618,20.63
2026-09-19 16:54:12.696,onvif-e9b03eab-61a3-46bd-9f42-888fd59ddbc4,1789817052.677,1789817052.679,1789817052.683,1789817052.687,1789817052.687,1789817052.696,19.34
2026-09-19 16:54:12.784,onvif-e9b03eab-61a3-46bd-9f42-888fd59ddbc4,1789817052.767,1789817052.772,1789817052.775,1789817052.778,1789817052.778,1789817052.785,17.40
2026-09-19 16:54:12.867,onvif-e9b03eab-61a3-46bd-9f42-888fd59ddbc4,1789817052.841,1789817052.849,1789817052.855,1789817052.858,1789817052.858,1789817052.867,26.47
2026-09-19 16:54:12.964,onvif-e9b03eab-61a3-46bd-9f42-888fd59ddbc4,1789817052.945,1789817052.947,1789817052.950,1789817052.956,1789817052.956,1789817052.965,19.83
2026-09-19 16:54:13.026,onvif-e9b03eab-61a3-46bd-9f42-888fd59ddbc4,1789817053.004,1789817053.014,1789817053.017,1789817053.021,1789817053.021,1789817053.027,22.02
2026-09-19 16:54:13.084,onvif-e9b03eab-61a3-46bd-9f42-888fd59ddbc4,1789817053.063,1789817053.068,1789817053.072,1789817053.074,1789817053.075,1789817053.085,21.91
2026-09-19 16:54:13.170,onvif-e9b03eab-61a3-46bd-9f42-888fd59ddbc4,1789817053.146,1789817053.150,1789817053.155,1789817053.160,1789817053.160,1789817053.171,24.39
2026-09-19 16:54:13.253,onvif-e9b03eab-61a3-46bd-9f42-888fd59ddbc4,1789817053.214,1789817053.217,1789817053.222,1789817053.225,1789817053.225,1789817053.253,39.73
2026-09-19 16:54:13.296,onvif-e9b03eab-61a3-46bd-9f42-888fd59ddbc4,1789817053.277,1789817053.281,1789817053.285,1789817053.290,1789817053.290,1789817053.296,19.48
2026-09-19 16:54:13.366,onvif-e9b03eab-61a3-46bd-9f42-888fd59ddbc4,1789817053.339,1789817053.348,1789817053.354,1789817053.355,1789817053.355,1789817053.367,27.86
2026-09-19 16:54:13.477,onvif-e9b03eab-61a3-46bd-9f42-888fd59ddbc4,1789817053.454,1789817053.456,1789817053.460,1789817053.466,1789817053.466,1789817053.478,23.69
2026-09-19 16:54:13.537,onvif-e9b03eab-61a3-46bd-9f42-888fd59ddbc4,1789817053.513,1789817053.523,1789817053.527,1789817053.531,1789817053.531,1789817053.538,24.78
2026-09-19 16:54:13.629,onvif-e9b03eab-61a3-46bd-9f42-888fd59ddbc4,1789817053.608,1789817053.611,1789817053.614,1789817053.618,1789817053.618,1789817053.629,21.28
2026-09-19 16:54:13.688,onvif-e9b03eab-61a3-46bd-9f42-888fd59ddbc4,1789817053.669,1789817053.678,1789817053.681,1789817053.682,1789817053.682,1789817053.689,20.09
2026-09-19 16:54:13.783,onvif-e9b03eab-61a3-46bd-9f42-888fd59ddbc4,1789817053.768,1789817053.771,1789817053.774,1789817053.778,1789817053.778,1789817053.784,15.27
2026-09-19 16:54:13.857,onvif-e9b03eab-61a3-46bd-9f42-888fd59ddbc4,1789817053.839,1789817053.843,1789817053.846,1789817053.848,1789817053.848,1789817053.857,17.69
2026-09-19 16:54:13.972,onvif-e9b03eab-61a3-46bd-9f42-888fd59ddbc4,1789817053.948,1789817053.950,1789817053.954,1789817053.959,1789817053.959,1789817053.972,24.01
2026-09-19 16:54:14.043,onvif-e9b03eab-61a3-46bd-9f42-888fd59ddbc4,1789817054.024,1789817054.028,1789817054.031,1789817054.034,1789817054.034,1789817054.044,19.82
2026-09-19 16:54:14.128,onvif-e9b03eab-61a3-46bd-9f42-888fd59ddbc4,1789817054.115,1789817054.115,1789817054.119,1789817054.121,1789817054.121,1789817054.128,13.54
2026-09-19 16:54:14.221,onvif-e9b03eab-61a3-46bd-9f42-888fd59ddbc4,1789817054.201,1789817054.203,1789817054.206,1789817054.211,1789817054.211,1789817054.221,20.44
2026-09-19 16:54:14.302,onvif-e9b03eab-61a3-46bd-9f42-888fd59ddbc4,1789817054.286,1789817054.288,1789817054.291,1789817054.296,1789817054.296,1789817054.302,16.45
2026-09-19 16:54:14.373,onvif-e9b03eab-61a3-46bd-9f42-888fd59ddbc4,1789817054.337,1789817054.355,1789817054.361,1789817054.366,1789817054.366,1789817054.374,36.17
2026-09-19 16:54:14.463,onvif-e9b03eab-61a3-46bd-9f42-888fd59ddbc4,1789817054.441,1789817054.442,1789817054.445,1789817054.451,1789817054.451,1789817054.463,22.23
2026-09-19 16:54:14.532,onvif-e9b03eab-61a3-46bd-9f42-888fd59ddbc4,1789817054.505,1789817054.519,1789817054.523,1789817054.527,1789817054.527,1789817054.533,28.24
2026-09-19 16:54:14.622,onvif-e9b03eab-61a3-46bd-9f42-888fd59ddbc4,1789817054.607,1789817054.607,1789817054.611,1789817054.617,1789817054.617,1789817054.623,16.28
2026-09-19 16:54:14.703,onvif-e9b03eab-61a3-46bd-9f42-888fd59ddbc4,1789817054.672,1789817054.684,1789817054.688,1789817054.693,1789817054.693,1789817054.704,32.16
2026-09-19 16:54:14.797,onvif-e9b03eab-61a3-46bd-9f42-888fd59ddbc4,1789817054.779,1789817054.783,1789817054.786,1789817054.791,1789817054.791,1789817054.797,18.22
2026-09-19 16:54:14.871,onvif-e9b03eab-61a3-46bd-9f42-888fd59ddbc4,1789817054.848,1789817054.855,1789817054.860,1789817054.862,1789817054.862,1789817054.872,23.06
2026-09-19 16:54:14.951,onvif-e9b03eab-61a3-46bd-9f42-888fd59ddbc4,1789817054.933,1789817054.937,1789817054.941,1789817054.943,1789817054.943,1789817054.951,18.55
2026-09-19 16:54:15.006,onvif-e9b03eab-61a3-46bd-9f42-888fd59ddbc4,1789817054.980,1789817054.981,1789817054.986,1789817054.991,1789817054.991,1789817055.006,26.57
2026-09-19 16:54:15.070,onvif-e9b03eab-61a3-46bd-9f42-888fd59ddbc4,1789817055.005,1789817055.015,1789817055.019,1789817055.024,1789817055.024,1789817055.071,65.71
2026-09-19 16:54:15.128,onvif-e9b03eab-61a3-46bd-9f42-888fd59ddbc4,1789817055.102,1789817055.107,1789817055.113,1789817055.116,1789817055.116,1789817055.129,26.98
2026-09-19 16:54:15.207,onvif-e9b03eab-61a3-46bd-9f42-888fd59ddbc4,1789817055.188,1789817055.189,1789817055.192,1789817055.198,1789817055.198,1789817055.208,19.65
2026-09-19 16:54:15.300,onvif-e9b03eab-61a3-46bd-9f42-888fd59ddbc4,1789817055.285,1789817055.287,1789817055.290,1789817055.294,1789817055.294,1789817055.300,15.37
2026-09-19 16:54:15.372,onvif-e9b03eab-61a3-46bd-9f42-888fd59ddbc4,1789817055.336,1789817055.354,1789817055.359,1789817055.364,1789817055.364,1789817055.372,36.78
2026-09-19 16:54:15.459,onvif-e9b03eab-61a3-46bd-9f42-888fd59ddbc4,1789817055.438,1789817055.442,1789817055.445,1789817055.450,1789817055.450,1789817055.460,21.71
2026-09-19 16:54:15.530,onvif-e9b03eab-61a3-46bd-9f42-888fd59ddbc4,1789817055.509,1789817055.514,1789817055.518,1789817055.522,1789817055.522,1789817055.531,21.41
2026-09-19 16:54:15.619,onvif-e9b03eab-61a3-46bd-9f42-888fd59ddbc4,1789817055.601,1789817055.601,1789817055.607,1789817055.613,1789817055.613,1789817055.620,18.65
2026-09-19 16:54:15.694,onvif-e9b03eab-61a3-46bd-9f42-888fd59ddbc4,1789817055.676,1789817055.678,1789817055.681,1789817055.683,1789817055.683,1789817055.694,17.83
2026-09-19 16:54:15.785,onvif-e9b03eab-61a3-46bd-9f42-888fd59ddbc4,1789817055.770,1789817055.771,1789817055.775,1789817055.779,1789817055.779,1789817055.786,16.06
2026-09-19 16:54:15.872,onvif-e9b03eab-61a3-46bd-9f42-888fd59ddbc4,1789817055.851,1789817055.853,1789817055.859,1789817055.865,1789817055.865,1789817055.872,21.15
2026-09-19 16:54:15.968,onvif-e9b03eab-61a3-46bd-9f42-888fd59ddbc4,1789817055.947,1789817055.951,1789817055.955,1789817055.956,1789817055.957,1789817055.968,21.84
2026-09-19 16:54:16.033,onvif-e9b03eab-61a3-46bd-9f42-888fd59ddbc4,1789817056.007,1789817056.018,1789817056.022,1789817056.027,1789817056.027,1789817056.034,26.73
2026-09-19 16:54:16.119,onvif-e9b03eab-61a3-46bd-9f42-888fd59ddbc4,1789817056.101,1789817056.106,1789817056.110,1789817056.114,1789817056.114,1789817056.120,18.60
2026-09-19 16:54:16.205,onvif-e9b03eab-61a3-46bd-9f42-888fd59ddbc4,1789817056.178,1789817056.188,1789817056.192,1789817056.194,1789817056.194,1789817056.205,27.73
2026-09-19 16:54:16.300,onvif-e9b03eab-61a3-46bd-9f42-888fd59ddbc4,1789817056.276,1789817056.281,1789817056.284,1789817056.286,1789817056.286,1789817056.300,24.08
2026-09-19 16:54:16.366,onvif-e9b03eab-61a3-46bd-9f42-888fd59ddbc4,1789817056.342,1789817056.348,1789817056.351,1789817056.357,1789817056.357,1789817056.366,23.83
2026-09-19 16:54:16.454,onvif-e9b03eab-61a3-46bd-9f42-888fd59ddbc4,1789817056.438,1789817056.440,1789817056.444,1789817056.449,1789817056.449,1789817056.455,16.78
2026-09-19 16:54:16.533,onvif-e9b03eab-61a3-46bd-9f42-888fd59ddbc4,1789817056.512,1789817056.517,1789817056.523,1789817056.525,1789817056.525,1789817056.534,21.45
2026-09-19 16:54:16.635,onvif-e9b03eab-61a3-46bd-9f42-888fd59ddbc4,1789817056.612,1789817056.615,1789817056.618,1789817056.623,1789817056.623,1789817056.635,23.13
2026-09-19 16:54:16.695,onvif-e9b03eab-61a3-46bd-9f42-888fd59ddbc4,1789817056.673,1789817056.682,1789817056.686,1789817056.689,1789817056.689,1789817056.696,22.82
2026-09-19 16:54:16.791,onvif-e9b03eab-61a3-46bd-9f42-888fd59ddbc4,1789817056.775,1789817056.775,1789817056.779,1789817056.780,1789817056.780,1789817056.791,16.54
2026-09-19 16:54:16.872,onvif-e9b03eab-61a3-46bd-9f42-888fd59ddbc4,1789817056.845,1789817056.849,1789817056.853,1789817056.855,1789817056.855,1789817056.873,27.38
2026-09-19 16:54:16.932,onvif-e9b03eab-61a3-46bd-9f42-888fd59ddbc4,1789817056.898,1789817056.916,1789817056.920,1789817056.922,1789817056.922,1789817056.933,35.11
2026-09-19 16:54:17.002,onvif-e9b03eab-61a3-46bd-9f42-888fd59ddbc4,1789817056.974,1789817056.983,1789817056.987,1789817056.992,1789817056.992,1789817057.002,27.91
2026-09-19 16:54:17.063,onvif-e9b03eab-61a3-46bd-9f42-888fd59ddbc4,1789817057.042,1789817057.050,1789817057.054,1789817057.057,1789817057.057,1789817057.064,21.98
2026-09-19 16:54:17.127,onvif-e9b03eab-61a3-46bd-9f42-888fd59ddbc4,1789817057.106,1789817057.110,1789817057.114,1789817057.117,1789817057.117,1789817057.127,21.84
2026-09-19 16:54:17.189,onvif-e9b03eab-61a3-46bd-9f42-888fd59ddbc4,1789817057.166,1789817057.177,1789817057.181,1789817057.183,1789817057.184,1789817057.190,23.39
2026-09-19 16:54:17.244,onvif-e9b03eab-61a3-46bd-9f42-888fd59ddbc4,1789817057.221,1789817057.226,1789817057.229,1789817057.234,1789817057.234,1789817057.244,22.90
2026-09-19 16:54:17.326,onvif-e9b03eab-61a3-46bd-9f42-888fd59ddbc4,1789817057.313,1789817057.313,1789817057.317,1789817057.320,1789817057.320,1789817057.327,13.87
2026-09-19 16:54:17.397,onvif-e9b03eab-61a3-46bd-9f42-888fd59ddbc4,1789817057.380,1789817057.380,1789817057.385,1789817057.390,1789817057.390,1789817057.398,18.17
2026-09-19 16:54:17.468,onvif-e9b03eab-61a3-46bd-9f42-888fd59ddbc4,1789817057.451,1789817057.455,1789817057.458,1789817057.459,1789817057.459,1789817057.468,17.39
2026-09-19 16:54:17.537,onvif-e9b03eab-61a3-46bd-9f42-888fd59ddbc4,1789817057.507,1789817057.521,1789817057.525,1789817057.530,1789817057.530,1789817057.537,30.14
2026-09-19 16:54:17.635,onvif-e9b03eab-61a3-46bd-9f42-888fd59ddbc4,1789817057.617,1789817057.619,1789817057.623,1789817057.627,1789817057.627,1789817057.636,18.29
2026-09-19 16:54:17.705,onvif-e9b03eab-61a3-46bd-9f42-888fd59ddbc4,1789817057.669,1789817057.686,1789817057.689,1789817057.693,1789817057.693,1789817057.705,36.38
2026-09-19 16:54:17.792,onvif-e9b03eab-61a3-46bd-9f42-888fd59ddbc4,1789817057.774,1789817057.779,1789817057.781,1789817057.785,1789817057.785,1789817057.792,18.14
2026-09-19 16:54:17.866,onvif-e9b03eab-61a3-46bd-9f42-888fd59ddbc4,1789817057.842,1789817057.846,1789817057.851,1789817057.855,1789817057.855,1789817057.866,24.47
2026-09-19 16:54:17.963,onvif-e9b03eab-61a3-46bd-9f42-888fd59ddbc4,1789817057.942,1789817057.943,1789817057.947,1789817057.952,1789817057.952,1789817057.964,21.34
2026-09-19 16:54:18.026,onvif-e9b03eab-61a3-46bd-9f42-888fd59ddbc4,1789817058.007,1789817058.010,1789817058.015,1789817058.018,1789817058.018,1789817058.026,19.11
2026-09-19 16:54:18.135,onvif-e9b03eab-61a3-46bd-9f42-888fd59ddbc4,1789817058.119,1789817058.124,1789817058.128,1789817058.130,1789817058.130,1789817058.136,16.73
2026-09-19 16:54:18.212,onvif-e9b03eab-61a3-46bd-9f42-888fd59ddbc4,1789817058.177,1789817058.191,1789817058.195,1789817058.200,1789817058.200,1789817058.212,35.09
2026-09-19 16:54:18.293,onvif-e9b03eab-61a3-46bd-9f42-888fd59ddbc4,1789817058.274,1789817058.278,1789817058.282,1789817058.287,1789817058.287,1789817058.294,19.65
2026-09-19 16:54:18.368,onvif-e9b03eab-61a3-46bd-9f42-888fd59ddbc4,1789817058.341,1789817058.350,1789817058.356,1789817058.359,1789817058.359,1789817058.369,27.32
2026-09-19 16:54:18.467,onvif-e9b03eab-61a3-46bd-9f42-888fd59ddbc4,1789817058.445,1789817058.448,1789817058.452,1789817058.455,1789817058.455,1789817058.467,21.97
2026-09-19 16:54:18.538,onvif-e9b03eab-61a3-46bd-9f42-888fd59ddbc4,1789817058.511,1789817058.515,1789817058.520,1789817058.526,1789817058.526,1789817058.539,27.24
2026-09-19 16:54:18.609,onvif-e9b03eab-61a3-46bd-9f42-888fd59ddbc4,1789817058.584,1789817058.584,1789817058.589,1789817058.595,1789817058.595,1789817058.610,25.65
2026-09-19 16:54:18.674,onvif-e9b03eab-61a3-46bd-9f42-888fd59ddbc4,1789817058.644,1789817058.651,1789817058.656,1789817058.661,1789817058.661,1789817058.675,30.64
2026-09-19 16:54:18.779,onvif-e9b03eab-61a3-46bd-9f42-888fd59ddbc4,1789817058.755,1789817058.759,1789817058.765,1789817058.768,1789817058.768,1789817058.780,24.88
2026-09-19 16:54:18.844,onvif-e9b03eab-61a3-46bd-9f42-888fd59ddbc4,1789817058.805,1789817058.826,1789817058.829,1789817058.832,1789817058.832,1789817058.844,39.47
2026-09-19 16:54:18.893,onvif-e9b03eab-61a3-46bd-9f42-888fd59ddbc4,1789817058.871,1789817058.875,1789817058.879,1789817058.886,1789817058.886,1789817058.894,22.66
2026-09-19 16:54:18.972,onvif-e9b03eab-61a3-46bd-9f42-888fd59ddbc4,1789817058.938,1789817058.952,1789817058.956,1789817058.962,1789817058.962,1789817058.972,34.12
2026-09-19 16:54:19.039,onvif-e9b03eab-61a3-46bd-9f42-888fd59ddbc4,1789817059.021,1789817059.024,1789817059.028,1789817059.033,1789817059.033,1789817059.040,18.78
2026-09-19 16:54:19.123,onvif-e9b03eab-61a3-46bd-9f42-888fd59ddbc4,1789817059.106,1789817059.107,1789817059.111,1789817059.113,1789817059.113,1789817059.123,17.06
2026-09-19 16:54:19.192,onvif-e9b03eab-61a3-46bd-9f42-888fd59ddbc4,1789817059.172,1789817059.174,1789817059.177,1789817059.180,1789817059.180,1789817059.193,20.10
2026-09-19 16:54:19.251,onvif-e9b03eab-61a3-46bd-9f42-888fd59ddbc4,1789817059.235,1789817059.238,1789817059.242,1789817059.244,1789817059.244,1789817059.251,15.92
2026-09-19 16:54:19.309,onvif-e9b03eab-61a3-46bd-9f42-888fd59ddbc4,1789817059.287,1789817059.292,1789817059.296,1789817059.298,1789817059.298,1789817059.310,22.72
2026-09-19 16:54:19.375,onvif-e9b03eab-61a3-46bd-9f42-888fd59ddbc4,1789817059.359,1789817059.364,1789817059.368,1789817059.370,1789817059.370,1789817059.376,16.25
2026-09-19 16:54:19.465,onvif-e9b03eab-61a3-46bd-9f42-888fd59ddbc4,1789817059.442,1789817059.446,1789817059.451,1789817059.455,1789817059.456,1789817059.466,23.98
2026-09-19 16:54:19.542,onvif-e9b03eab-61a3-46bd-9f42-888fd59ddbc4,1789817059.518,1789817059.523,1789817059.527,1789817059.532,1789817059.533,1789817059.542,23.81
2026-09-19 16:54:19.628,onvif-e9b03eab-61a3-46bd-9f42-888fd59ddbc4,1789817059.613,1789817059.616,1789817059.619,1789817059.623,1789817059.624,1789817059.629,15.70
2026-09-19 16:54:19.707,onvif-e9b03eab-61a3-46bd-9f42-888fd59ddbc4,1789817059.689,1789817059.693,1789817059.698,1789817059.699,1789817059.699,1789817059.707,18.48
2026-09-19 16:54:19.791,onvif-e9b03eab-61a3-46bd-9f42-888fd59ddbc4,1789817059.772,1789817059.773,1789817059.777,1789817059.779,1789817059.779,1789817059.792,19.59
2026-09-19 16:54:19.840,onvif-e9b03eab-61a3-46bd-9f42-888fd59ddbc4,1789817059.825,1789817059.827,1789817059.830,1789817059.833,1789817059.833,1789817059.840,15.59
2026-09-19 16:54:19.914,onvif-e9b03eab-61a3-46bd-9f42-888fd59ddbc4,1789817059.885,1789817059.894,1789817059.897,1789817059.903,1789817059.903,1789817059.914,29.13
2026-09-19 16:54:19.986,onvif-e9b03eab-61a3-46bd-9f42-888fd59ddbc4,1789817059.958,1789817059.971,1789817059.974,1789817059.980,1789817059.980,1789817059.986,27.83
2026-09-19 16:54:20.053,onvif-e9b03eab-61a3-46bd-9f42-888fd59ddbc4,1789817060.023,1789817060.038,1789817060.043,1789817060.045,1789817060.045,1789817060.053,30.54
2026-09-19 16:54:20.148,onvif-e9b03eab-61a3-46bd-9f42-888fd59ddbc4,1789817060.133,1789817060.136,1789817060.139,1789817060.141,1789817060.141,1789817060.148,15.51
2026-09-19 16:54:20.219,onvif-e9b03eab-61a3-46bd-9f42-888fd59ddbc4,1789817060.188,1789817060.202,1789817060.206,1789817060.212,1789817060.212,1789817060.219,31.84
2026-09-19 16:54:20.275,onvif-e9b03eab-61a3-46bd-9f42-888fd59ddbc4,1789817060.253,1789817060.257,1789817060.260,1789817060.265,1789817060.265,1789817060.276,22.40
2026-09-19 16:54:20.345,onvif-e9b03eab-61a3-46bd-9f42-888fd59ddbc4,1789817060.330,1789817060.334,1789817060.338,1789817060.340,1789817060.340,1789817060.346,15.54
2026-09-19 16:54:20.447,onvif-e9b03eab-61a3-46bd-9f42-888fd59ddbc4,1789817060.424,1789817060.427,1789817060.431,1789817060.437,1789817060.437,1789817060.448,23.31
2026-09-19 16:54:20.517,onvif-e9b03eab-61a3-46bd-9f42-888fd59ddbc4,1789817060.491,1789817060.493,1789817060.497,1789817060.502,1789817060.502,1789817060.517,26.52
2026-09-19 16:54:20.610,onvif-e9b03eab-61a3-46bd-9f42-888fd59ddbc4,1789817060.587,1789817060.591,1789817060.596,1789817060.600,1789817060.600,1789817060.610,22.80
2026-09-19 16:54:20.678,onvif-e9b03eab-61a3-46bd-9f42-888fd59ddbc4,1789817060.659,1789817060.663,1789817060.668,1789817060.670,1789817060.670,1789817060.678,19.78
2026-09-19 16:54:20.765,onvif-e9b03eab-61a3-46bd-9f42-888fd59ddbc4,1789817060.749,1789817060.751,1789817060.754,1789817060.757,1789817060.757,1789817060.766,16.43
2026-09-19 16:54:20.845,onvif-e9b03eab-61a3-46bd-9f42-888fd59ddbc4,1789817060.811,1789817060.828,1789817060.832,1789817060.838,1789817060.838,1789817060.845,33.96
2026-09-19 16:54:20.920,onvif-e9b03eab-61a3-46bd-9f42-888fd59ddbc4,1789817060.901,1789817060.905,1789817060.909,1789817060.914,1789817060.914,1789817060.920,18.97
2026-09-19 16:54:21.012,onvif-e9b03eab-61a3-46bd-9f42-888fd59ddbc4,1789817060.988,1789817060.993,1789817060.995,1789817061.000,1789817061.000,1789817061.012,23.72
2026-09-19 16:54:21.097,onvif-e9b03eab-61a3-46bd-9f42-888fd59ddbc4,1789817061.082,1789817061.085,1789817061.088,1789817061.092,1789817061.092,1789817061.098,15.42
2026-09-19 16:54:21.174,onvif-e9b03eab-61a3-46bd-9f42-888fd59ddbc4,1789817061.151,1789817061.152,1789817061.158,1789817061.163,1789817061.163,1789817061.174,23.13
2026-09-19 16:54:21.260,onvif-e9b03eab-61a3-46bd-9f42-888fd59ddbc4,1789817061.238,1789817061.240,1789817061.243,1789817061.250,1789817061.250,1789817061.261,22.81
2026-09-19 16:54:21.331,onvif-e9b03eab-61a3-46bd-9f42-888fd59ddbc4,1789817061.312,1789817061.317,1789817061.321,1789817061.325,1789817061.325,1789817061.332,19.76
2026-09-19 16:54:21.426,onvif-e9b03eab-61a3-46bd-9f42-888fd59ddbc4,1789817061.409,1789817061.409,1789817061.413,1789817061.417,1789817061.417,1789817061.427,17.65
2026-09-19 16:54:21.490,onvif-e9b03eab-61a3-46bd-9f42-888fd59ddbc4,1789817061.471,1789817061.476,1789817061.479,1789817061.482,1789817061.482,1789817061.490,19.06
2026-09-19 16:54:21.584,onvif-e9b03eab-61a3-46bd-9f42-888fd59ddbc4,1789817061.574,1789817061.574,1789817061.577,1789817061.579,1789817061.579,1789817061.585,10.79
2026-09-19 16:54:21.646,onvif-e9b03eab-61a3-46bd-9f42-888fd59ddbc4,1789817061.623,1789817061.623,1789817061.626,1789817061.632,1789817061.632,1789817061.646,23.83
2026-09-19 16:54:21.714,onvif-e9b03eab-61a3-46bd-9f42-888fd59ddbc4,1789817061.696,1789817061.700,1789817061.703,1789817061.708,1789817061.709,1789817061.715,18.46
2026-09-19 16:54:21.793,onvif-e9b03eab-61a3-46bd-9f42-888fd59ddbc4,1789817061.774,1789817061.777,1789817061.782,1789817061.785,1789817061.785,1789817061.794,19.59
2026-09-19 16:54:21.866,onvif-e9b03eab-61a3-46bd-9f42-888fd59ddbc4,1789817061.835,1789817061.849,1789817061.853,1789817061.855,1789817061.856,1789817061.867,32.04
2026-09-19 16:54:21.921,onvif-e9b03eab-61a3-46bd-9f42-888fd59ddbc4,1789817061.906,1789817061.908,1789817061.912,1789817061.915,1789817061.915,1789817061.922,16.24
2026-09-19 16:54:21.995,onvif-e9b03eab-61a3-46bd-9f42-888fd59ddbc4,1789817061.966,1789817061.975,1789817061.979,1789817061.982,1789817061.982,1789817061.995,28.82
2026-09-19 16:54:22.085,onvif-e9b03eab-61a3-46bd-9f42-888fd59ddbc4,1789817062.070,1789817062.073,1789817062.076,1789817062.079,1789817062.079,1789817062.085,14.87
2026-09-19 16:54:22.162,onvif-e9b03eab-61a3-46bd-9f42-888fd59ddbc4,1789817062.145,1789817062.145,1789817062.150,1789817062.155,1789817062.155,1789817062.162,17.39
2026-09-19 16:54:22.270,onvif-e9b03eab-61a3-46bd-9f42-888fd59ddbc4,1789817062.252,1789817062.254,1789817062.256,1789817062.262,1789817062.262,1789817062.271,18.95
2026-09-19 16:54:22.336,onvif-e9b03eab-61a3-46bd-9f42-888fd59ddbc4,1789817062.312,1789817062.320,1789817062.324,1789817062.327,1789817062.327,1789817062.337,25.33
2026-09-19 16:54:22.435,onvif-e9b03eab-61a3-46bd-9f42-888fd59ddbc4,1789817062.416,1789817062.418,1789817062.423,1789817062.428,1789817062.428,1789817062.436,19.73
2026-09-19 16:54:22.503,onvif-e9b03eab-61a3-46bd-9f42-888fd59ddbc4,1789817062.472,1789817062.485,1789817062.488,1789817062.493,1789817062.493,1789817062.504,31.94
2026-09-19 16:54:22.589,onvif-e9b03eab-61a3-46bd-9f42-888fd59ddbc4,1789817062.574,1789817062.578,1789817062.582,1789817062.584,1789817062.584,1789817062.589,15.19
2026-09-19 16:54:22.666,onvif-e9b03eab-61a3-46bd-9f42-888fd59ddbc4,1789817062.647,1789817062.650,1789817062.654,1789817062.659,1789817062.660,1789817062.666,19.52
2026-09-19 16:54:22.767,onvif-e9b03eab-61a3-46bd-9f42-888fd59ddbc4,1789817062.747,1789817062.748,1789817062.751,1789817062.756,1789817062.756,1789817062.767,20.16
2026-09-19 16:54:22.837,onvif-e9b03eab-61a3-46bd-9f42-888fd59ddbc4,1789817062.825,1789817062.826,1789817062.829,1789817062.831,1789817062.831,1789817062.838,12.93
2026-09-19 16:54:22.893,onvif-e9b03eab-61a3-46bd-9f42-888fd59ddbc4,1789817062.872,1789817062.874,1789817062.878,1789817062.884,1789817062.884,1789817062.894,22.09
2026-09-19 16:54:22.949,onvif-e9b03eab-61a3-46bd-9f42-888fd59ddbc4,1789817062.928,1789817062.934,1789817062.938,1789817062.943,1789817062.943,1789817062.950,21.40
2026-09-19 16:54:23.032,onvif-e9b03eab-61a3-46bd-9f42-888fd59ddbc4,1789817062.979,1789817063.011,1789817063.016,1789817063.021,1789817063.021,1789817063.032,53.67
2026-09-19 16:54:23.096,onvif-e9b03eab-61a3-46bd-9f42-888fd59ddbc4,1789817063.076,1789817063.078,1789817063.081,1789817063.086,1789817063.086,1789817063.097,20.94
2026-09-19 16:54:23.169,onvif-e9b03eab-61a3-46bd-9f42-888fd59ddbc4,1789817063.137,1789817063.155,1789817063.159,1789817063.162,1789817063.162,1789817063.169,31.88
2026-09-19 16:54:23.259,onvif-e9b03eab-61a3-46bd-9f42-888fd59ddbc4,1789817063.239,1789817063.243,1789817063.247,1789817063.252,1789817063.253,1789817063.259,19.78
2026-09-19 16:54:23.318,onvif-e9b03eab-61a3-46bd-9f42-888fd59ddbc4,1789817063.292,1789817063.297,1789817063.300,1789817063.305,1789817063.305,1789817063.319,26.66
2026-09-19 16:54:23.376,onvif-e9b03eab-61a3-46bd-9f42-888fd59ddbc4,1789817063.362,1789817063.363,1789817063.367,1789817063.371,1789817063.371,1789817063.377,14.52
2026-09-19 16:54:23.467,onvif-e9b03eab-61a3-46bd-9f42-888fd59ddbc4,1789817063.439,1789817063.446,1789817063.450,1789817063.456,1789817063.456,1789817063.467,28.11
2026-09-19 16:54:23.542,onvif-e9b03eab-61a3-46bd-9f42-888fd59ddbc4,1789817063.521,1789817063.523,1789817063.526,1789817063.532,1789817063.532,1789817063.543,21.96
2026-09-19 16:54:23.603,onvif-e9b03eab-61a3-46bd-9f42-888fd59ddbc4,1789817063.587,1789817063.587,1789817063.591,1789817063.596,1789817063.597,1789817063.604,17.08
2026-09-19 16:54:23.674,onvif-e9b03eab-61a3-46bd-9f42-888fd59ddbc4,1789817063.652,1789817063.654,1789817063.658,1789817063.662,1789817063.662,1789817063.674,22.21
2026-09-19 16:54:23.760,onvif-e9b03eab-61a3-46bd-9f42-888fd59ddbc4,1789817063.743,1789817063.747,1789817063.751,1789817063.753,1789817063.754,1789817063.760,16.95
2026-09-19 16:54:23.835,onvif-e9b03eab-61a3-46bd-9f42-888fd59ddbc4,1789817063.801,1789817063.814,1789817063.820,1789817063.825,1789817063.825,1789817063.835,33.93
2026-09-19 16:54:23.927,onvif-e9b03eab-61a3-46bd-9f42-888fd59ddbc4,1789817063.903,1789817063.907,1789817063.912,1789817063.917,1789817063.917,1789817063.927,23.89
2026-09-19 16:54:23.990,onvif-e9b03eab-61a3-46bd-9f42-888fd59ddbc4,1789817063.968,1789817063.974,1789817063.978,1789817063.983,1789817063.983,1789817063.991,23.00
2026-09-19 16:54:24.092,onvif-e9b03eab-61a3-46bd-9f42-888fd59ddbc4,1789817064.073,1789817064.077,1789817064.080,1789817064.085,1789817064.085,1789817064.092,18.75
2026-09-19 16:54:24.163,onvif-e9b03eab-61a3-46bd-9f42-888fd59ddbc4,1789817064.144,1789817064.144,1789817064.147,1789817064.151,1789817064.151,1789817064.163,19.87
2026-09-19 16:54:24.273,onvif-e9b03eab-61a3-46bd-9f42-888fd59ddbc4,1789817064.253,1789817064.258,1789817064.262,1789817064.264,1789817064.264,1789817064.274,21.13
2026-09-19 16:54:24.340,onvif-e9b03eab-61a3-46bd-9f42-888fd59ddbc4,1789817064.308,1789817064.325,1789817064.328,1789817064.334,1789817064.334,1789817064.341,33.15
2026-09-19 16:54:24.425,onvif-e9b03eab-61a3-46bd-9f42-888fd59ddbc4,1789817064.406,1789817064.407,1789817064.410,1789817064.415,1789817064.415,1789817064.425,19.28
2026-09-19 16:54:24.492,onvif-e9b03eab-61a3-46bd-9f42-888fd59ddbc4,1789817064.473,1789817064.479,1789817064.482,1789817064.486,1789817064.486,1789817064.493,19.85
2026-09-19 16:54:24.589,onvif-e9b03eab-61a3-46bd-9f42-888fd59ddbc4,1789817064.576,1789817064.576,1789817064.580,1789817064.583,1789817064.583,1789817064.590,14.09
2026-09-19 16:54:24.680,onvif-e9b03eab-61a3-46bd-9f42-888fd59ddbc4,1789817064.654,1789817064.659,1789817064.663,1789817064.670,1789817064.670,1789817064.680,26.51
2026-09-19 16:54:24.758,onvif-e9b03eab-61a3-46bd-9f42-888fd59ddbc4,1789817064.741,1789817064.741,1789817064.745,1789817064.751,1789817064.751,1789817064.758,17.35
2026-09-19 16:54:24.833,onvif-e9b03eab-61a3-46bd-9f42-888fd59ddbc4,1789817064.803,1789817064.813,1789817064.818,1789817064.822,1789817064.822,1789817064.833,30.43
2026-09-19 16:54:24.925,onvif-e9b03eab-61a3-46bd-9f42-888fd59ddbc4,1789817064.902,1789817064.906,1789817064.909,1789817064.913,1789817064.913,1789817064.925,22.91
2026-09-19 16:54:25.009,onvif-e9b03eab-61a3-46bd-9f42-888fd59ddbc4,1789817064.995,1789817064.998,1789817065.001,1789817065.004,1789817065.004,1789817065.010,14.32
2026-09-19 16:54:25.119,onvif-e9b03eab-61a3-46bd-9f42-888fd59ddbc4,1789817065.106,1789817065.106,1789817065.109,1789817065.112,1789817065.112,1789817065.119,13.04
2026-09-19 16:54:25.193,onvif-e9b03eab-61a3-46bd-9f42-888fd59ddbc4,1789817065.151,1789817065.173,1789817065.180,1789817065.183,1789817065.183,1789817065.193,42.36
2026-09-19 16:54:25.268,onvif-e9b03eab-61a3-46bd-9f42-888fd59ddbc4,1789817065.250,1789817065.250,1789817065.253,1789817065.259,1789817065.259,1789817065.269,19.27
2026-09-19 16:54:25.320,onvif-e9b03eab-61a3-46bd-9f42-888fd59ddbc4,1789817065.299,1789817065.304,1789817065.308,1789817065.313,1789817065.313,1789817065.321,21.76
2026-09-19 16:54:25.390,onvif-e9b03eab-61a3-46bd-9f42-888fd59ddbc4,1789817065.366,1789817065.371,1789817065.374,1789817065.378,1789817065.378,1789817065.390,24.15
2026-09-19 16:54:25.460,onvif-e9b03eab-61a3-46bd-9f42-888fd59ddbc4,1789817065.447,1789817065.448,1789817065.451,1789817065.453,1789817065.453,1789817065.460,12.87
2026-09-19 16:54:25.516,onvif-e9b03eab-61a3-46bd-9f42-888fd59ddbc4,1789817065.493,1789817065.497,1789817065.500,1789817065.506,1789817065.506,1789817065.517,24.33
2026-09-19 16:54:25.578,onvif-e9b03eab-61a3-46bd-9f42-888fd59ddbc4,1789817065.564,1789817065.564,1789817065.568,1789817065.571,1789817065.571,1789817065.578,14.46
2026-09-19 16:54:25.657,onvif-e9b03eab-61a3-46bd-9f42-888fd59ddbc4,1789817065.635,1789817065.636,1789817065.642,1789817065.647,1789817065.647,1789817065.657,22.33
2026-09-19 16:54:25.754,onvif-e9b03eab-61a3-46bd-9f42-888fd59ddbc4,1789817065.734,1789817065.739,1789817065.742,1789817065.744,1789817065.744,1789817065.754,20.38
2026-09-19 16:54:25.842,onvif-e9b03eab-61a3-46bd-9f42-888fd59ddbc4,1789817065.802,1789817065.811,1789817065.815,1789817065.820,1789817065.820,1789817065.843,41.00
2026-09-19 16:54:25.894,onvif-e9b03eab-61a3-46bd-9f42-888fd59ddbc4,1789817065.870,1789817065.875,1789817065.878,1789817065.883,1789817065.883,1789817065.895,24.95
2026-09-19 16:54:25.956,onvif-e9b03eab-61a3-46bd-9f42-888fd59ddbc4,1789817065.935,1789817065.942,1789817065.945,1789817065.948,1789817065.948,1789817065.956,20.63
2026-09-19 16:54:26.041,onvif-e9b03eab-61a3-46bd-9f42-888fd59ddbc4,1789817066.005,1789817066.019,1789817066.024,1789817066.029,1789817066.029,1789817066.042,36.91
2026-09-19 16:54:26.111,onvif-e9b03eab-61a3-46bd-9f42-888fd59ddbc4,1789817066.085,1789817066.088,1789817066.092,1789817066.098,1789817066.098,1789817066.111,26.34
2026-09-19 16:54:26.180,onvif-e9b03eab-61a3-46bd-9f42-888fd59ddbc4,1789817066.164,1789817066.166,1789817066.170,1789817066.174,1789817066.174,1789817066.181,17.23
2026-09-19 16:54:26.265,onvif-e9b03eab-61a3-46bd-9f42-888fd59ddbc4,1789817066.243,1789817066.245,1789817066.249,1789817066.254,1789817066.254,1789817066.265,22.56
2026-09-19 16:54:26.336,onvif-e9b03eab-61a3-46bd-9f42-888fd59ddbc4,1789817066.319,1789817066.323,1789817066.326,1789817066.330,1789817066.330,1789817066.336,17.36
2026-09-19 16:54:26.428,onvif-e9b03eab-61a3-46bd-9f42-888fd59ddbc4,1789817066.409,1789817066.410,1789817066.415,1789817066.421,1789817066.422,1789817066.429,20.28
2026-09-19 16:54:26.499,onvif-e9b03eab-61a3-46bd-9f42-888fd59ddbc4,1789817066.476,1789817066.482,1789817066.485,1789817066.487,1789817066.487,1789817066.500,23.04
2026-09-19 16:54:26.593,onvif-e9b03eab-61a3-46bd-9f42-888fd59ddbc4,1789817066.573,1789817066.575,1789817066.578,1789817066.584,1789817066.584,1789817066.594,20.99
2026-09-19 16:54:26.663,onvif-e9b03eab-61a3-46bd-9f42-888fd59ddbc4,1789817066.636,1789817066.642,1789817066.647,1789817066.654,1789817066.654,1789817066.664,28.35
2026-09-19 16:54:26.762,onvif-e9b03eab-61a3-46bd-9f42-888fd59ddbc4,1789817066.744,1789817066.745,1789817066.747,1789817066.749,1789817066.749,1789817066.763,19.08
2026-09-19 16:54:26.832,onvif-e9b03eab-61a3-46bd-9f42-888fd59ddbc4,1789817066.816,1789817066.817,1789817066.821,1789817066.825,1789817066.825,1789817066.832,16.19
2026-09-19 16:54:26.928,onvif-e9b03eab-61a3-46bd-9f42-888fd59ddbc4,1789817066.911,1789817066.915,1789817066.918,1789817066.922,1789817066.922,1789817066.928,17.33
2026-09-19 16:54:27.003,onvif-e9b03eab-61a3-46bd-9f42-888fd59ddbc4,1789817066.971,1789817066.982,1789817066.985,1789817066.988,1789817066.988,1789817067.004,32.43
2026-09-19 16:54:27.086,onvif-e9b03eab-61a3-46bd-9f42-888fd59ddbc4,1789817067.067,1789817067.069,1789817067.072,1789817067.079,1789817067.079,1789817067.086,19.47
2026-09-19 16:54:27.163,onvif-e9b03eab-61a3-46bd-9f42-888fd59ddbc4,1789817067.131,1789817067.146,1789817067.152,1789817067.155,1789817067.155,1789817067.163,32.15
2026-09-19 16:54:27.260,onvif-e9b03eab-61a3-46bd-9f42-888fd59ddbc4,1789817067.241,1789817067.244,1789817067.248,1789817067.251,1789817067.251,1789817067.261,20.26
2026-09-19 16:54:27.323,onvif-e9b03eab-61a3-46bd-9f42-888fd59ddbc4,1789817067.310,1789817067.311,1789817067.315,1789817067.316,1789817067.316,1789817067.324,14.13
2026-09-19 16:54:27.415,onvif-e9b03eab-61a3-46bd-9f42-888fd59ddbc4,1789817067.398,1789817067.398,1789817067.402,1789817067.408,1789817067.408,1789817067.415,17.38
2026-09-19 16:54:27.495,onvif-e9b03eab-61a3-46bd-9f42-888fd59ddbc4,1789817067.475,1789817067.475,1789817067.480,1789817067.483,1789817067.483,1789817067.496,20.26
2026-09-19 16:54:27.603,onvif-e9b03eab-61a3-46bd-9f42-888fd59ddbc4,1789817067.527,1789817067.529,1789817067.534,1789817067.537,1789817067.538,1789817067.604,77.24
2026-09-19 16:54:27.633,onvif-e9b03eab-61a3-46bd-9f42-888fd59ddbc4,1789817067.611,1789817067.612,1789817067.617,1789817067.620,1789817067.620,1789817067.633,22.67
2026-09-19 16:54:27.712,onvif-e9b03eab-61a3-46bd-9f42-888fd59ddbc4,1789817067.690,1789817067.694,1789817067.698,1789817067.701,1789817067.701,1789817067.713,23.01
2026-09-19 16:54:27.793,onvif-e9b03eab-61a3-46bd-9f42-888fd59ddbc4,1789817067.763,1789817067.777,1789817067.781,1789817067.787,1789817067.787,1789817067.794,30.05
2026-09-19 16:54:27.862,onvif-e9b03eab-61a3-46bd-9f42-888fd59ddbc4,1789817067.835,1789817067.844,1789817067.850,1789817067.852,1789817067.853,1789817067.862,27.60
2026-09-19 16:54:27.932,onvif-e9b03eab-61a3-46bd-9f42-888fd59ddbc4,1789817067.910,1789817067.913,1789817067.915,1789817067.922,1789817067.922,1789817067.932,22.26
2026-09-19 16:54:28.003,onvif-e9b03eab-61a3-46bd-9f42-888fd59ddbc4,1789817067.985,1789817067.990,1789817067.994,1789817067.997,1789817067.997,1789817068.004,18.83
2026-09-19 16:54:28.086,onvif-e9b03eab-61a3-46bd-9f42-888fd59ddbc4,1789817068.072,1789817068.072,1789817068.076,1789817068.078,1789817068.078,1789817068.087,14.87
2026-09-19 16:54:28.163,onvif-e9b03eab-61a3-46bd-9f42-888fd59ddbc4,1789817068.137,1789817068.144,1789817068.148,1789817068.154,1789817068.154,1789817068.164,26.73
2026-09-19 16:54:28.267,onvif-e9b03eab-61a3-46bd-9f42-888fd59ddbc4,1789817068.246,1789817068.247,1789817068.251,1789817068.254,1789817068.254,1789817068.267,21.16
2026-09-19 16:54:28.326,onvif-e9b03eab-61a3-46bd-9f42-888fd59ddbc4,1789817068.309,1789817068.314,1789817068.318,1789817068.320,1789817068.320,1789817068.327,17.88
2026-09-19 16:54:28.427,onvif-e9b03eab-61a3-46bd-9f42-888fd59ddbc4,1789817068.408,1789817068.412,1789817068.416,1789817068.421,1789817068.421,1789817068.428,20.23
2026-09-19 16:54:28.498,onvif-e9b03eab-61a3-46bd-9f42-888fd59ddbc4,1789817068.473,1789817068.479,1789817068.482,1789817068.487,1789817068.487,1789817068.499,25.51
2026-09-19 16:54:28.590,onvif-e9b03eab-61a3-46bd-9f42-888fd59ddbc4,1789817068.573,1789817068.576,1789817068.580,1789817068.584,1789817068.584,1789817068.591,17.44
2026-09-19 16:54:28.662,onvif-e9b03eab-61a3-46bd-9f42-888fd59ddbc4,1789817068.644,1789817068.648,1789817068.653,1789817068.654,1789817068.654,1789817068.662,18.38
2026-09-19 16:54:28.761,onvif-e9b03eab-61a3-46bd-9f42-888fd59ddbc4,1789817068.739,1789817068.741,1789817068.745,1789817068.750,1789817068.750,1789817068.762,22.18
2026-09-19 16:54:28.833,onvif-e9b03eab-61a3-46bd-9f42-888fd59ddbc4,1789817068.816,1789817068.818,1789817068.822,1789817068.827,1789817068.827,1789817068.834,17.79
2026-09-19 16:54:28.921,onvif-e9b03eab-61a3-46bd-9f42-888fd59ddbc4,1789817068.904,1789817068.905,1789817068.909,1789817068.914,1789817068.914,1789817068.922,17.24
2026-09-19 16:54:28.997,onvif-e9b03eab-61a3-46bd-9f42-888fd59ddbc4,1789817068.971,1789817068.977,1789817068.981,1789817068.984,1789817068.985,1789817068.997,26.03
2026-09-19 16:54:29.101,onvif-e9b03eab-61a3-46bd-9f42-888fd59ddbc4,1789817069.083,1789817069.085,1789817069.090,1789817069.092,1789817069.092,1789817069.102,19.17
2026-09-19 16:54:29.177,onvif-e9b03eab-61a3-46bd-9f42-888fd59ddbc4,1789817069.160,1789817069.163,1789817069.166,1789817069.169,1789817069.169,1789817069.177,17.23
2026-09-19 16:54:29.263,onvif-e9b03eab-61a3-46bd-9f42-888fd59ddbc4,1789817069.243,1789817069.245,1789817069.249,1789817069.256,1789817069.256,1789817069.264,20.18
2026-09-19 16:54:29.345,onvif-e9b03eab-61a3-46bd-9f42-888fd59ddbc4,1789817069.321,1789817069.322,1789817069.326,1789817069.331,1789817069.332,1789817069.345,24.20
2026-09-19 16:54:29.445,onvif-e9b03eab-61a3-46bd-9f42-888fd59ddbc4,1789817069.421,1789817069.425,1789817069.429,1789817069.434,1789817069.434,1789817069.446,24.61
2026-09-19 16:54:29.506,onvif-e9b03eab-61a3-46bd-9f42-888fd59ddbc4,1789817069.486,1789817069.492,1789817069.496,1789817069.499,1789817069.499,1789817069.506,19.92
2026-09-19 16:54:29.601,onvif-e9b03eab-61a3-46bd-9f42-888fd59ddbc4,1789817069.586,1789817069.590,1789817069.594,1789817069.595,1789817069.595,1789817069.601,15.57
2026-09-19 16:54:29.679,onvif-e9b03eab-61a3-46bd-9f42-888fd59ddbc4,1789817069.650,1789817069.657,1789817069.660,1789817069.665,1789817069.665,1789817069.680,30.11
2026-09-19 16:54:29.767,onvif-e9b03eab-61a3-46bd-9f42-888fd59ddbc4,1789817069.753,1789817069.754,1789817069.758,1789817069.762,1789817069.762,1789817069.768,14.68
2026-09-19 16:54:29.834,onvif-e9b03eab-61a3-46bd-9f42-888fd59ddbc4,1789817069.810,1789817069.813,1789817069.817,1789817069.820,1789817069.821,1789817069.834,24.58
2026-09-19 16:54:29.893,onvif-e9b03eab-61a3-46bd-9f42-888fd59ddbc4,1789817069.857,1789817069.880,1789817069.884,1789817069.887,1789817069.887,1789817069.894,36.40
2026-09-19 16:54:29.972,onvif-e9b03eab-61a3-46bd-9f42-888fd59ddbc4,1789817069.951,1789817069.952,1789817069.958,1789817069.963,1789817069.963,1789817069.973,21.89
2026-09-19 16:54:30.041,onvif-e9b03eab-61a3-46bd-9f42-888fd59ddbc4,1789817070.014,1789817070.019,1789817070.023,1789817070.028,1789817070.028,1789817070.041,26.87
2026-09-19 16:54:30.095,onvif-e9b03eab-61a3-46bd-9f42-888fd59ddbc4,1789817070.075,1789817070.078,1789817070.082,1789817070.088,1789817070.088,1789817070.096,20.48
2026-09-19 16:54:30.165,onvif-e9b03eab-61a3-46bd-9f42-888fd59ddbc4,1789817070.139,1789817070.145,1789817070.149,1789817070.154,1789817070.154,1789817070.166,26.97
2026-09-19 16:54:30.251,onvif-e9b03eab-61a3-46bd-9f42-888fd59ddbc4,1789817070.236,1789817070.238,1789817070.240,1789817070.244,1789817070.245,1789817070.251,15.02
2026-09-19 16:54:30.329,onvif-e9b03eab-61a3-46bd-9f42-888fd59ddbc4,1789817070.305,1789817070.310,1789817070.316,1789817070.320,1789817070.320,1789817070.329,23.82
2026-09-19 16:54:30.436,onvif-e9b03eab-61a3-46bd-9f42-888fd59ddbc4,1789817070.416,1789817070.418,1789817070.422,1789817070.428,1789817070.428,1789817070.436,20.29
2026-09-19 16:54:30.506,onvif-e9b03eab-61a3-46bd-9f42-888fd59ddbc4,1789817070.488,1789817070.490,1789817070.494,1789817070.499,1789817070.499,1789817070.506,18.18
2026-09-19 16:54:30.593,onvif-e9b03eab-61a3-46bd-9f42-888fd59ddbc4,1789817070.577,1789817070.577,1789817070.581,1789817070.585,1789817070.585,1789817070.593,16.35
2026-09-19 16:54:30.675,onvif-e9b03eab-61a3-46bd-9f42-888fd59ddbc4,1789817070.649,1789817070.654,1789817070.658,1789817070.661,1789817070.661,1789817070.675,25.98
2026-09-19 16:54:30.776,onvif-e9b03eab-61a3-46bd-9f42-888fd59ddbc4,1789817070.755,1789817070.758,1789817070.760,1789817070.764,1789817070.764,1789817070.776,21.69
2026-09-19 16:54:30.842,onvif-e9b03eab-61a3-46bd-9f42-888fd59ddbc4,1789817070.814,1789817070.824,1789817070.828,1789817070.835,1789817070.835,1789817070.843,28.93
2026-09-19 16:54:30.928,onvif-e9b03eab-61a3-46bd-9f42-888fd59ddbc4,1789817070.911,1789817070.912,1789817070.915,1789817070.920,1789817070.920,1789817070.928,16.89
2026-09-19 16:54:31.002,onvif-e9b03eab-61a3-46bd-9f42-888fd59ddbc4,1789817070.977,1789817070.984,1789817070.987,1789817070.991,1789817070.991,1789817071.002,25.09
2026-09-19 16:54:31.095,onvif-e9b03eab-61a3-46bd-9f42-888fd59ddbc4,1789817071.080,1789817071.082,1789817071.086,1789817071.089,1789817071.089,1789817071.095,15.04
2026-09-19 16:54:31.168,onvif-e9b03eab-61a3-46bd-9f42-888fd59ddbc4,1789817071.144,1789817071.149,1789817071.155,1789817071.160,1789817071.160,1789817071.168,24.40
2026-09-19 16:54:31.262,onvif-e9b03eab-61a3-46bd-9f42-888fd59ddbc4,1789817071.243,1789817071.247,1789817071.250,1789817071.251,1789817071.252,1789817071.262,19.38
2026-09-19 16:54:31.334,onvif-e9b03eab-61a3-46bd-9f42-888fd59ddbc4,1789817071.311,1789817071.319,1789817071.322,1789817071.328,1789817071.328,1789817071.335,23.44
2026-09-19 16:54:31.421,onvif-e9b03eab-61a3-46bd-9f42-888fd59ddbc4,1789817071.403,1789817071.407,1789817071.411,1789817071.414,1789817071.415,1789817071.421,18.32
2026-09-19 16:54:31.501,onvif-e9b03eab-61a3-46bd-9f42-888fd59ddbc4,1789817071.480,1789817071.484,1789817071.487,1789817071.489,1789817071.489,1789817071.501,20.92
2026-09-19 16:54:31.593,onvif-e9b03eab-61a3-46bd-9f42-888fd59ddbc4,1789817071.580,1789817071.581,1789817071.585,1789817071.586,1789817071.586,1789817071.593,13.66
2026-09-19 16:54:31.672,onvif-e9b03eab-61a3-46bd-9f42-888fd59ddbc4,1789817071.648,1789817071.653,1789817071.659,1789817071.662,1789817071.662,1789817071.672,24.35
2026-09-19 16:54:31.769,onvif-e9b03eab-61a3-46bd-9f42-888fd59ddbc4,1789817071.748,1789817071.751,1789817071.755,1789817071.759,1789817071.759,1789817071.770,21.68
2026-09-19 16:54:31.833,onvif-e9b03eab-61a3-46bd-9f42-888fd59ddbc4,1789817071.816,1789817071.818,1789817071.823,1789817071.826,1789817071.826,1789817071.834,18.16
2026-09-19 16:54:31.921,onvif-e9b03eab-61a3-46bd-9f42-888fd59ddbc4,1789817071.902,1789817071.906,1789817071.910,1789817071.913,1789817071.913,1789817071.921,19.23
2026-09-19 16:54:31.990,onvif-e9b03eab-61a3-46bd-9f42-888fd59ddbc4,1789817071.972,1789817071.972,1789817071.975,1789817071.978,1789817071.978,1789817071.990,17.83
2026-09-19 16:54:32.094,onvif-e9b03eab-61a3-46bd-9f42-888fd59ddbc4,1789817072.072,1789817072.076,1789817072.080,1789817072.084,1789817072.084,1789817072.094,22.28
2026-09-19 16:54:32.161,onvif-e9b03eab-61a3-46bd-9f42-888fd59ddbc4,1789817072.144,1789817072.148,1789817072.151,1789817072.154,1789817072.154,1789817072.161,17.45
2026-09-19 16:54:32.265,onvif-e9b03eab-61a3-46bd-9f42-888fd59ddbc4,1789817072.245,1789817072.250,1789817072.255,1789817072.257,1789817072.257,1789817072.266,20.67
2026-09-19 16:54:32.338,onvif-e9b03eab-61a3-46bd-9f42-888fd59ddbc4,1789817072.306,1789817072.317,1789817072.321,1789817072.327,1789817072.327,1789817072.338,32.31
2026-09-19 16:54:32.434,onvif-e9b03eab-61a3-46bd-9f42-888fd59ddbc4,1789817072.412,1789817072.415,1789817072.419,1789817072.424,1789817072.424,1789817072.434,22.19
2026-09-19 16:54:32.505,onvif-e9b03eab-61a3-46bd-9f42-888fd59ddbc4,1789817072.480,1789817072.487,1789817072.493,1789817072.494,1789817072.495,1789817072.505,25.27
2026-09-19 16:54:32.596,onvif-e9b03eab-61a3-46bd-9f42-888fd59ddbc4,1789817072.576,1789817072.580,1789817072.583,1789817072.586,1789817072.586,1789817072.596,20.29
2026-09-19 16:54:32.666,onvif-e9b03eab-61a3-46bd-9f42-888fd59ddbc4,1789817072.642,1789817072.647,1789817072.651,1789817072.657,1789817072.657,1789817072.667,24.46
2026-09-19 16:54:32.750,onvif-e9b03eab-61a3-46bd-9f42-888fd59ddbc4,1789817072.733,1789817072.734,1789817072.739,1789817072.743,1789817072.743,1789817072.751,18.37
2026-09-19 16:54:32.834,onvif-e9b03eab-61a3-46bd-9f42-888fd59ddbc4,1789817072.810,1789817072.817,1789817072.823,1789817072.825,1789817072.825,1789817072.835,24.63
2026-09-19 16:54:32.936,onvif-e9b03eab-61a3-46bd-9f42-888fd59ddbc4,1789817072.914,1789817072.914,1789817072.918,1789817072.922,1789817072.922,1789817072.936,21.83
2026-09-19 16:54:32.999,onvif-e9b03eab-61a3-46bd-9f42-888fd59ddbc4,1789817072.979,1789817072.987,1789817072.990,1789817072.993,1789817072.993,1789817072.999,19.59
2026-09-19 16:54:33.095,onvif-e9b03eab-61a3-46bd-9f42-888fd59ddbc4,1789817073.077,1789817073.079,1789817073.083,1789817073.089,1789817073.089,1789817073.095,18.45
2026-09-19 16:54:33.178,onvif-e9b03eab-61a3-46bd-9f42-888fd59ddbc4,1789817073.141,1789817073.161,1789817073.167,1789817073.170,1789817073.170,1789817073.179,37.50
2026-09-19 16:54:33.263,onvif-e9b03eab-61a3-46bd-9f42-888fd59ddbc4,1789817073.241,1789817073.244,1789817073.248,1789817073.251,1789817073.251,1789817073.263,22.45
2026-09-19 16:54:33.328,onvif-e9b03eab-61a3-46bd-9f42-888fd59ddbc4,1789817073.309,1789817073.311,1789817073.316,1789817073.321,1789817073.321,1789817073.329,19.19
2026-09-19 16:54:33.425,onvif-e9b03eab-61a3-46bd-9f42-888fd59ddbc4,1789817073.408,1789817073.409,1789817073.413,1789817073.418,1789817073.418,1789817073.425,17.57
2026-09-19 16:54:33.500,onvif-e9b03eab-61a3-46bd-9f42-888fd59ddbc4,1789817073.476,1789817073.481,1789817073.485,1789817073.488,1789817073.488,1789817073.500,23.81
2026-09-19 16:54:33.591,onvif-e9b03eab-61a3-46bd-9f42-888fd59ddbc4,1789817073.574,1789817073.579,1789817073.583,1789817073.586,1789817073.586,1789817073.592,17.04
2026-09-19 16:54:33.669,onvif-e9b03eab-61a3-46bd-9f42-888fd59ddbc4,1789817073.642,1789817073.646,1789817073.652,1789817073.657,1789817073.657,1789817073.670,27.48
2026-09-19 16:54:33.762,onvif-e9b03eab-61a3-46bd-9f42-888fd59ddbc4,1789817073.744,1789817073.744,1789817073.747,1789817073.753,1789817073.753,1789817073.763,18.93
2026-09-19 16:54:33.825,onvif-e9b03eab-61a3-46bd-9f42-888fd59ddbc4,1789817073.802,1789817073.811,1789817073.815,1789817073.818,1789817073.819,1789817073.826,23.92
2026-09-19 16:54:33.925,onvif-e9b03eab-61a3-46bd-9f42-888fd59ddbc4,1789817073.908,1789817073.909,1789817073.912,1789817073.916,1789817073.916,1789817073.925,17.38
2026-09-19 16:54:33.995,onvif-e9b03eab-61a3-46bd-9f42-888fd59ddbc4,1789817073.967,1789817073.976,1789817073.979,1789817073.981,1789817073.981,1789817073.995,28.24
2026-09-19 16:54:34.098,onvif-e9b03eab-61a3-46bd-9f42-888fd59ddbc4,1789817074.075,1789817074.079,1789817074.082,1789817074.088,1789817074.089,1789817074.098,23.69
2026-09-19 16:54:34.175,onvif-e9b03eab-61a3-46bd-9f42-888fd59ddbc4,1789817074.160,1789817074.161,1789817074.165,1789817074.170,1789817074.170,1789817074.176,15.80
2026-09-19 16:54:34.259,onvif-e9b03eab-61a3-46bd-9f42-888fd59ddbc4,1789817074.243,1789817074.243,1789817074.248,1789817074.251,1789817074.251,1789817074.259,16.32
2026-09-19 16:54:34.331,onvif-e9b03eab-61a3-46bd-9f42-888fd59ddbc4,1789817074.302,1789817074.315,1789817074.319,1789817074.321,1789817074.321,1789817074.332,29.54
2026-09-19 16:54:34.432,onvif-e9b03eab-61a3-46bd-9f42-888fd59ddbc4,1789817074.414,1789817074.418,1789817074.422,1789817074.424,1789817074.424,1789817074.433,18.77
2026-09-19 16:54:34.510,onvif-e9b03eab-61a3-46bd-9f42-888fd59ddbc4,1789817074.485,1789817074.490,1789817074.494,1789817074.500,1789817074.500,1789817074.510,25.42
2026-09-19 16:54:34.595,onvif-e9b03eab-61a3-46bd-9f42-888fd59ddbc4,1789817074.573,1789817074.577,1789817074.582,1789817074.587,1789817074.587,1789817074.595,22.44
2026-09-19 16:54:34.663,onvif-e9b03eab-61a3-46bd-9f42-888fd59ddbc4,1789817074.641,1789817074.644,1789817074.648,1789817074.652,1789817074.652,1789817074.664,22.59
2026-09-19 16:54:34.750,onvif-e9b03eab-61a3-46bd-9f42-888fd59ddbc4,1789817074.733,1789817074.737,1789817074.741,1789817074.744,1789817074.744,1789817074.751,17.38
2026-09-19 16:54:34.811,onvif-e9b03eab-61a3-46bd-9f42-888fd59ddbc4,1789817074.786,1789817074.791,1789817074.795,1789817074.797,1789817074.797,1789817074.812,25.26
2026-09-19 16:54:34.889,onvif-e9b03eab-61a3-46bd-9f42-888fd59ddbc4,1789817074.871,1789817074.873,1789817074.878,1789817074.883,1789817074.883,1789817074.890,19.23
2026-09-19 16:54:34.947,onvif-e9b03eab-61a3-46bd-9f42-888fd59ddbc4,1789817074.927,1789817074.927,1789817074.931,1789817074.937,1789817074.937,1789817074.948,21.31
2026-09-19 16:54:35.017,onvif-e9b03eab-61a3-46bd-9f42-888fd59ddbc4,1789817074.980,1789817074.999,1789817075.004,1789817075.008,1789817075.009,1789817075.017,37.61
2026-09-19 16:54:35.091,onvif-e9b03eab-61a3-46bd-9f42-888fd59ddbc4,1789817075.072,1789817075.076,1789817075.080,1789817075.085,1789817075.085,1789817075.091,19.00
2026-09-19 16:54:35.159,onvif-e9b03eab-61a3-46bd-9f42-888fd59ddbc4,1789817075.132,1789817075.143,1789817075.146,1789817075.149,1789817075.149,1789817075.160,27.84
2026-09-19 16:54:35.260,onvif-e9b03eab-61a3-46bd-9f42-888fd59ddbc4,1789817075.241,1789817075.246,1789817075.249,1789817075.251,1789817075.252,1789817075.260,19.14
2026-09-19 16:54:35.335,onvif-e9b03eab-61a3-46bd-9f42-888fd59ddbc4,1789817075.306,1789817075.318,1789817075.322,1789817075.328,1789817075.328,1789817075.336,29.30
2026-09-19 16:54:35.431,onvif-e9b03eab-61a3-46bd-9f42-888fd59ddbc4,1789817075.414,1789817075.416,1789817075.419,1789817075.424,1789817075.424,1789817075.432,17.47
2026-09-19 16:54:35.500,onvif-e9b03eab-61a3-46bd-9f42-888fd59ddbc4,1789817075.472,1789817075.483,1789817075.487,1789817075.490,1789817075.490,1789817075.501,28.11
2026-09-19 16:54:35.583,onvif-e9b03eab-61a3-46bd-9f42-888fd59ddbc4,1789817075.568,1789817075.571,1789817075.574,1789817075.577,1789817075.577,1789817075.583,15.06
2026-09-19 16:54:35.666,onvif-e9b03eab-61a3-46bd-9f42-888fd59ddbc4,1789817075.646,1789817075.648,1789817075.653,1789817075.658,1789817075.658,1789817075.666,19.59
2026-09-19 16:54:35.770,onvif-e9b03eab-61a3-46bd-9f42-888fd59ddbc4,1789817075.748,1789817075.751,1789817075.754,1789817075.759,1789817075.759,1789817075.771,22.22
2026-09-19 16:54:35.831,onvif-e9b03eab-61a3-46bd-9f42-888fd59ddbc4,1789817075.815,1789817075.818,1789817075.821,1789817075.825,1789817075.825,1789817075.831,15.82
2026-09-19 16:54:35.918,onvif-e9b03eab-61a3-46bd-9f42-888fd59ddbc4,1789817075.901,1789817075.905,1789817075.909,1789817075.911,1789817075.911,1789817075.919,17.18
2026-09-19 16:54:35.995,onvif-e9b03eab-61a3-46bd-9f42-888fd59ddbc4,1789817075.973,1789817075.977,1789817075.981,1789817075.985,1789817075.985,1789817075.996,23.07
2026-09-19 16:54:36.099,onvif-e9b03eab-61a3-46bd-9f42-888fd59ddbc4,1789817076.080,1789817076.080,1789817076.084,1789817076.088,1789817076.088,1789817076.099,19.89
2026-09-19 16:54:36.161,onvif-e9b03eab-61a3-46bd-9f42-888fd59ddbc4,1789817076.138,1789817076.147,1789817076.151,1789817076.154,1789817076.154,1789817076.161,23.92
2026-09-19 16:54:36.264,onvif-e9b03eab-61a3-46bd-9f42-888fd59ddbc4,1789817076.247,1789817076.250,1789817076.254,1789817076.257,1789817076.257,1789817076.264,16.73
2026-09-19 16:54:36.333,onvif-e9b03eab-61a3-46bd-9f42-888fd59ddbc4,1789817076.317,1789817076.317,1789817076.320,1789817076.322,1789817076.322,1789817076.333,16.68
2026-09-19 16:54:36.418,onvif-e9b03eab-61a3-46bd-9f42-888fd59ddbc4,1789817076.401,1789817076.404,1789817076.408,1789817076.412,1789817076.412,1789817076.419,17.42
2026-09-19 16:54:36.504,onvif-e9b03eab-61a3-46bd-9f42-888fd59ddbc4,1789817076.480,1789817076.486,1789817076.492,1789817076.493,1789817076.493,1789817076.505,24.91
2026-09-19 16:54:36.601,onvif-e9b03eab-61a3-46bd-9f42-888fd59ddbc4,1789817076.583,1789817076.584,1789817076.587,1789817076.590,1789817076.590,1789817076.602,18.75
2026-09-19 16:54:36.688,onvif-e9b03eab-61a3-46bd-9f42-888fd59ddbc4,1789817076.668,1789817076.671,1789817076.675,1789817076.681,1789817076.681,1789817076.688,20.29
2026-09-19 16:54:36.762,onvif-e9b03eab-61a3-46bd-9f42-888fd59ddbc4,1789817076.739,1789817076.743,1789817076.750,1789817076.752,1789817076.752,1789817076.762,23.64
2026-09-19 16:54:36.830,onvif-e9b03eab-61a3-46bd-9f42-888fd59ddbc4,1789817076.801,1789817076.810,1789817076.814,1789817076.817,1789817076.817,1789817076.831,29.38
2026-09-19 16:54:36.927,onvif-e9b03eab-61a3-46bd-9f42-888fd59ddbc4,1789817076.909,1789817076.913,1789817076.917,1789817076.919,1789817076.919,1789817076.928,18.51
2026-09-19 16:54:36.996,onvif-e9b03eab-61a3-46bd-9f42-888fd59ddbc4,1789817076.976,1789817076.980,1789817076.984,1789817076.990,1789817076.990,1789817076.996,20.02
2026-09-19 16:54:37.098,onvif-e9b03eab-61a3-46bd-9f42-888fd59ddbc4,1789817077.081,1789817077.083,1789817077.086,1789817077.092,1789817077.092,1789817077.099,17.54
2026-09-19 16:54:37.167,onvif-e9b03eab-61a3-46bd-9f42-888fd59ddbc4,1789817077.136,1789817077.150,1789817077.153,1789817077.157,1789817077.157,1789817077.167,30.75
2026-09-19 16:54:37.262,onvif-e9b03eab-61a3-46bd-9f42-888fd59ddbc4,1789817077.244,1789817077.247,1789817077.251,1789817077.255,1789817077.255,1789817077.262,18.78
2026-09-19 16:54:37.336,onvif-e9b03eab-61a3-46bd-9f42-888fd59ddbc4,1789817077.299,1789817077.314,1789817077.319,1789817077.325,1789817077.326,1789817077.336,36.65
2026-09-19 16:54:37.429,onvif-e9b03eab-61a3-46bd-9f42-888fd59ddbc4,1789817077.403,1789817077.407,1789817077.412,1789817077.417,1789817077.417,1789817077.430,26.34
2026-09-19 16:54:37.504,onvif-e9b03eab-61a3-46bd-9f42-888fd59ddbc4,1789817077.485,1789817077.489,1789817077.493,1789817077.498,1789817077.498,1789817077.504,19.77
2026-09-19 16:54:37.595,onvif-e9b03eab-61a3-46bd-9f42-888fd59ddbc4,1789817077.581,1789817077.582,1789817077.585,1789817077.589,1789817077.589,1789817077.595,14.27
2026-09-19 16:54:37.665,onvif-e9b03eab-61a3-46bd-9f42-888fd59ddbc4,1789817077.646,1789817077.649,1789817077.652,1789817077.655,1789817077.655,1789817077.665,19.41
2026-09-19 16:54:37.758,onvif-e9b03eab-61a3-46bd-9f42-888fd59ddbc4,1789817077.744,1789817077.746,1789817077.749,1789817077.751,1789817077.752,1789817077.758,14.00
2026-09-19 16:54:37.831,onvif-e9b03eab-61a3-46bd-9f42-888fd59ddbc4,1789817077.805,1789817077.813,1789817077.817,1789817077.822,1789817077.822,1789817077.831,25.72
2026-09-19 16:54:37.946,onvif-e9b03eab-61a3-46bd-9f42-888fd59ddbc4,1789817077.923,1789817077.927,1789817077.930,1789817077.935,1789817077.935,1789817077.947,23.87
2026-09-19 16:54:38.012,onvif-e9b03eab-61a3-46bd-9f42-888fd59ddbc4,1789817077.981,1789817077.999,1789817078.003,1789817078.005,1789817078.005,1789817078.013,32.31
2026-09-19 16:54:38.089,onvif-e9b03eab-61a3-46bd-9f42-888fd59ddbc4,1789817078.070,1789817078.071,1789817078.076,1789817078.081,1789817078.082,1789817078.090,19.31
2026-09-19 16:54:38.164,onvif-e9b03eab-61a3-46bd-9f42-888fd59ddbc4,1789817078.131,1789817078.143,1789817078.146,1789817078.152,1789817078.152,1789817078.164,33.62
2026-09-19 16:54:38.271,onvif-e9b03eab-61a3-46bd-9f42-888fd59ddbc4,1789817078.246,1789817078.251,1789817078.254,1789817078.259,1789817078.259,1789817078.272,25.54
2026-09-19 16:54:38.333,onvif-e9b03eab-61a3-46bd-9f42-888fd59ddbc4,1789817078.304,1789817078.317,1789817078.322,1789817078.324,1789817078.324,1789817078.334,29.98
2026-09-19 16:54:38.427,onvif-e9b03eab-61a3-46bd-9f42-888fd59ddbc4,1789817078.405,1789817078.405,1789817078.411,1789817078.417,1789817078.417,1789817078.427,22.42
2026-09-19 16:54:38.499,onvif-e9b03eab-61a3-46bd-9f42-888fd59ddbc4,1789817078.475,1789817078.477,1789817078.481,1789817078.488,1789817078.488,1789817078.500,24.73
2026-09-19 16:54:38.589,onvif-e9b03eab-61a3-46bd-9f42-888fd59ddbc4,1789817078.567,1789817078.570,1789817078.574,1789817078.580,1789817078.580,1789817078.589,21.75
2026-09-19 16:54:38.659,onvif-e9b03eab-61a3-46bd-9f42-888fd59ddbc4,1789817078.641,1789817078.642,1789817078.647,1789817078.652,1789817078.652,1789817078.660,18.83
2026-09-19 16:54:38.759,onvif-e9b03eab-61a3-46bd-9f42-888fd59ddbc4,1789817078.739,1789817078.740,1789817078.743,1789817078.748,1789817078.748,1789817078.759,20.65
2026-09-19 16:54:38.832,onvif-e9b03eab-61a3-46bd-9f42-888fd59ddbc4,1789817078.811,1789817078.817,1789817078.821,1789817078.824,1789817078.824,1789817078.832,21.40
2026-09-19 16:54:38.922,onvif-e9b03eab-61a3-46bd-9f42-888fd59ddbc4,1789817078.907,1789817078.909,1789817078.913,1789817078.915,1789817078.915,1789817078.923,15.43
2026-09-19 16:54:38.998,onvif-e9b03eab-61a3-46bd-9f42-888fd59ddbc4,1789817078.976,1789817078.976,1789817078.980,1789817078.985,1789817078.985,1789817078.999,22.56
2026-09-19 16:54:39.107,onvif-e9b03eab-61a3-46bd-9f42-888fd59ddbc4,1789817079.086,1789817079.089,1789817079.094,1789817079.098,1789817079.098,1789817079.108,21.67
2026-09-19 16:54:39.185,onvif-e9b03eab-61a3-46bd-9f42-888fd59ddbc4,1789817079.162,1789817079.172,1789817079.177,1789817079.179,1789817079.179,1789817079.185,22.56
2026-09-19 16:54:39.272,onvif-e9b03eab-61a3-46bd-9f42-888fd59ddbc4,1789817079.257,1789817079.259,1789817079.263,1789817079.265,1789817079.265,1789817079.272,14.69
2026-09-19 16:54:39.352,onvif-e9b03eab-61a3-46bd-9f42-888fd59ddbc4,1789817079.335,1789817079.337,1789817079.339,1789817079.341,1789817079.341,1789817079.352,16.99
2026-09-19 16:54:39.428,onvif-e9b03eab-61a3-46bd-9f42-888fd59ddbc4,1789817079.411,1789817079.414,1789817079.417,1789817079.422,1789817079.422,1789817079.429,17.68
2026-09-19 16:54:39.510,onvif-e9b03eab-61a3-46bd-9f42-888fd59ddbc4,1789817079.487,1789817079.491,1789817079.497,1789817079.503,1789817079.503,1789817079.511,24.31
2026-09-19 16:54:39.611,onvif-e9b03eab-61a3-46bd-9f42-888fd59ddbc4,1789817079.591,1789817079.594,1789817079.597,1789817079.600,1789817079.600,1789817079.612,20.98
2026-09-19 16:54:39.678,onvif-e9b03eab-61a3-46bd-9f42-888fd59ddbc4,1789817079.659,1789817079.661,1789817079.665,1789817079.671,1789817079.671,1789817079.678,18.77
2026-09-19 16:54:39.788,onvif-e9b03eab-61a3-46bd-9f42-888fd59ddbc4,1789817079.773,1789817079.774,1789817079.777,1789817079.782,1789817079.782,1789817079.788,15.10
2026-09-19 16:54:39.856,onvif-e9b03eab-61a3-46bd-9f42-888fd59ddbc4,1789817079.825,1789817079.841,1789817079.846,1789817079.848,1789817079.848,1789817079.856,31.25
2026-09-19 16:54:39.940,onvif-e9b03eab-61a3-46bd-9f42-888fd59ddbc4,1789817079.919,1789817079.923,1789817079.927,1789817079.929,1789817079.929,1789817079.941,21.66
2026-09-19 16:54:40.021,onvif-e9b03eab-61a3-46bd-9f42-888fd59ddbc4,1789817080.008,1789817080.011,1789817080.014,1789817080.015,1789817080.016,1789817080.022,14.12
2026-09-19 16:54:40.110,onvif-e9b03eab-61a3-46bd-9f42-888fd59ddbc4,1789817080.090,1789817080.093,1789817080.097,1789817080.102,1789817080.102,1789817080.110,20.24
2026-09-19 16:54:40.185,onvif-e9b03eab-61a3-46bd-9f42-888fd59ddbc4,1789817080.146,1789817080.165,1789817080.169,1789817080.173,1789817080.173,1789817080.186,39.58
2026-09-19 16:54:40.252,onvif-e9b03eab-61a3-46bd-9f42-888fd59ddbc4,1789817080.234,1789817080.237,1789817080.241,1789817080.246,1789817080.246,1789817080.253,19.00
2026-09-19 16:54:40.326,onvif-e9b03eab-61a3-46bd-9f42-888fd59ddbc4,1789817080.308,1789817080.309,1789817080.314,1789817080.316,1789817080.316,1789817080.327,18.60
2026-09-19 16:54:40.395,onvif-e9b03eab-61a3-46bd-9f42-888fd59ddbc4,1789817080.374,1789817080.379,1789817080.382,1789817080.385,1789817080.385,1789817080.395,21.77
2026-09-19 16:54:40.460,onvif-e9b03eab-61a3-46bd-9f42-888fd59ddbc4,1789817080.442,1789817080.445,1789817080.449,1789817080.451,1789817080.451,1789817080.461,18.40
2026-09-19 16:54:40.538,onvif-e9b03eab-61a3-46bd-9f42-888fd59ddbc4,1789817080.520,1789817080.522,1789817080.527,1789817080.531,1789817080.531,1789817080.539,19.16
2026-09-19 16:54:40.600,onvif-e9b03eab-61a3-46bd-9f42-888fd59ddbc4,1789817080.581,1789817080.582,1789817080.585,1789817080.590,1789817080.590,1789817080.601,20.10
2026-09-19 16:54:40.661,onvif-e9b03eab-61a3-46bd-9f42-888fd59ddbc4,1789817080.635,1789817080.648,1789817080.652,1789817080.655,1789817080.655,1789817080.662,26.61
2026-09-19 16:54:40.753,onvif-e9b03eab-61a3-46bd-9f42-888fd59ddbc4,1789817080.734,1789817080.736,1789817080.740,1789817080.746,1789817080.746,1789817080.753,19.37
2026-09-19 16:54:40.827,onvif-e9b03eab-61a3-46bd-9f42-888fd59ddbc4,1789817080.803,1789817080.808,1789817080.811,1789817080.817,1789817080.817,1789817080.828,24.69
2026-09-19 16:54:40.936,onvif-e9b03eab-61a3-46bd-9f42-888fd59ddbc4,1789817080.915,1789817080.916,1789817080.920,1789817080.924,1789817080.924,1789817080.937,22.10
2026-09-19 16:54:40.997,onvif-e9b03eab-61a3-46bd-9f42-888fd59ddbc4,1789817080.969,1789817080.983,1789817080.987,1789817080.990,1789817080.990,1789817080.997,28.62
2026-09-19 16:54:41.105,onvif-e9b03eab-61a3-46bd-9f42-888fd59ddbc4,1789817081.084,1789817081.086,1789817081.089,1789817081.093,1789817081.093,1789817081.105,21.35
2026-09-19 16:54:41.160,onvif-e9b03eab-61a3-46bd-9f42-888fd59ddbc4,1789817081.143,1789817081.145,1789817081.149,1789817081.151,1789817081.152,1789817081.161,17.31
2026-09-19 16:54:41.257,onvif-e9b03eab-61a3-46bd-9f42-888fd59ddbc4,1789817081.239,1789817081.243,1789817081.246,1789817081.248,1789817081.248,1789817081.258,19.24
2026-09-19 16:54:41.324,onvif-e9b03eab-61a3-46bd-9f42-888fd59ddbc4,1789817081.304,1789817081.310,1789817081.314,1789817081.318,1789817081.319,1789817081.325,21.35
2026-09-19 16:54:41.421,onvif-e9b03eab-61a3-46bd-9f42-888fd59ddbc4,1789817081.405,1789817081.408,1789817081.411,1789817081.415,1789817081.415,1789817081.422,16.55
2026-09-19 16:54:41.504,onvif-e9b03eab-61a3-46bd-9f42-888fd59ddbc4,1789817081.470,1789817081.485,1789817081.489,1789817081.491,1789817081.491,1789817081.505,34.74
2026-09-19 16:54:41.590,onvif-e9b03eab-61a3-46bd-9f42-888fd59ddbc4,1789817081.572,1789817081.572,1789817081.576,1789817081.578,1789817081.578,1789817081.590,18.07
2026-09-19 16:54:41.663,onvif-e9b03eab-61a3-46bd-9f42-888fd59ddbc4,1789817081.636,1789817081.650,1789817081.653,1789817081.658,1789817081.658,1789817081.664,27.76
2026-09-19 16:54:41.756,onvif-e9b03eab-61a3-46bd-9f42-888fd59ddbc4,1789817081.737,1789817081.742,1789817081.746,1789817081.749,1789817081.750,1789817081.756,19.19
2026-09-19 16:54:41.829,onvif-e9b03eab-61a3-46bd-9f42-888fd59ddbc4,1789817081.806,1789817081.809,1789817081.813,1789817081.819,1789817081.820,1789817081.829,23.86
2026-09-19 16:54:41.932,onvif-e9b03eab-61a3-46bd-9f42-888fd59ddbc4,1789817081.910,1789817081.912,1789817081.916,1789817081.921,1789817081.921,1789817081.932,22.80
2026-09-19 16:54:41.999,onvif-e9b03eab-61a3-46bd-9f42-888fd59ddbc4,1789817081.980,1789817081.984,1789817081.987,1789817081.992,1789817081.992,1789817081.999,19.01
2026-09-19 16:54:42.097,onvif-e9b03eab-61a3-46bd-9f42-888fd59ddbc4,1789817082.081,1789817082.082,1789817082.085,1789817082.090,1789817082.090,1789817082.097,16.51
2026-09-19 16:54:42.166,onvif-e9b03eab-61a3-46bd-9f42-888fd59ddbc4,1789817082.144,1789817082.149,1789817082.152,1789817082.155,1789817082.155,1789817082.166,22.04
2026-09-19 16:54:42.258,onvif-e9b03eab-61a3-46bd-9f42-888fd59ddbc4,1789817082.245,1789817082.246,1789817082.250,1789817082.253,1789817082.253,1789817082.259,13.40
2026-09-19 16:54:42.334,onvif-e9b03eab-61a3-46bd-9f42-888fd59ddbc4,1789817082.305,1789817082.313,1789817082.320,1789817082.325,1789817082.325,1789817082.335,29.43
2026-09-19 16:54:42.432,onvif-e9b03eab-61a3-46bd-9f42-888fd59ddbc4,1789817082.405,1789817082.406,1789817082.410,1789817082.416,1789817082.416,1789817082.433,27.84
2026-09-19 16:54:42.511,onvif-e9b03eab-61a3-46bd-9f42-888fd59ddbc4,1789817082.481,1789817082.483,1789817082.489,1789817082.493,1789817082.493,1789817082.511,30.31
2026-09-19 16:54:42.606,onvif-e9b03eab-61a3-46bd-9f42-888fd59ddbc4,1789817082.578,1789817082.579,1789817082.590,1789817082.594,1789817082.594,1789817082.606,27.88
2026-09-19 16:54:42.664,onvif-e9b03eab-61a3-46bd-9f42-888fd59ddbc4,1789817082.643,1789817082.646,1789817082.649,1789817082.654,1789817082.654,1789817082.665,22.03
2026-09-19 16:54:42.755,onvif-e9b03eab-61a3-46bd-9f42-888fd59ddbc4,1789817082.738,1789817082.739,1789817082.742,1789817082.746,1789817082.746,1789817082.756,18.02
2026-09-19 16:54:42.835,onvif-e9b03eab-61a3-46bd-9f42-888fd59ddbc4,1789817082.813,1789817082.816,1789817082.821,1789817082.828,1789817082.828,1789817082.836,22.83
2026-09-19 16:54:42.927,onvif-e9b03eab-61a3-46bd-9f42-888fd59ddbc4,1789817082.908,1789817082.909,1789817082.913,1789817082.916,1789817082.916,1789817082.928,19.98
2026-09-19 16:54:43.000,onvif-e9b03eab-61a3-46bd-9f42-888fd59ddbc4,1789817082.985,1789817082.986,1789817082.990,1789817082.993,1789817082.993,1789817083.001,15.96
2026-09-19 16:54:43.094,onvif-e9b03eab-61a3-46bd-9f42-888fd59ddbc4,1789817083.075,1789817083.079,1789817083.083,1789817083.086,1789817083.086,1789817083.094,19.16
2026-09-19 16:54:43.165,onvif-e9b03eab-61a3-46bd-9f42-888fd59ddbc4,1789817083.142,1789817083.146,1789817083.149,1789817083.153,1789817083.153,1789817083.165,23.12
2026-09-19 16:54:43.253,onvif-e9b03eab-61a3-46bd-9f42-888fd59ddbc4,1789817083.236,1789817083.238,1789817083.243,1789817083.246,1789817083.247,1789817083.254,18.11
2026-09-19 16:54:43.336,onvif-e9b03eab-61a3-46bd-9f42-888fd59ddbc4,1789817083.317,1789817083.321,1789817083.325,1789817083.328,1789817083.328,1789817083.337,19.94
2026-09-19 16:54:43.433,onvif-e9b03eab-61a3-46bd-9f42-888fd59ddbc4,1789817083.409,1789817083.413,1789817083.417,1789817083.421,1789817083.421,1789817083.433,24.25
2026-09-19 16:54:43.497,onvif-e9b03eab-61a3-46bd-9f42-888fd59ddbc4,1789817083.476,1789817083.480,1789817083.485,1789817083.489,1789817083.489,1789817083.498,21.91
2026-09-19 16:54:43.589,onvif-e9b03eab-61a3-46bd-9f42-888fd59ddbc4,1789817083.570,1789817083.573,1789817083.578,1789817083.582,1789817083.582,1789817083.589,19.59
2026-09-19 16:54:43.679,onvif-e9b03eab-61a3-46bd-9f42-888fd59ddbc4,1789817083.646,1789817083.655,1789817083.662,1789817083.669,1789817083.669,1789817083.680,34.19
2026-09-19 16:54:43.767,onvif-e9b03eab-61a3-46bd-9f42-888fd59ddbc4,1789817083.746,1789817083.748,1789817083.751,1789817083.756,1789817083.757,1789817083.768,21.36
2026-09-19 16:54:43.831,onvif-e9b03eab-61a3-46bd-9f42-888fd59ddbc4,1789817083.805,1789817083.815,1789817083.819,1789817083.825,1789817083.825,1789817083.832,26.97
2026-09-19 16:54:43.935,onvif-e9b03eab-61a3-46bd-9f42-888fd59ddbc4,1789817083.917,1789817083.918,1789817083.922,1789817083.928,1789817083.929,1789817083.935,18.39
2026-09-19 16:54:44.029,onvif-e9b03eab-61a3-46bd-9f42-888fd59ddbc4,1789817084.006,1789817084.011,1789817084.015,1789817084.022,1789817084.022,1789817084.030,23.60
2026-09-19 16:54:44.085,onvif-e9b03eab-61a3-46bd-9f42-888fd59ddbc4,1789817084.069,1789817084.070,1789817084.073,1789817084.075,1789817084.075,1789817084.085,15.96
2026-09-19 16:54:44.159,onvif-e9b03eab-61a3-46bd-9f42-888fd59ddbc4,1789817084.106,1789817084.137,1789817084.141,1789817084.148,1789817084.148,1789817084.160,53.38
2026-09-19 16:54:44.229,onvif-e9b03eab-61a3-46bd-9f42-888fd59ddbc4,1789817084.191,1789817084.204,1789817084.208,1789817084.215,1789817084.215,1789817084.230,38.89
2026-09-19 16:54:44.304,onvif-e9b03eab-61a3-46bd-9f42-888fd59ddbc4,1789817084.271,1789817084.281,1789817084.286,1789817084.292,1789817084.293,1789817084.304,33.38
2026-09-19 16:54:44.372,onvif-e9b03eab-61a3-46bd-9f42-888fd59ddbc4,1789817084.353,1789817084.358,1789817084.362,1789817084.365,1789817084.365,1789817084.373,19.54
2026-09-19 16:54:44.442,onvif-e9b03eab-61a3-46bd-9f42-888fd59ddbc4,1789817084.418,1789817084.422,1789817084.426,1789817084.430,1789817084.430,1789817084.442,23.58
2026-09-19 16:54:44.505,onvif-e9b03eab-61a3-46bd-9f42-888fd59ddbc4,1789817084.477,1789817084.489,1789817084.493,1789817084.497,1789817084.497,1789817084.505,28.63
2026-09-19 16:54:44.592,onvif-e9b03eab-61a3-46bd-9f42-888fd59ddbc4,1789817084.568,1789817084.573,1789817084.576,1789817084.580,1789817084.580,1789817084.592,24.61
2026-09-19 16:54:44.680,onvif-e9b03eab-61a3-46bd-9f42-888fd59ddbc4,1789817084.660,1789817084.665,1789817084.669,1789817084.673,1789817084.673,1789817084.681,20.77
2026-09-19 16:54:44.760,onvif-e9b03eab-61a3-46bd-9f42-888fd59ddbc4,1789817084.739,1789817084.740,1789817084.743,1789817084.748,1789817084.748,1789817084.760,21.55
2026-09-19 16:54:44.829,onvif-e9b03eab-61a3-46bd-9f42-888fd59ddbc4,1789817084.809,1789817084.812,1789817084.815,1789817084.821,1789817084.821,1789817084.829,20.15
2026-09-19 16:54:44.922,onvif-e9b03eab-61a3-46bd-9f42-888fd59ddbc4,1789817084.900,1789817084.904,1789817084.910,1789817084.915,1789817084.915,1789817084.922,22.19
2026-09-19 16:54:44.998,onvif-e9b03eab-61a3-46bd-9f42-888fd59ddbc4,1789817084.973,1789817084.977,1789817084.980,1789817084.986,1789817084.986,1789817084.999,25.76
2026-09-19 16:54:45.105,onvif-e9b03eab-61a3-46bd-9f42-888fd59ddbc4,1789817085.087,1789817085.090,1789817085.093,1789817085.096,1789817085.096,1789817085.105,18.60
2026-09-19 16:54:45.170,onvif-e9b03eab-61a3-46bd-9f42-888fd59ddbc4,1789817085.141,1789817085.157,1789817085.161,1789817085.163,1789817085.163,1789817085.171,29.98
2026-09-19 16:54:45.260,onvif-e9b03eab-61a3-46bd-9f42-888fd59ddbc4,1789817085.235,1789817085.239,1789817085.244,1789817085.251,1789817085.251,1789817085.261,25.98
2026-09-19 16:54:45.333,onvif-e9b03eab-61a3-46bd-9f42-888fd59ddbc4,1789817085.313,1789817085.316,1789817085.319,1789817085.323,1789817085.323,1789817085.334,21.12
2026-09-19 16:54:45.386,onvif-e9b03eab-61a3-46bd-9f42-888fd59ddbc4,1789817085.368,1789817085.371,1789817085.375,1789817085.378,1789817085.378,1789817085.386,18.28
2026-09-19 16:54:45.446,onvif-e9b03eab-61a3-46bd-9f42-888fd59ddbc4,1789817085.423,1789817085.425,1789817085.429,1789817085.432,1789817085.432,1789817085.446,23.43
2026-09-19 16:54:45.508,onvif-e9b03eab-61a3-46bd-9f42-888fd59ddbc4,1789817085.475,1789817085.492,1789817085.497,1789817085.499,1789817085.500,1789817085.509,33.33
2026-09-19 16:54:45.615,onvif-e9b03eab-61a3-46bd-9f42-888fd59ddbc4,1789817085.588,1789817085.590,1789817085.595,1789817085.597,1789817085.597,1789817085.616,28.04
2026-09-19 16:54:45.683,onvif-e9b03eab-61a3-46bd-9f42-888fd59ddbc4,1789817085.648,1789817085.656,1789817085.661,1789817085.664,1789817085.664,1789817085.684,35.38
2026-09-19 16:54:45.762,onvif-e9b03eab-61a3-46bd-9f42-888fd59ddbc4,1789817085.745,1789817085.750,1789817085.754,1789817085.756,1789817085.756,1789817085.763,18.06
2026-09-19 16:54:45.839,onvif-e9b03eab-61a3-46bd-9f42-888fd59ddbc4,1789817085.806,1789817085.816,1789817085.822,1789817085.829,1789817085.829,1789817085.839,33.72
2026-09-19 16:54:45.934,onvif-e9b03eab-61a3-46bd-9f42-888fd59ddbc4,1789817085.912,1789817085.915,1789817085.918,1789817085.921,1789817085.921,1789817085.934,22.30
2026-09-19 16:54:46.010,onvif-e9b03eab-61a3-46bd-9f42-888fd59ddbc4,1789817085.986,1789817085.987,1789817085.991,1789817085.998,1789817085.998,1789817086.011,24.70
2026-09-19 16:54:46.097,onvif-e9b03eab-61a3-46bd-9f42-888fd59ddbc4,1789817086.067,1789817086.069,1789817086.075,1789817086.080,1789817086.080,1789817086.098,30.90
2026-09-19 16:54:46.163,onvif-e9b03eab-61a3-46bd-9f42-888fd59ddbc4,1789817086.137,1789817086.141,1789817086.145,1789817086.152,1789817086.152,1789817086.163,25.99
2026-09-19 16:54:46.215,onvif-e9b03eab-61a3-46bd-9f42-888fd59ddbc4,1789817086.194,1789817086.196,1789817086.200,1789817086.206,1789817086.206,1789817086.215,21.31
2026-09-19 16:54:46.305,onvif-e9b03eab-61a3-46bd-9f42-888fd59ddbc4,1789817086.279,1789817086.283,1789817086.288,1789817086.293,1789817086.293,1789817086.306,26.63
2026-09-19 16:54:46.423,onvif-e9b03eab-61a3-46bd-9f42-888fd59ddbc4,1789817086.405,1789817086.406,1789817086.410,1789817086.413,1789817086.413,1789817086.424,19.23
2026-09-19 16:54:46.488,onvif-e9b03eab-61a3-46bd-9f42-888fd59ddbc4,1789817086.472,1789817086.473,1789817086.477,1789817086.480,1789817086.480,1789817086.488,16.50
2026-09-19 16:54:46.595,onvif-e9b03eab-61a3-46bd-9f42-888fd59ddbc4,1789817086.580,1789817086.581,1789817086.586,1789817086.587,1789817086.587,1789817086.595,14.95
2026-09-19 16:54:46.671,onvif-e9b03eab-61a3-46bd-9f42-888fd59ddbc4,1789817086.640,1789817086.648,1789817086.652,1789817086.658,1789817086.658,1789817086.672,31.42
2026-09-19 16:54:46.762,onvif-e9b03eab-61a3-46bd-9f42-888fd59ddbc4,1789817086.743,1789817086.746,1789817086.750,1789817086.756,1789817086.756,1789817086.763,20.07
2026-09-19 16:54:46.838,onvif-e9b03eab-61a3-46bd-9f42-888fd59ddbc4,1789817086.798,1789817086.818,1789817086.824,1789817086.827,1789817086.827,1789817086.838,40.39
2026-09-19 16:54:46.925,onvif-e9b03eab-61a3-46bd-9f42-888fd59ddbc4,1789817086.904,1789817086.906,1789817086.909,1789817086.914,1789817086.914,1789817086.926,21.63
2026-09-19 16:54:47.009,onvif-e9b03eab-61a3-46bd-9f42-888fd59ddbc4,1789817086.990,1789817086.993,1789817086.997,1789817087.003,1789817087.003,1789817087.010,19.96
2026-09-19 16:54:47.093,onvif-e9b03eab-61a3-46bd-9f42-888fd59ddbc4,1789817087.073,1789817087.076,1789817087.080,1789817087.086,1789817087.086,1789817087.094,20.37
2026-09-19 16:54:47.168,onvif-e9b03eab-61a3-46bd-9f42-888fd59ddbc4,1789817087.132,1789817087.148,1789817087.152,1789817087.156,1789817087.156,1789817087.169,36.46
2026-09-19 16:54:47.251,onvif-e9b03eab-61a3-46bd-9f42-888fd59ddbc4,1789817087.234,1789817087.235,1789817087.239,1789817087.245,1789817087.245,1789817087.252,17.70
2026-09-19 16:54:47.323,onvif-e9b03eab-61a3-46bd-9f42-888fd59ddbc4,1789817087.298,1789817087.302,1789817087.309,1789817087.312,1789817087.312,1789817087.324,25.79
2026-09-19 16:54:47.434,onvif-e9b03eab-61a3-46bd-9f42-888fd59ddbc4,1789817087.408,1789817087.411,1789817087.415,1789817087.421,1789817087.421,1789817087.435,26.70
2026-09-19 16:54:47.511,onvif-e9b03eab-61a3-46bd-9f42-888fd59ddbc4,1789817087.491,1789817087.493,1789817087.497,1789817087.504,1789817087.504,1789817087.511,20.60
2026-09-19 16:54:47.594,onvif-e9b03eab-61a3-46bd-9f42-888fd59ddbc4,1789817087.576,1789817087.578,1789817087.581,1789817087.584,1789817087.584,1789817087.595,18.75
2026-09-19 16:54:47.671,onvif-e9b03eab-61a3-46bd-9f42-888fd59ddbc4,1789817087.646,1789817087.655,1789817087.659,1789817087.661,1789817087.661,1789817087.671,25.63
2026-09-19 16:54:47.762,onvif-e9b03eab-61a3-46bd-9f42-888fd59ddbc4,1789817087.744,1789817087.747,1789817087.752,1789817087.754,1789817087.754,1789817087.762,18.37
2026-09-19 16:54:47.829,onvif-e9b03eab-61a3-46bd-9f42-888fd59ddbc4,1789817087.803,1789817087.814,1789817087.818,1789817087.820,1789817087.820,1789817087.829,26.52
2026-09-19 16:54:47.931,onvif-e9b03eab-61a3-46bd-9f42-888fd59ddbc4,1789817087.906,1789817087.907,1789817087.912,1789817087.919,1789817087.919,1789817087.932,25.88
2026-09-19 16:54:48.005,onvif-e9b03eab-61a3-46bd-9f42-888fd59ddbc4,1789817087.987,1789817087.989,1789817087.994,1789817087.997,1789817087.997,1789817088.006,18.96
2026-09-19 16:54:48.089,onvif-e9b03eab-61a3-46bd-9f42-888fd59ddbc4,1789817088.069,1789817088.072,1789817088.075,1789817088.078,1789817088.078,1789817088.089,20.48
2026-09-19 16:54:48.159,onvif-e9b03eab-61a3-46bd-9f42-888fd59ddbc4,1789817088.139,1789817088.144,1789817088.148,1789817088.151,1789817088.151,1789817088.159,20.18
2026-09-19 16:54:48.262,onvif-e9b03eab-61a3-46bd-9f42-888fd59ddbc4,1789817088.246,1789817088.246,1789817088.251,1789817088.254,1789817088.255,1789817088.262,16.64
2026-09-19 16:54:48.334,onvif-e9b03eab-61a3-46bd-9f42-888fd59ddbc4,1789817088.313,1789817088.313,1789817088.319,1789817088.322,1789817088.322,1789817088.335,21.80
2026-09-19 16:54:48.436,onvif-e9b03eab-61a3-46bd-9f42-888fd59ddbc4,1789817088.413,1789817088.416,1789817088.420,1789817088.426,1789817088.426,1789817088.437,24.15
2026-09-19 16:54:48.499,onvif-e9b03eab-61a3-46bd-9f42-888fd59ddbc4,1789817088.471,1789817088.483,1789817088.487,1789817088.493,1789817088.493,1789817088.499,28.18
2026-09-19 16:54:48.597,onvif-e9b03eab-61a3-46bd-9f42-888fd59ddbc4,1789817088.574,1789817088.576,1789817088.580,1789817088.586,1789817088.586,1789817088.598,23.76
2026-09-19 16:54:48.659,onvif-e9b03eab-61a3-46bd-9f42-888fd59ddbc4,1789817088.641,1789817088.643,1789817088.647,1789817088.652,1789817088.652,1789817088.659,17.88
2026-09-19 16:54:48.769,onvif-e9b03eab-61a3-46bd-9f42-888fd59ddbc4,1789817088.749,1789817088.752,1789817088.755,1789817088.761,1789817088.761,1789817088.769,20.55
2026-09-19 16:54:48.840,onvif-e9b03eab-61a3-46bd-9f42-888fd59ddbc4,1789817088.809,1789817088.819,1789817088.822,1789817088.827,1789817088.827,1789817088.840,31.31
2026-09-19 16:54:48.927,onvif-e9b03eab-61a3-46bd-9f42-888fd59ddbc4,1789817088.907,1789817088.912,1789817088.915,1789817088.921,1789817088.921,1789817088.927,20.37
2026-09-19 16:54:49.002,onvif-e9b03eab-61a3-46bd-9f42-888fd59ddbc4,1789817088.975,1789817088.978,1789817088.984,1789817088.988,1789817088.988,1789817089.002,27.25
2026-09-19 16:54:49.113,onvif-e9b03eab-61a3-46bd-9f42-888fd59ddbc4,1789817089.090,1789817089.092,1789817089.095,1789817089.102,1789817089.102,1789817089.114,24.08
2026-09-19 16:54:49.177,onvif-e9b03eab-61a3-46bd-9f42-888fd59ddbc4,1789817089.138,1789817089.158,1789817089.162,1789817089.169,1789817089.169,1789817089.177,38.88
2026-09-19 16:54:49.273,onvif-e9b03eab-61a3-46bd-9f42-888fd59ddbc4,1789817089.252,1789817089.256,1789817089.261,1789817089.266,1789817089.266,1789817089.273,21.53
2026-09-19 16:54:49.344,onvif-e9b03eab-61a3-46bd-9f42-888fd59ddbc4,1789817089.312,1789817089.323,1789817089.327,1789817089.332,1789817089.332,1789817089.344,32.50
2026-09-19 16:54:49.421,onvif-e9b03eab-61a3-46bd-9f42-888fd59ddbc4,1789817089.403,1789817089.406,1789817089.408,1789817089.415,1789817089.415,1789817089.422,18.31
2026-09-19 16:54:49.497,onvif-e9b03eab-61a3-46bd-9f42-888fd59ddbc4,1789817089.478,1789817089.478,1789817089.483,1789817089.487,1789817089.487,1789817089.498,20.24
2026-09-19 16:54:49.589,onvif-e9b03eab-61a3-46bd-9f42-888fd59ddbc4,1789817089.566,1789817089.570,1789817089.573,1789817089.579,1789817089.579,1789817089.589,23.31
2026-09-19 16:54:49.698,onvif-e9b03eab-61a3-46bd-9f42-888fd59ddbc4,1789817089.673,1789817089.678,1789817089.681,1789817089.687,1789817089.687,1789817089.699,25.84
2026-09-19 16:54:49.806,onvif-e9b03eab-61a3-46bd-9f42-888fd59ddbc4,1789817089.785,1789817089.786,1789817089.790,1789817089.796,1789817089.796,1789817089.806,21.37
2026-09-19 16:54:49.851,onvif-e9b03eab-61a3-46bd-9f42-888fd59ddbc4,1789817089.810,1789817089.819,1789817089.825,1789817089.829,1789817089.829,1789817089.851,41.24
2026-09-19 16:54:49.891,onvif-e9b03eab-61a3-46bd-9f42-888fd59ddbc4,1789817089.830,1789817089.853,1789817089.860,1789817089.864,1789817089.864,1789817089.892,61.18
2026-09-19 16:54:49.950,onvif-e9b03eab-61a3-46bd-9f42-888fd59ddbc4,1789817089.925,1789817089.930,1789817089.935,1789817089.942,1789817089.942,1789817089.950,25.07
2026-09-19 16:54:50.027,onvif-e9b03eab-61a3-46bd-9f42-888fd59ddbc4,1789817090.004,1789817090.007,1789817090.011,1789817090.013,1789817090.014,1789817090.028,23.29
2026-09-19 16:54:50.108,onvif-e9b03eab-61a3-46bd-9f42-888fd59ddbc4,1789817090.092,1789817090.095,1789817090.098,1789817090.101,1789817090.101,1789817090.109,17.20
2026-09-19 16:54:50.184,onvif-e9b03eab-61a3-46bd-9f42-888fd59ddbc4,1789817090.154,1789817090.162,1789817090.168,1789817090.173,1789817090.173,1789817090.185,30.17
2026-09-19 16:54:50.272,onvif-e9b03eab-61a3-46bd-9f42-888fd59ddbc4,1789817090.250,1789817090.254,1789817090.258,1789817090.261,1789817090.261,1789817090.272,22.19
2026-09-19 16:54:50.341,onvif-e9b03eab-61a3-46bd-9f42-888fd59ddbc4,1789817090.318,1789817090.321,1789817090.326,1789817090.333,1789817090.333,1789817090.341,23.30
2026-09-19 16:54:50.448,onvif-e9b03eab-61a3-46bd-9f42-888fd59ddbc4,1789817090.431,1789817090.435,1789817090.439,1789817090.442,1789817090.442,1789817090.448,17.42
2026-09-19 16:54:50.529,onvif-e9b03eab-61a3-46bd-9f42-888fd59ddbc4,1789817090.505,1789817090.507,1789817090.513,1789817090.520,1789817090.520,1789817090.529,24.56
2026-09-19 16:54:50.607,onvif-e9b03eab-61a3-46bd-9f42-888fd59ddbc4,1789817090.584,1789817090.584,1789817090.587,1789817090.593,1789817090.593,1789817090.607,23.35
2026-09-19 16:54:50.662,onvif-e9b03eab-61a3-46bd-9f42-888fd59ddbc4,1789817090.639,1789817090.643,1789817090.647,1789817090.652,1789817090.652,1789817090.662,23.28
2026-09-19 16:54:50.728,onvif-e9b03eab-61a3-46bd-9f42-888fd59ddbc4,1789817090.709,1789817090.710,1789817090.714,1789817090.719,1789817090.719,1789817090.729,20.22
2026-09-19 16:54:50.802,onvif-e9b03eab-61a3-46bd-9f42-888fd59ddbc4,1789817090.786,1789817090.788,1789817090.793,1789817090.795,1789817090.795,1789817090.803,17.06
2026-09-19 16:54:50.877,onvif-e9b03eab-61a3-46bd-9f42-888fd59ddbc4,1789817090.835,1789817090.855,1789817090.861,1789817090.868,1789817090.868,1789817090.877,42.56
2026-09-19 16:54:50.967,onvif-e9b03eab-61a3-46bd-9f42-888fd59ddbc4,1789817090.945,1789817090.947,1789817090.950,1789817090.956,1789817090.956,1789817090.967,22.43
2026-09-19 16:54:51.035,onvif-e9b03eab-61a3-46bd-9f42-888fd59ddbc4,1789817091.015,1789817091.019,1789817091.023,1789817091.028,1789817091.028,1789817091.036,20.83
2026-09-19 16:54:51.094,onvif-e9b03eab-61a3-46bd-9f42-888fd59ddbc4,1789817091.072,1789817091.073,1789817091.077,1789817091.081,1789817091.081,1789817091.094,22.30
2026-09-19 16:54:51.162,onvif-e9b03eab-61a3-46bd-9f42-888fd59ddbc4,1789817091.137,1789817091.145,1789817091.149,1789817091.154,1789817091.154,1789817091.162,25.90
2026-09-19 16:54:51.262,onvif-e9b03eab-61a3-46bd-9f42-888fd59ddbc4,1789817091.244,1789817091.248,1789817091.252,1789817091.256,1789817091.256,1789817091.263,19.14
2026-09-19 16:54:51.331,onvif-e9b03eab-61a3-46bd-9f42-888fd59ddbc4,1789817091.305,1789817091.315,1789817091.318,1789817091.322,1789817091.322,1789817091.332,26.95
2026-09-19 16:54:51.418,onvif-e9b03eab-61a3-46bd-9f42-888fd59ddbc4,1789817091.401,1789817091.403,1789817091.406,1789817091.411,1789817091.411,1789817091.419,17.81
2026-09-19 16:54:51.504,onvif-e9b03eab-61a3-46bd-9f42-888fd59ddbc4,1789817091.483,1789817091.485,1789817091.490,1789817091.494,1789817091.494,1789817091.505,21.91
2026-09-19 16:54:51.602,onvif-e9b03eab-61a3-46bd-9f42-888fd59ddbc4,1789817091.576,1789817091.578,1789817091.582,1789817091.587,1789817091.587,1789817091.602,26.42
2026-09-19 16:54:51.660,onvif-e9b03eab-61a3-46bd-9f42-888fd59ddbc4,1789817091.641,1789817091.645,1789817091.649,1789817091.653,1789817091.653,1789817091.660,19.25
2026-09-19 16:54:51.770,onvif-e9b03eab-61a3-46bd-9f42-888fd59ddbc4,1789817091.749,1789817091.752,1789817091.755,1789817091.762,1789817091.762,1789817091.770,21.45
2026-09-19 16:54:51.852,onvif-e9b03eab-61a3-46bd-9f42-888fd59ddbc4,1789817091.832,1789817091.835,1789817091.840,1789817091.844,1789817091.844,1789817091.852,19.73
2026-09-19 16:54:51.928,onvif-e9b03eab-61a3-46bd-9f42-888fd59ddbc4,1789817091.904,1789817091.907,1789817091.911,1789817091.916,1789817091.916,1789817091.928,23.89
2026-09-19 16:54:51.989,onvif-e9b03eab-61a3-46bd-9f42-888fd59ddbc4,1789817091.964,1789817091.974,1789817091.978,1789817091.982,1789817091.982,1789817091.989,25.77
2026-09-19 16:54:52.088,onvif-e9b03eab-61a3-46bd-9f42-888fd59ddbc4,1789817092.069,1789817092.072,1789817092.076,1789817092.080,1789817092.080,1789817092.088,18.90
2026-09-19 16:54:52.164,onvif-e9b03eab-61a3-46bd-9f42-888fd59ddbc4,1789817092.137,1789817092.144,1789817092.148,1789817092.153,1789817092.153,1789817092.165,27.39
2026-09-19 16:54:52.270,onvif-e9b03eab-61a3-46bd-9f42-888fd59ddbc4,1789817092.252,1789817092.252,1789817092.256,1789817092.258,1789817092.258,1789817092.270,18.41
2026-09-19 16:54:52.342,onvif-e9b03eab-61a3-46bd-9f42-888fd59ddbc4,1789817092.317,1789817092.324,1789817092.329,1789817092.335,1789817092.335,1789817092.343,25.95
2026-09-19 16:54:52.429,onvif-e9b03eab-61a3-46bd-9f42-888fd59ddbc4,1789817092.409,1789817092.412,1789817092.416,1789817092.422,1789817092.422,1789817092.429,20.65
2026-09-19 16:54:52.506,onvif-e9b03eab-61a3-46bd-9f42-888fd59ddbc4,1789817092.482,1789817092.484,1789817092.488,1789817092.493,1789817092.493,1789817092.506,24.45
2026-09-19 16:54:52.599,onvif-e9b03eab-61a3-46bd-9f42-888fd59ddbc4,1789817092.577,1789817092.581,1789817092.585,1789817092.591,1789817092.592,1789817092.599,22.43
2026-09-19 16:54:52.669,onvif-e9b03eab-61a3-46bd-9f42-888fd59ddbc4,1789817092.645,1789817092.648,1789817092.655,1789817092.659,1789817092.659,1789817092.670,25.33
2026-09-19 16:54:52.756,onvif-e9b03eab-61a3-46bd-9f42-888fd59ddbc4,1789817092.734,1789817092.736,1789817092.739,1789817092.745,1789817092.745,1789817092.756,22.76
2026-09-19 16:54:52.828,onvif-e9b03eab-61a3-46bd-9f42-888fd59ddbc4,1789817092.812,1789817092.813,1789817092.816,1789817092.822,1789817092.822,1789817092.829,17.12
2026-09-19 16:54:52.932,onvif-e9b03eab-61a3-46bd-9f42-888fd59ddbc4,1789817092.913,1789817092.916,1789817092.920,1789817092.925,1789817092.925,1789817092.932,18.88
2026-09-19 16:54:53.006,onvif-e9b03eab-61a3-46bd-9f42-888fd59ddbc4,1789817092.983,1789817092.988,1789817092.995,1789817092.997,1789817092.997,1789817093.006,23.31
2026-09-19 16:54:53.102,onvif-e9b03eab-61a3-46bd-9f42-888fd59ddbc4,1789817093.078,1789817093.081,1789817093.084,1789817093.090,1789817093.090,1789817093.102,24.16
2026-09-19 16:54:53.164,onvif-e9b03eab-61a3-46bd-9f42-888fd59ddbc4,1789817093.136,1789817093.148,1789817093.152,1789817093.157,1789817093.157,1789817093.165,29.16
2026-09-19 16:54:53.266,onvif-e9b03eab-61a3-46bd-9f42-888fd59ddbc4,1789817093.244,1789817093.245,1789817093.250,1789817093.255,1789817093.255,1789817093.266,21.82
2026-09-19 16:54:53.379,onvif-e9b03eab-61a3-46bd-9f42-888fd59ddbc4,1789817093.314,1789817093.322,1789817093.328,1789817093.332,1789817093.332,1789817093.379,65.29
2026-09-19 16:54:53.495,onvif-e9b03eab-61a3-46bd-9f42-888fd59ddbc4,1789817093.399,1789817093.400,1789817093.405,1789817093.410,1789817093.410,1789817093.496,96.66
2026-09-19 16:54:53.529,onvif-e9b03eab-61a3-46bd-9f42-888fd59ddbc4,1789817093.472,1789817093.480,1789817093.486,1789817093.493,1789817093.493,1789817093.529,57.38
2026-09-19 16:54:53.601,onvif-e9b03eab-61a3-46bd-9f42-888fd59ddbc4,1789817093.578,1789817093.583,1789817093.588,1789817093.591,1789817093.592,1789817093.601,22.89
2026-09-19 16:54:53.671,onvif-e9b03eab-61a3-46bd-9f42-888fd59ddbc4,1789817093.643,1789817093.650,1789817093.656,1789817093.658,1789817093.658,1789817093.672,28.26
2026-09-19 16:54:53.761,onvif-e9b03eab-61a3-46bd-9f42-888fd59ddbc4,1789817093.734,1789817093.738,1789817093.742,1789817093.747,1789817093.747,1789817093.761,27.16
2026-09-19 16:54:53.834,onvif-e9b03eab-61a3-46bd-9f42-888fd59ddbc4,1789817093.807,1789817093.811,1789817093.817,1789817093.821,1789817093.821,1789817093.835,27.86
2026-09-19 16:54:53.934,onvif-e9b03eab-61a3-46bd-9f42-888fd59ddbc4,1789817093.912,1789817093.914,1789817093.919,1789817093.925,1789817093.925,1789817093.934,21.97
2026-09-19 16:54:54.003,onvif-e9b03eab-61a3-46bd-9f42-888fd59ddbc4,1789817093.976,1789817093.981,1789817093.987,1789817093.992,1789817093.992,1789817094.004,27.28
2026-09-19 16:54:54.089,onvif-e9b03eab-61a3-46bd-9f42-888fd59ddbc4,1789817094.065,1789817094.068,1789817094.072,1789817094.076,1789817094.076,1789817094.089,24.42
2026-09-19 16:54:54.154,onvif-e9b03eab-61a3-46bd-9f42-888fd59ddbc4,1789817094.139,1789817094.140,1789817094.144,1789817094.148,1789817094.148,1789817094.155,15.61
2026-09-19 16:54:54.251,onvif-e9b03eab-61a3-46bd-9f42-888fd59ddbc4,1789817094.236,1789817094.238,1789817094.242,1789817094.244,1789817094.244,1789817094.252,15.79
2026-09-19 16:54:54.336,onvif-e9b03eab-61a3-46bd-9f42-888fd59ddbc4,1789817094.310,1789817094.315,1789817094.320,1789817094.327,1789817094.327,1789817094.336,26.66
2026-09-19 16:54:54.426,onvif-e9b03eab-61a3-46bd-9f42-888fd59ddbc4,1789817094.403,1789817094.408,1789817094.411,1789817094.415,1789817094.415,1789817094.426,23.09
2026-09-19 16:54:54.494,onvif-e9b03eab-61a3-46bd-9f42-888fd59ddbc4,1789817094.469,1789817094.480,1789817094.484,1789817094.487,1789817094.488,1789817094.495,25.55
2026-09-19 16:54:54.597,onvif-e9b03eab-61a3-46bd-9f42-888fd59ddbc4,1789817094.579,1789817094.583,1789817094.587,1789817094.591,1789817094.591,1789817094.598,18.72
2026-09-19 16:54:54.669,onvif-e9b03eab-61a3-46bd-9f42-888fd59ddbc4,1789817094.648,1789817094.650,1789817094.653,1789817094.657,1789817094.657,1789817094.669,21.23
2026-09-19 16:54:54.777,onvif-e9b03eab-61a3-46bd-9f42-888fd59ddbc4,1789817094.756,1789817094.758,1789817094.762,1789817094.766,1789817094.766,1789817094.777,21.79
2026-09-19 16:54:54.840,onvif-e9b03eab-61a3-46bd-9f42-888fd59ddbc4,1789817094.807,1789817094.825,1789817094.830,1789817094.833,1789817094.833,1789817094.840,33.00
2026-09-19 16:54:54.933,onvif-e9b03eab-61a3-46bd-9f42-888fd59ddbc4,1789817094.911,1789817094.913,1789817094.917,1789817094.920,1789817094.920,1789817094.933,22.42
2026-09-19 16:54:55.002,onvif-e9b03eab-61a3-46bd-9f42-888fd59ddbc4,1789817094.970,1789817094.980,1789817094.984,1789817094.988,1789817094.988,1789817095.003,32.97
2026-09-19 16:54:55.087,onvif-e9b03eab-61a3-46bd-9f42-888fd59ddbc4,1789817095.071,1789817095.072,1789817095.077,1789817095.081,1789817095.081,1789817095.087,16.87
2026-09-19 16:54:55.171,onvif-e9b03eab-61a3-46bd-9f42-888fd59ddbc4,1789817095.150,1789817095.155,1789817095.159,1789817095.163,1789817095.163,1789817095.172,21.50
2026-09-19 16:54:55.260,onvif-e9b03eab-61a3-46bd-9f42-888fd59ddbc4,1789817095.240,1789817095.243,1789817095.246,1789817095.251,1789817095.251,1789817095.261,20.89
2026-09-19 16:54:55.325,onvif-e9b03eab-61a3-46bd-9f42-888fd59ddbc4,1789817095.308,1789817095.309,1789817095.313,1789817095.318,1789817095.318,1789817095.326,18.37
2026-09-19 16:54:55.428,onvif-e9b03eab-61a3-46bd-9f42-888fd59ddbc4,1789817095.408,1789817095.412,1789817095.416,1789817095.421,1789817095.421,1789817095.428,19.72
2026-09-19 16:54:55.504,onvif-e9b03eab-61a3-46bd-9f42-888fd59ddbc4,1789817095.467,1789817095.484,1789817095.488,1789817095.493,1789817095.493,1789817095.504,37.41
2026-09-19 16:54:55.591,onvif-e9b03eab-61a3-46bd-9f42-888fd59ddbc4,1789817095.574,1789817095.577,1789817095.580,1789817095.585,1789817095.585,1789817095.592,17.69
2026-09-19 16:54:55.663,onvif-e9b03eab-61a3-46bd-9f42-888fd59ddbc4,1789817095.641,1789817095.644,1789817095.650,1789817095.652,1789817095.652,1789817095.664,22.92
2026-09-19 16:54:55.772,onvif-e9b03eab-61a3-46bd-9f42-888fd59ddbc4,1789817095.750,1789817095.752,1789817095.756,1789817095.760,1789817095.760,1789817095.773,22.45
2026-09-19 16:54:55.834,onvif-e9b03eab-61a3-46bd-9f42-888fd59ddbc4,1789817095.811,1789817095.819,1789817095.823,1789817095.826,1789817095.826,1789817095.834,23.21
2026-09-19 16:54:55.926,onvif-e9b03eab-61a3-46bd-9f42-888fd59ddbc4,1789817095.911,1789817095.912,1789817095.915,1789817095.918,1789817095.918,1789817095.926,15.67
2026-09-19 16:54:55.993,onvif-e9b03eab-61a3-46bd-9f42-888fd59ddbc4,1789817095.967,1789817095.979,1789817095.982,1789817095.984,1789817095.984,1789817095.994,26.77
2026-09-19 16:54:56.103,onvif-e9b03eab-61a3-46bd-9f42-888fd59ddbc4,1789817096.081,1789817096.082,1789817096.085,1789817096.092,1789817096.092,1789817096.103,22.20
2026-09-19 16:54:56.168,onvif-e9b03eab-61a3-46bd-9f42-888fd59ddbc4,1789817096.132,1789817096.149,1789817096.153,1789817096.158,1789817096.158,1789817096.168,36.35
2026-09-19 16:54:56.261,onvif-e9b03eab-61a3-46bd-9f42-888fd59ddbc4,1789817096.244,1789817096.246,1789817096.250,1789817096.256,1789817096.256,1789817096.262,18.23
2026-09-19 16:54:56.371,onvif-e9b03eab-61a3-46bd-9f42-888fd59ddbc4,1789817096.352,1789817096.354,1789817096.358,1789817096.365,1789817096.365,1789817096.371,19.30
2026-09-19 16:54:56.455,onvif-e9b03eab-61a3-46bd-9f42-888fd59ddbc4,1789817096.441,1789817096.442,1789817096.446,1789817096.448,1789817096.448,1789817096.456,14.94
2026-09-19 16:54:56.540,onvif-e9b03eab-61a3-46bd-9f42-888fd59ddbc4,1789817096.512,1789817096.524,1789817096.527,1789817096.528,1789817096.528,1789817096.540,27.78
2026-09-19 16:54:56.590,onvif-e9b03eab-61a3-46bd-9f42-888fd59ddbc4,1789817096.569,1789817096.573,1789817096.578,1789817096.583,1789817096.583,1789817096.591,21.76
2026-09-19 16:54:56.660,onvif-e9b03eab-61a3-46bd-9f42-888fd59ddbc4,1789817096.639,1789817096.640,1789817096.643,1789817096.648,1789817096.648,1789817096.660,21.12
2026-09-19 16:54:56.767,onvif-e9b03eab-61a3-46bd-9f42-888fd59ddbc4,1789817096.745,1789817096.748,1789817096.752,1789817096.756,1789817096.756,1789817096.768,23.13
2026-09-19 16:54:56.829,onvif-e9b03eab-61a3-46bd-9f42-888fd59ddbc4,1789817096.809,1789817096.814,1789817096.818,1789817096.823,1789817096.823,1789817096.829,20.05
2026-09-19 16:54:56.937,onvif-e9b03eab-61a3-46bd-9f42-888fd59ddbc4,1789817096.914,1789817096.918,1789817096.921,1789817096.926,1789817096.926,1789817096.937,23.68
2026-09-19 16:54:57.004,onvif-e9b03eab-61a3-46bd-9f42-888fd59ddbc4,1789817096.984,1789817096.985,1789817096.991,1789817096.993,1789817096.993,1789817097.005,20.96
2026-09-19 16:54:57.091,onvif-e9b03eab-61a3-46bd-9f42-888fd59ddbc4,1789817097.069,1789817097.072,1789817097.076,1789817097.080,1789817097.081,1789817097.091,22.56
2026-09-19 16:54:57.159,onvif-e9b03eab-61a3-46bd-9f42-888fd59ddbc4,1789817097.142,1789817097.144,1789817097.148,1789817097.153,1789817097.153,1789817097.160,18.17
2026-09-19 16:54:57.253,onvif-e9b03eab-61a3-46bd-9f42-888fd59ddbc4,1789817097.236,1789817097.237,1789817097.241,1789817097.246,1789817097.246,1789817097.254,17.69
2026-09-19 16:54:57.335,onvif-e9b03eab-61a3-46bd-9f42-888fd59ddbc4,1789817097.311,1789817097.314,1789817097.317,1789817097.323,1789817097.323,1789817097.336,24.99
2026-09-19 16:54:57.420,onvif-e9b03eab-61a3-46bd-9f42-888fd59ddbc4,1789817097.398,1789817097.401,1789817097.405,1789817097.411,1789817097.411,1789817097.421,22.93
2026-09-19 16:54:57.500,onvif-e9b03eab-61a3-46bd-9f42-888fd59ddbc4,1789817097.479,1789817097.484,1789817097.488,1789817097.492,1789817097.492,1789817097.500,21.15
2026-09-19 16:54:57.605,onvif-e9b03eab-61a3-46bd-9f42-888fd59ddbc4,1789817097.580,1789817097.581,1789817097.584,1789817097.591,1789817097.591,1789817097.606,26.28
2026-09-19 16:54:57.664,onvif-e9b03eab-61a3-46bd-9f42-888fd59ddbc4,1789817097.646,1789817097.648,1789817097.652,1789817097.658,1789817097.658,1789817097.665,18.24
2026-09-19 16:54:57.762,onvif-e9b03eab-61a3-46bd-9f42-888fd59ddbc4,1789817097.744,1789817097.746,1789817097.749,1789817097.756,1789817097.756,1789817097.762,17.66
2026-09-19 16:54:57.839,onvif-e9b03eab-61a3-46bd-9f42-888fd59ddbc4,1789817097.813,1789817097.818,1789817097.821,1789817097.827,1789817097.827,1789817097.840,27.18
2026-09-19 16:54:57.886,onvif-e9b03eab-61a3-46bd-9f42-888fd59ddbc4,1789817097.865,1789817097.867,1789817097.871,1789817097.877,1789817097.878,1789817097.887,21.54
2026-09-19 16:54:57.964,onvif-e9b03eab-61a3-46bd-9f42-888fd59ddbc4,1789817097.942,1789817097.944,1789817097.947,1789817097.954,1789817097.954,1789817097.965,22.55
2026-09-19 16:54:58.039,onvif-e9b03eab-61a3-46bd-9f42-888fd59ddbc4,1789817098.023,1789817098.026,1789817098.029,1789817098.032,1789817098.032,1789817098.040,16.20
2026-09-19 16:54:58.096,onvif-e9b03eab-61a3-46bd-9f42-888fd59ddbc4,1789817098.078,1789817098.080,1789817098.084,1789817098.085,1789817098.086,1789817098.096,18.13
2026-09-19 16:54:58.166,onvif-e9b03eab-61a3-46bd-9f42-888fd59ddbc4,1789817098.137,1789817098.147,1789817098.151,1789817098.157,1789817098.157,1789817098.167,29.98
2026-09-19 16:54:58.262,onvif-e9b03eab-61a3-46bd-9f42-888fd59ddbc4,1789817098.244,1789817098.245,1789817098.249,1789817098.255,1789817098.255,1789817098.262,18.88
2026-09-19 16:54:58.333,onvif-e9b03eab-61a3-46bd-9f42-888fd59ddbc4,1789817098.299,1789817098.312,1789817098.315,1789817098.321,1789817098.322,1789817098.333,34.59
2026-09-19 16:54:58.433,onvif-e9b03eab-61a3-46bd-9f42-888fd59ddbc4,1789817098.414,1789817098.415,1789817098.418,1789817098.421,1789817098.421,1789817098.433,19.31
2026-09-19 16:54:58.506,onvif-e9b03eab-61a3-46bd-9f42-888fd59ddbc4,1789817098.487,1789817098.492,1789817098.496,1789817098.498,1789817098.499,1789817098.507,20.12
2026-09-19 16:54:58.583,onvif-e9b03eab-61a3-46bd-9f42-888fd59ddbc4,1789817098.565,1789817098.569,1789817098.573,1789817098.575,1789817098.575,1789817098.583,18.74
2026-09-19 16:54:58.661,onvif-e9b03eab-61a3-46bd-9f42-888fd59ddbc4,1789817098.641,1789817098.646,1789817098.650,1789817098.651,1789817098.651,1789817098.662,20.54
2026-09-19 16:54:58.769,onvif-e9b03eab-61a3-46bd-9f42-888fd59ddbc4,1789817098.745,1789817098.749,1789817098.753,1789817098.759,1789817098.759,1789817098.770,24.93
2026-09-19 16:54:58.833,onvif-e9b03eab-61a3-46bd-9f42-888fd59ddbc4,1789817098.807,1789817098.816,1789817098.820,1789817098.826,1789817098.826,1789817098.833,26.01
2026-09-19 16:54:58.928,onvif-e9b03eab-61a3-46bd-9f42-888fd59ddbc4,1789817098.910,1789817098.914,1789817098.918,1789817098.922,1789817098.922,1789817098.929,19.11
2026-09-19 16:54:58.999,onvif-e9b03eab-61a3-46bd-9f42-888fd59ddbc4,1789817098.971,1789817098.981,1789817098.984,1789817098.988,1789817098.988,1789817099.000,29.00
2026-09-19 16:54:59.166,onvif-e9b03eab-61a3-46bd-9f42-888fd59ddbc4,1789817099.151,1789817099.151,1789817099.154,1789817099.158,1789817099.158,1789817099.167,16.29
2026-09-19 16:54:59.230,onvif-e9b03eab-61a3-46bd-9f42-888fd59ddbc4,1789817099.191,1789817099.218,1789817099.221,1789817099.224,1789817099.224,1789817099.230,39.48
2026-09-19 16:54:59.312,onvif-e9b03eab-61a3-46bd-9f42-888fd59ddbc4,1789817099.290,1789817099.290,1789817099.295,1789817099.300,1789817099.300,1789817099.313,23.12
2026-09-19 16:54:59.388,onvif-e9b03eab-61a3-46bd-9f42-888fd59ddbc4,1789817099.364,1789817099.367,1789817099.371,1789817099.377,1789817099.377,1789817099.389,24.86
2026-09-19 16:54:59.439,onvif-e9b03eab-61a3-46bd-9f42-888fd59ddbc4,1789817099.419,1789817099.421,1789817099.425,1789817099.432,1789817099.432,1789817099.440,20.93
2026-09-19 16:54:59.514,onvif-e9b03eab-61a3-46bd-9f42-888fd59ddbc4,1789817099.488,1789817099.493,1789817099.497,1789817099.503,1789817099.503,1789817099.515,27.23
2026-09-19 16:54:59.601,onvif-e9b03eab-61a3-46bd-9f42-888fd59ddbc4,1789817099.583,1789817099.585,1789817099.589,1789817099.595,1789817099.595,1789817099.602,19.07
2026-09-19 16:54:59.680,onvif-e9b03eab-61a3-46bd-9f42-888fd59ddbc4,1789817099.653,1789817099.657,1789817099.663,1789817099.666,1789817099.666,1789817099.681,27.63
2026-09-19 16:54:59.716,onvif-e9b03eab-61a3-46bd-9f42-888fd59ddbc4,1789817099.686,1789817099.691,1789817099.695,1789817099.700,1789817099.700,1789817099.716,29.76
2026-09-19 16:54:59.786,onvif-e9b03eab-61a3-46bd-9f42-888fd59ddbc4,1789817099.765,1789817099.765,1789817099.768,1789817099.775,1789817099.775,1789817099.786,21.00
2026-09-19 16:54:59.852,onvif-e9b03eab-61a3-46bd-9f42-888fd59ddbc4,1789817099.834,1789817099.837,1789817099.841,1789817099.846,1789817099.846,1789817099.853,18.29
2026-09-19 16:54:59.948,onvif-e9b03eab-61a3-46bd-9f42-888fd59ddbc4,1789817099.926,1789817099.930,1789817099.934,1789817099.939,1789817099.939,1789817099.948,22.02
2026-09-19 16:55:00.026,onvif-e9b03eab-61a3-46bd-9f42-888fd59ddbc4,1789817100.005,1789817100.007,1789817100.010,1789817100.015,1789817100.015,1789817100.026,21.30
2026-09-19 16:55:00.112,onvif-e9b03eab-61a3-46bd-9f42-888fd59ddbc4,1789817100.091,1789817100.094,1789817100.098,1789817100.103,1789817100.103,1789817100.113,21.48
2026-09-19 16:55:00.195,onvif-e9b03eab-61a3-46bd-9f42-888fd59ddbc4,1789817100.172,1789817100.177,1789817100.180,1789817100.185,1789817100.185,1789817100.195,23.51
2026-09-19 16:55:00.268,onvif-e9b03eab-61a3-46bd-9f42-888fd59ddbc4,1789817100.247,1789817100.249,1789817100.252,1789817100.256,1789817100.256,1789817100.269,21.74
2026-09-19 16:55:00.329,onvif-e9b03eab-61a3-46bd-9f42-888fd59ddbc4,1789817100.305,1789817100.316,1789817100.319,1789817100.322,1789817100.322,1789817100.329,24.21
2026-09-19 16:55:00.422,onvif-e9b03eab-61a3-46bd-9f42-888fd59ddbc4,1789817100.405,1789817100.408,1789817100.412,1789817100.415,1789817100.415,1789817100.423,17.71
2026-09-19 16:55:00.504,onvif-e9b03eab-61a3-46bd-9f42-888fd59ddbc4,1789817100.471,1789817100.485,1789817100.491,1789817100.496,1789817100.497,1789817100.504,33.08
2026-09-19 16:55:00.583,onvif-e9b03eab-61a3-46bd-9f42-888fd59ddbc4,1789817100.567,1789817100.568,1789817100.571,1789817100.573,1789817100.573,1789817100.584,17.00
2026-09-19 16:55:00.667,onvif-e9b03eab-61a3-46bd-9f42-888fd59ddbc4,1789817100.648,1789817100.650,1789817100.654,1789817100.660,1789817100.660,1789817100.668,19.14
2026-09-19 16:55:00.760,onvif-e9b03eab-61a3-46bd-9f42-888fd59ddbc4,1789817100.737,1789817100.742,1789817100.747,1789817100.754,1789817100.754,1789817100.760,22.74
2026-09-19 16:55:00.829,onvif-e9b03eab-61a3-46bd-9f42-888fd59ddbc4,1789817100.808,1789817100.809,1789817100.813,1789817100.820,1789817100.820,1789817100.829,21.47
2026-09-19 16:55:00.918,onvif-e9b03eab-61a3-46bd-9f42-888fd59ddbc4,1789817100.901,1789817100.902,1789817100.905,1789817100.912,1789817100.912,1789817100.919,17.66
2026-09-19 16:55:00.996,onvif-e9b03eab-61a3-46bd-9f42-888fd59ddbc4,1789817100.974,1789817100.979,1789817100.984,1789817100.989,1789817100.989,1789817100.996,22.22
2026-09-19 16:55:01.096,onvif-e9b03eab-61a3-46bd-9f42-888fd59ddbc4,1789817101.075,1789817101.077,1789817101.081,1789817101.087,1789817101.087,1789817101.097,22.23
2026-09-19 16:55:01.175,onvif-e9b03eab-61a3-46bd-9f42-888fd59ddbc4,1789817101.146,1789817101.154,1789817101.159,1789817101.164,1789817101.164,1789817101.176,29.64
2026-09-19 16:55:01.274,onvif-e9b03eab-61a3-46bd-9f42-888fd59ddbc4,1789817101.248,1789817101.252,1789817101.257,1789817101.262,1789817101.262,1789817101.274,25.52
2026-09-19 16:55:01.340,onvif-e9b03eab-61a3-46bd-9f42-888fd59ddbc4,1789817101.301,1789817101.319,1789817101.322,1789817101.328,1789817101.328,1789817101.340,39.10
2026-09-19 16:55:01.416,onvif-e9b03eab-61a3-46bd-9f42-888fd59ddbc4,1789817101.401,1789817101.401,1789817101.405,1789817101.409,1789817101.409,1789817101.416,15.25
2026-09-19 16:55:01.500,onvif-e9b03eab-61a3-46bd-9f42-888fd59ddbc4,1789817101.475,1789817101.479,1789817101.484,1789817101.492,1789817101.492,1789817101.501,25.93
2026-09-19 16:55:01.601,onvif-e9b03eab-61a3-46bd-9f42-888fd59ddbc4,1789817101.579,1789817101.582,1789817101.585,1789817101.589,1789817101.589,1789817101.601,22.44
2026-09-19 16:55:01.667,onvif-e9b03eab-61a3-46bd-9f42-888fd59ddbc4,1789817101.650,1789817101.654,1789817101.657,1789817101.661,1789817101.661,1789817101.668,18.27
2026-09-19 16:55:01.750,onvif-e9b03eab-61a3-46bd-9f42-888fd59ddbc4,1789817101.734,1789817101.736,1789817101.740,1789817101.743,1789817101.743,1789817101.751,16.87
2026-09-19 16:55:01.822,onvif-e9b03eab-61a3-46bd-9f42-888fd59ddbc4,1789817101.803,1789817101.808,1789817101.811,1789817101.814,1789817101.814,1789817101.822,19.00
2026-09-19 16:55:01.914,onvif-e9b03eab-61a3-46bd-9f42-888fd59ddbc4,1789817101.899,1789817101.901,1789817101.903,1789817101.907,1789817101.907,1789817101.915,15.61
2026-09-19 16:55:01.992,onvif-e9b03eab-61a3-46bd-9f42-888fd59ddbc4,1789817101.970,1789817101.973,1789817101.978,1789817101.984,1789817101.985,1789817101.993,22.76
2026-09-19 16:55:02.099,onvif-e9b03eab-61a3-46bd-9f42-888fd59ddbc4,1789817102.081,1789817102.081,1789817102.084,1789817102.086,1789817102.086,1789817102.099,18.93
2026-09-19 16:55:02.165,onvif-e9b03eab-61a3-46bd-9f42-888fd59ddbc4,1789817102.135,1789817102.147,1789817102.152,1789817102.159,1789817102.159,1789817102.166,30.94
2026-09-19 16:55:02.265,onvif-e9b03eab-61a3-46bd-9f42-888fd59ddbc4,1789817102.248,1789817102.250,1789817102.253,1789817102.257,1789817102.257,1789817102.266,17.91
2026-09-19 16:55:02.333,onvif-e9b03eab-61a3-46bd-9f42-888fd59ddbc4,1789817102.313,1789817102.315,1789817102.318,1789817102.321,1789817102.321,1789817102.334,20.61
2026-09-19 16:55:02.396,onvif-e9b03eab-61a3-46bd-9f42-888fd59ddbc4,1789817102.360,1789817102.382,1789817102.386,1789817102.388,1789817102.388,1789817102.396,36.10
2026-09-19 16:55:02.468,onvif-e9b03eab-61a3-46bd-9f42-888fd59ddbc4,1789817102.435,1789817102.448,1789817102.455,1789817102.457,1789817102.457,1789817102.469,33.33
2026-09-19 16:55:02.541,onvif-e9b03eab-61a3-46bd-9f42-888fd59ddbc4,1789817102.516,1789817102.521,1789817102.525,1789817102.529,1789817102.529,1789817102.541,25.07
2026-09-19 16:55:02.591,onvif-e9b03eab-61a3-46bd-9f42-888fd59ddbc4,1789817102.570,1789817102.575,1789817102.579,1789817102.584,1789817102.584,1789817102.592,22.20
2026-09-19 16:55:02.667,onvif-e9b03eab-61a3-46bd-9f42-888fd59ddbc4,1789817102.646,1789817102.647,1789817102.650,1789817102.656,1789817102.656,1789817102.668,21.96
2026-09-19 16:55:02.755,onvif-e9b03eab-61a3-46bd-9f42-888fd59ddbc4,1789817102.734,1789817102.740,1789817102.743,1789817102.749,1789817102.749,1789817102.755,20.96
2026-09-19 16:55:02.829,onvif-e9b03eab-61a3-46bd-9f42-888fd59ddbc4,1789817102.808,1789817102.812,1789817102.818,1789817102.820,1789817102.820,1789817102.829,21.32
2026-09-19 16:55:02.940,onvif-e9b03eab-61a3-46bd-9f42-888fd59ddbc4,1789817102.916,1789817102.920,1789817102.923,1789817102.930,1789817102.930,1789817102.940,24.17
2026-09-19 16:55:03.008,onvif-e9b03eab-61a3-46bd-9f42-888fd59ddbc4,1789817102.974,1789817102.987,1789817102.991,1789817102.996,1789817102.996,1789817103.008,34.03
2026-09-19 16:55:03.096,onvif-e9b03eab-61a3-46bd-9f42-888fd59ddbc4,1789817103.079,1789817103.079,1789817103.085,1789817103.088,1789817103.088,1789817103.097,18.36
2026-09-19 16:55:03.167,onvif-e9b03eab-61a3-46bd-9f42-888fd59ddbc4,1789817103.144,1789817103.146,1789817103.150,1789817103.154,1789817103.154,1789817103.167,23.03
2026-09-19 16:55:03.259,onvif-e9b03eab-61a3-46bd-9f42-888fd59ddbc4,1789817103.240,1789817103.244,1789817103.248,1789817103.252,1789817103.252,1789817103.259,18.78
2026-09-19 16:55:03.333,onvif-e9b03eab-61a3-46bd-9f42-888fd59ddbc4,1789817103.311,1789817103.316,1789817103.321,1789817103.323,1789817103.323,1789817103.334,22.72
2026-09-19 16:55:03.425,onvif-e9b03eab-61a3-46bd-9f42-888fd59ddbc4,1789817103.407,1789817103.408,1789817103.412,1789817103.414,1789817103.414,1789817103.425,18.43
2026-09-19 16:55:03.493,onvif-e9b03eab-61a3-46bd-9f42-888fd59ddbc4,1789817103.469,1789817103.475,1789817103.480,1789817103.485,1789817103.485,1789817103.494,24.85
2026-09-19 16:55:03.589,onvif-e9b03eab-61a3-46bd-9f42-888fd59ddbc4,1789817103.569,1789817103.573,1789817103.577,1789817103.583,1789817103.583,1789817103.590,20.87
2026-09-19 16:55:03.668,onvif-e9b03eab-61a3-46bd-9f42-888fd59ddbc4,1789817103.642,1789817103.650,1789817103.656,1789817103.659,1789817103.659,1789817103.668,25.94
2026-09-19 16:55:03.769,onvif-e9b03eab-61a3-46bd-9f42-888fd59ddbc4,1789817103.745,1789817103.748,1789817103.751,1789817103.757,1789817103.757,1789817103.769,23.79
2026-09-19 16:55:03.830,onvif-e9b03eab-61a3-46bd-9f42-888fd59ddbc4,1789817103.801,1789817103.815,1789817103.819,1789817103.824,1789817103.824,1789817103.831,30.22
2026-09-19 16:55:03.935,onvif-e9b03eab-61a3-46bd-9f42-888fd59ddbc4,1789817103.914,1789817103.918,1789817103.922,1789817103.928,1789817103.928,1789817103.935,21.49
2026-09-19 16:55:04.006,onvif-e9b03eab-61a3-46bd-9f42-888fd59ddbc4,1789817103.980,1789817103.985,1789817103.990,1789817103.995,1789817103.995,1789817104.006,26.53
2026-09-19 16:55:04.093,onvif-e9b03eab-61a3-46bd-9f42-888fd59ddbc4,1789817104.069,1789817104.073,1789817104.077,1789817104.082,1789817104.083,1789817104.094,25.15
2026-09-19 16:55:04.165,onvif-e9b03eab-61a3-46bd-9f42-888fd59ddbc4,1789817104.146,1789817104.150,1789817104.155,1789817104.159,1789817104.159,1789817104.166,19.25
2026-09-19 16:55:04.267,onvif-e9b03eab-61a3-46bd-9f42-888fd59ddbc4,1789817104.251,1789817104.253,1789817104.256,1789817104.261,1789817104.261,1789817104.267,16.37
2026-09-19 16:55:04.342,onvif-e9b03eab-61a3-46bd-9f42-888fd59ddbc4,1789817104.311,1789817104.320,1789817104.326,1789817104.333,1789817104.333,1789817104.342,30.99
2026-09-19 16:55:04.431,onvif-e9b03eab-61a3-46bd-9f42-888fd59ddbc4,1789817104.408,1789817104.412,1789817104.416,1789817104.419,1789817104.419,1789817104.431,23.17
2026-09-19 16:55:04.492,onvif-e9b03eab-61a3-46bd-9f42-888fd59ddbc4,1789817104.470,1789817104.479,1789817104.483,1789817104.485,1789817104.485,1789817104.493,22.32
2026-09-19 16:55:04.583,onvif-e9b03eab-61a3-46bd-9f42-888fd59ddbc4,1789817104.571,1789817104.572,1789817104.575,1789817104.577,1789817104.578,1789817104.584,12.57
2026-09-19 16:55:04.664,onvif-e9b03eab-61a3-46bd-9f42-888fd59ddbc4,1789817104.642,1789817104.644,1789817104.647,1789817104.654,1789817104.654,1789817104.665,22.77
2026-09-19 16:55:04.773,onvif-e9b03eab-61a3-46bd-9f42-888fd59ddbc4,1789817104.744,1789817104.747,1789817104.751,1789817104.756,1789817104.756,1789817104.774,29.97
2026-09-19 16:55:04.855,onvif-e9b03eab-61a3-46bd-9f42-888fd59ddbc4,1789817104.803,1789817104.814,1789817104.818,1789817104.823,1789817104.823,1789817104.856,53.04
2026-09-19 16:55:04.927,onvif-e9b03eab-61a3-46bd-9f42-888fd59ddbc4,1789817104.903,1789817104.904,1789817104.911,1789817104.916,1789817104.916,1789817104.927,24.02
2026-09-19 16:55:05.008,onvif-e9b03eab-61a3-46bd-9f42-888fd59ddbc4,1789817104.977,1789817104.987,1789817104.992,1789817104.998,1789817104.998,1789817105.009,32.00
2026-09-19 16:55:05.113,onvif-e9b03eab-61a3-46bd-9f42-888fd59ddbc4,1789817105.092,1789817105.095,1789817105.098,1789817105.101,1789817105.101,1789817105.114,21.76
2026-09-19 16:55:05.172,onvif-e9b03eab-61a3-46bd-9f42-888fd59ddbc4,1789817105.151,1789817105.153,1789817105.158,1789817105.161,1789817105.161,1789817105.172,21.26
2026-09-19 16:55:05.258,onvif-e9b03eab-61a3-46bd-9f42-888fd59ddbc4,1789817105.241,1789817105.241,1789817105.245,1789817105.248,1789817105.248,1789817105.259,18.13
2026-09-19 16:55:05.327,onvif-e9b03eab-61a3-46bd-9f42-888fd59ddbc4,1789817105.311,1789817105.313,1789817105.318,1789817105.320,1789817105.320,1789817105.327,16.36
2026-09-19 16:55:05.427,onvif-e9b03eab-61a3-46bd-9f42-888fd59ddbc4,1789817105.406,1789817105.411,1789817105.416,1789817105.421,1789817105.421,1789817105.427,21.11
2026-09-19 16:55:05.497,onvif-e9b03eab-61a3-46bd-9f42-888fd59ddbc4,1789817105.475,1789817105.478,1789817105.482,1789817105.487,1789817105.488,1789817105.498,22.62
2026-09-19 16:55:05.591,onvif-e9b03eab-61a3-46bd-9f42-888fd59ddbc4,1789817105.571,1789817105.576,1789817105.580,1789817105.585,1789817105.585,1789817105.592,21.18
2026-09-19 16:55:05.662,onvif-e9b03eab-61a3-46bd-9f42-888fd59ddbc4,1789817105.637,1789817105.643,1789817105.649,1789817105.652,1789817105.652,1789817105.663,25.93
2026-09-19 16:55:05.773,onvif-e9b03eab-61a3-46bd-9f42-888fd59ddbc4,1789817105.749,1789817105.751,1789817105.755,1789817105.759,1789817105.760,1789817105.773,24.03
2026-09-19 16:55:05.839,onvif-e9b03eab-61a3-46bd-9f42-888fd59ddbc4,1789817105.804,1789817105.823,1789817105.828,1789817105.831,1789817105.831,1789817105.839,35.13
2026-09-19 16:55:05.927,onvif-e9b03eab-61a3-46bd-9f42-888fd59ddbc4,1789817105.906,1789817105.910,1789817105.915,1789817105.919,1789817105.919,1789817105.927,21.01
2026-09-19 16:55:05.997,onvif-e9b03eab-61a3-46bd-9f42-888fd59ddbc4,1789817105.965,1789817105.978,1789817105.981,1789817105.985,1789817105.985,1789817105.997,31.83
2026-09-19 16:55:06.105,onvif-e9b03eab-61a3-46bd-9f42-888fd59ddbc4,1789817106.081,1789817106.085,1789817106.089,1789817106.094,1789817106.094,1789817106.106,24.53
2026-09-19 16:55:06.182,onvif-e9b03eab-61a3-46bd-9f42-888fd59ddbc4,1789817106.166,1789817106.168,1789817106.171,1789817106.176,1789817106.176,1789817106.183,16.85
2026-09-19 16:55:06.264,onvif-e9b03eab-61a3-46bd-9f42-888fd59ddbc4,1789817106.246,1789817106.250,1789817106.255,1789817106.257,1789817106.257,1789817106.264,18.94
2026-09-19 16:55:06.335,onvif-e9b03eab-61a3-46bd-9f42-888fd59ddbc4,1789817106.307,1789817106.317,1789817106.321,1789817106.324,1789817106.325,1789817106.336,28.42
2026-09-19 16:55:06.424,onvif-e9b03eab-61a3-46bd-9f42-888fd59ddbc4,1789817106.406,1789817106.410,1789817106.414,1789817106.418,1789817106.418,1789817106.425,18.82
2026-09-19 16:55:06.505,onvif-e9b03eab-61a3-46bd-9f42-888fd59ddbc4,1789817106.475,1789817106.482,1789817106.489,1789817106.496,1789817106.496,1789817106.506,30.24
2026-09-19 16:55:06.589,onvif-e9b03eab-61a3-46bd-9f42-888fd59ddbc4,1789817106.569,1789817106.570,1789817106.574,1789817106.578,1789817106.578,1789817106.589,20.33
2026-09-19 16:55:06.641,onvif-e9b03eab-61a3-46bd-9f42-888fd59ddbc4,1789817106.621,1789817106.624,1789817106.629,1789817106.632,1789817106.632,1789817106.642,20.55
2026-09-19 16:55:06.707,onvif-e9b03eab-61a3-46bd-9f42-888fd59ddbc4,1789817106.679,1789817106.691,1789817106.695,1789817106.698,1789817106.698,1789817106.708,28.17
2026-09-19 16:55:06.764,onvif-e9b03eab-61a3-46bd-9f42-888fd59ddbc4,1789817106.747,1789817106.750,1789817106.754,1789817106.757,1789817106.757,1789817106.765,17.88
2026-09-19 16:55:06.838,onvif-e9b03eab-61a3-46bd-9f42-888fd59ddbc4,1789817106.818,1789817106.822,1789817106.825,1789817106.829,1789817106.829,1789817106.838,20.53
2026-09-19 16:55:06.924,onvif-e9b03eab-61a3-46bd-9f42-888fd59ddbc4,1789817106.905,1789817106.910,1789817106.914,1789817106.917,1789817106.917,1789817106.925,19.62
2026-09-19 16:55:07.001,onvif-e9b03eab-61a3-46bd-9f42-888fd59ddbc4,1789817106.979,1789817106.982,1789817106.987,1789817106.993,1789817106.993,1789817107.001,22.49
2026-09-19 16:55:07.105,onvif-e9b03eab-61a3-46bd-9f42-888fd59ddbc4,1789817107.082,1789817107.085,1789817107.089,1789817107.095,1789817107.095,1789817107.105,23.36
2026-09-19 16:55:07.168,onvif-e9b03eab-61a3-46bd-9f42-888fd59ddbc4,1789817107.136,1789817107.152,1789817107.156,1789817107.161,1789817107.161,1789817107.169,32.73
2026-09-19 16:55:07.266,onvif-e9b03eab-61a3-46bd-9f42-888fd59ddbc4,1789817107.242,1789817107.244,1789817107.248,1789817107.253,1789817107.253,1789817107.267,24.33
2026-09-19 16:55:07.333,onvif-e9b03eab-61a3-46bd-9f42-888fd59ddbc4,1789817107.316,1789817107.317,1789817107.321,1789817107.325,1789817107.326,1789817107.333,17.16
2026-09-19 16:55:07.432,onvif-e9b03eab-61a3-46bd-9f42-888fd59ddbc4,1789817107.411,1789817107.414,1789817107.418,1789817107.423,1789817107.423,1789817107.433,21.95
2026-09-19 16:55:07.501,onvif-e9b03eab-61a3-46bd-9f42-888fd59ddbc4,1789817107.469,1789817107.481,1789817107.486,1789817107.488,1789817107.488,1789817107.501,31.76
2026-09-19 16:55:07.582,onvif-e9b03eab-61a3-46bd-9f42-888fd59ddbc4,1789817107.567,1789817107.569,1789817107.573,1789817107.576,1789817107.576,1789817107.583,15.68
2026-09-19 16:55:07.666,onvif-e9b03eab-61a3-46bd-9f42-888fd59ddbc4,1789817107.648,1789817107.651,1789817107.655,1789817107.659,1789817107.659,1789817107.667,18.43
2026-09-19 16:55:07.766,onvif-e9b03eab-61a3-46bd-9f42-888fd59ddbc4,1789817107.748,1789817107.749,1789817107.753,1789817107.756,1789817107.756,1789817107.766,18.25
2026-09-19 16:55:07.832,onvif-e9b03eab-61a3-46bd-9f42-888fd59ddbc4,1789817107.805,1789817107.816,1789817107.820,1789817107.823,1789817107.823,1789817107.832,27.50
2026-09-19 16:55:07.928,onvif-e9b03eab-61a3-46bd-9f42-888fd59ddbc4,1789817107.910,1789817107.914,1789817107.918,1789817107.920,1789817107.920,1789817107.928,18.43
2026-09-19 16:55:07.995,onvif-e9b03eab-61a3-46bd-9f42-888fd59ddbc4,1789817107.978,1789817107.980,1789817107.984,1789817107.986,1789817107.986,1789817107.995,16.93
2026-09-19 16:55:08.097,onvif-e9b03eab-61a3-46bd-9f42-888fd59ddbc4,1789817108.079,1789817108.083,1789817108.086,1789817108.089,1789817108.089,1789817108.097,17.97
2026-09-19 16:55:08.168,onvif-e9b03eab-61a3-46bd-9f42-888fd59ddbc4,1789817108.145,1789817108.150,1789817108.155,1789817108.161,1789817108.161,1789817108.168,23.28
2026-09-19 16:55:08.255,onvif-e9b03eab-61a3-46bd-9f42-888fd59ddbc4,1789817108.232,1789817108.237,1789817108.241,1789817108.248,1789817108.248,1789817108.256,23.36
2026-09-19 16:55:08.335,onvif-e9b03eab-61a3-46bd-9f42-888fd59ddbc4,1789817108.299,1789817108.315,1789817108.318,1789817108.324,1789817108.324,1789817108.335,35.68
2026-09-19 16:55:08.426,onvif-e9b03eab-61a3-46bd-9f42-888fd59ddbc4,1789817108.407,1789817108.407,1789817108.412,1789817108.417,1789817108.417,1789817108.427,20.11
2026-09-19 16:55:08.506,onvif-e9b03eab-61a3-46bd-9f42-888fd59ddbc4,1789817108.444,1789817108.446,1789817108.450,1789817108.455,1789817108.455,1789817108.506,61.92
2026-09-19 16:55:08.506,onvif-e9b03eab-61a3-46bd-9f42-888fd59ddbc4,1789817108.470,1789817108.479,1789817108.484,1789817108.489,1789817108.491,1789817108.507,36.91
2026-09-19 16:55:08.588,onvif-e9b03eab-61a3-46bd-9f42-888fd59ddbc4,1789817108.564,1789817108.567,1789817108.570,1789817108.576,1789817108.576,1789817108.588,24.52
2026-09-19 16:55:08.665,onvif-e9b03eab-61a3-46bd-9f42-888fd59ddbc4,1789817108.642,1789817108.649,1789817108.654,1789817108.658,1789817108.658,1789817108.666,23.56
2026-09-19 16:55:08.757,onvif-e9b03eab-61a3-46bd-9f42-888fd59ddbc4,1789817108.740,1789817108.742,1789817108.747,1789817108.750,1789817108.750,1789817108.758,17.64
2026-09-19 16:55:08.832,onvif-e9b03eab-61a3-46bd-9f42-888fd59ddbc4,1789817108.805,1789817108.814,1789817108.818,1789817108.821,1789817108.821,1789817108.833,28.01
2026-09-19 16:55:08.940,onvif-e9b03eab-61a3-46bd-9f42-888fd59ddbc4,1789817108.917,1789817108.922,1789817108.925,1789817108.929,1789817108.929,1789817108.940,23.07
2026-09-19 16:55:09.002,onvif-e9b03eab-61a3-46bd-9f42-888fd59ddbc4,1789817108.974,1789817108.989,1789817108.994,1789817108.996,1789817108.996,1789817109.003,29.17
2026-09-19 16:55:09.100,onvif-e9b03eab-61a3-46bd-9f42-888fd59ddbc4,1789817109.083,1789817109.087,1789817109.090,1789817109.093,1789817109.093,1789817109.101,17.55
2026-09-19 16:55:09.175,onvif-e9b03eab-61a3-46bd-9f42-888fd59ddbc4,1789817109.141,1789817109.153,1789817109.157,1789817109.164,1789817109.164,1789817109.176,35.21
2026-09-19 16:55:09.252,onvif-e9b03eab-61a3-46bd-9f42-888fd59ddbc4,1789817109.241,1789817109.241,1789817109.244,1789817109.246,1789817109.246,1789817109.253,12.07
2026-09-19 16:55:09.330,onvif-e9b03eab-61a3-46bd-9f42-888fd59ddbc4,1789817109.309,1789817109.313,1789817109.317,1789817109.322,1789817109.322,1789817109.331,21.66
2026-09-19 16:55:09.423,onvif-e9b03eab-61a3-46bd-9f42-888fd59ddbc4,1789817109.401,1789817109.405,1789817109.410,1789817109.413,1789817109.413,1789817109.424,23.32
2026-09-19 16:55:09.503,onvif-e9b03eab-61a3-46bd-9f42-888fd59ddbc4,1789817109.480,1789817109.488,1789817109.491,1789817109.495,1789817109.495,1789817109.504,23.69
2026-09-19 16:55:09.615,onvif-e9b03eab-61a3-46bd-9f42-888fd59ddbc4,1789817109.597,1789817109.601,1789817109.605,1789817109.608,1789817109.609,1789817109.615,18.52
2026-09-19 16:55:09.692,onvif-e9b03eab-61a3-46bd-9f42-888fd59ddbc4,1789817109.654,1789817109.668,1789817109.673,1789817109.681,1789817109.681,1789817109.693,38.59
2026-09-19 16:55:09.727,onvif-e9b03eab-61a3-46bd-9f42-888fd59ddbc4,1789817109.681,1789817109.701,1789817109.705,1789817109.709,1789817109.709,1789817109.728,46.67
2026-09-19 16:55:09.795,onvif-e9b03eab-61a3-46bd-9f42-888fd59ddbc4,1789817109.753,1789817109.755,1789817109.759,1789817109.763,1789817109.763,1789817109.795,42.53
2026-09-19 16:55:09.839,onvif-e9b03eab-61a3-46bd-9f42-888fd59ddbc4,1789817109.818,1789817109.822,1789817109.827,1789817109.829,1789817109.830,1789817109.839,20.86
2026-09-19 16:55:09.939,onvif-e9b03eab-61a3-46bd-9f42-888fd59ddbc4,1789817109.920,1789817109.925,1789817109.928,1789817109.933,1789817109.933,1789817109.939,19.38
2026-09-19 16:55:10.013,onvif-e9b03eab-61a3-46bd-9f42-888fd59ddbc4,1789817109.987,1789817109.997,1789817110.002,1789817110.004,1789817110.004,1789817110.013,26.86
2026-09-19 16:55:10.096,onvif-e9b03eab-61a3-46bd-9f42-888fd59ddbc4,1789817110.076,1789817110.080,1789817110.084,1789817110.087,1789817110.087,1789817110.096,19.85
2026-09-19 16:55:10.189,onvif-e9b03eab-61a3-46bd-9f42-888fd59ddbc4,1789817110.169,1789817110.173,1789817110.177,1789817110.180,1789817110.180,1789817110.190,20.38
2026-09-19 16:55:10.281,onvif-e9b03eab-61a3-46bd-9f42-888fd59ddbc4,1789817110.257,1789817110.260,1789817110.265,1789817110.272,1789817110.272,1789817110.282,24.96
2026-09-19 16:55:10.353,onvif-e9b03eab-61a3-46bd-9f42-888fd59ddbc4,1789817110.335,1789817110.337,1789817110.340,1789817110.343,1789817110.343,1789817110.353,17.98
2026-09-19 16:55:10.467,onvif-e9b03eab-61a3-46bd-9f42-888fd59ddbc4,1789817110.441,1789817110.445,1789817110.449,1789817110.452,1789817110.452,1789817110.467,26.28
2026-09-19 16:55:10.526,onvif-e9b03eab-61a3-46bd-9f42-888fd59ddbc4,1789817110.492,1789817110.512,1789817110.516,1789817110.519,1789817110.519,1789817110.527,34.83
2026-09-19 16:55:10.598,onvif-e9b03eab-61a3-46bd-9f42-888fd59ddbc4,1789817110.570,1789817110.579,1789817110.585,1789817110.590,1789817110.590,1789817110.599,28.55
2026-09-19 16:55:10.655,onvif-e9b03eab-61a3-46bd-9f42-888fd59ddbc4,1789817110.638,1789817110.643,1789817110.647,1789817110.649,1789817110.650,1789817110.656,17.11
2026-09-19 16:55:10.748,onvif-e9b03eab-61a3-46bd-9f42-888fd59ddbc4,1789817110.732,1789817110.736,1789817110.739,1789817110.741,1789817110.741,1789817110.748,15.98
2026-09-19 16:55:10.851,onvif-e9b03eab-61a3-46bd-9f42-888fd59ddbc4,1789817110.826,1789817110.829,1789817110.832,1789817110.839,1789817110.839,1789817110.851,25.20
2026-09-19 16:55:10.917,onvif-e9b03eab-61a3-46bd-9f42-888fd59ddbc4,1789817110.899,1789817110.901,1789817110.905,1789817110.911,1789817110.911,1789817110.918,19.02
2026-09-19 16:55:10.999,onvif-e9b03eab-61a3-46bd-9f42-888fd59ddbc4,1789817110.973,1789817110.978,1789817110.984,1789817110.988,1789817110.988,1789817111.000,27.13
2026-09-19 16:55:11.092,onvif-e9b03eab-61a3-46bd-9f42-888fd59ddbc4,1789817111.073,1789817111.075,1789817111.078,1789817111.081,1789817111.081,1789817111.092,18.70
2026-09-19 16:55:11.167,onvif-e9b03eab-61a3-46bd-9f42-888fd59ddbc4,1789817111.140,1789817111.147,1789817111.151,1789817111.158,1789817111.158,1789817111.168,28.18
2026-09-19 16:55:11.257,onvif-e9b03eab-61a3-46bd-9f42-888fd59ddbc4,1789817111.240,1789817111.240,1789817111.244,1789817111.251,1789817111.251,1789817111.258,18.28
2026-09-19 16:55:11.347,onvif-e9b03eab-61a3-46bd-9f42-888fd59ddbc4,1789817111.307,1789817111.327,1789817111.334,1789817111.338,1789817111.339,1789817111.348,40.39
2026-09-19 16:55:11.430,onvif-e9b03eab-61a3-46bd-9f42-888fd59ddbc4,1789817111.406,1789817111.410,1789817111.414,1789817111.420,1789817111.420,1789817111.431,24.92
2026-09-19 16:55:11.501,onvif-e9b03eab-61a3-46bd-9f42-888fd59ddbc4,1789817111.479,1789817111.482,1789817111.486,1789817111.492,1789817111.492,1789817111.502,22.13
2026-09-19 16:55:11.596,onvif-e9b03eab-61a3-46bd-9f42-888fd59ddbc4,1789817111.578,1789817111.580,1789817111.584,1789817111.590,1789817111.590,1789817111.597,18.79
2026-09-19 16:55:11.686,onvif-e9b03eab-61a3-46bd-9f42-888fd59ddbc4,1789817111.662,1789817111.662,1789817111.666,1789817111.672,1789817111.672,1789817111.686,24.64
2026-09-19 16:55:11.755,onvif-e9b03eab-61a3-46bd-9f42-888fd59ddbc4,1789817111.739,1789817111.741,1789817111.745,1789817111.748,1789817111.748,1789817111.755,16.28
2026-09-19 16:55:11.830,onvif-e9b03eab-61a3-46bd-9f42-888fd59ddbc4,1789817111.808,1789817111.808,1789817111.815,1789817111.821,1789817111.821,1789817111.830,22.12
2026-09-19 16:55:11.937,onvif-e9b03eab-61a3-46bd-9f42-888fd59ddbc4,1789817111.915,1789817111.916,1789817111.920,1789817111.925,1789817111.925,1789817111.937,22.35
2026-09-19 16:55:12.007,onvif-e9b03eab-61a3-46bd-9f42-888fd59ddbc4,1789817111.971,1789817111.983,1789817111.989,1789817111.992,1789817111.992,1789817112.007,36.09
2026-09-19 16:55:12.106,onvif-e9b03eab-61a3-46bd-9f42-888fd59ddbc4,1789817112.079,1789817112.081,1789817112.087,1789817112.090,1789817112.090,1789817112.107,27.78
2026-09-19 16:55:12.177,onvif-e9b03eab-61a3-46bd-9f42-888fd59ddbc4,1789817112.147,1789817112.148,1789817112.151,1789817112.156,1789817112.156,1789817112.178,30.74
2026-09-19 16:55:12.270,onvif-e9b03eab-61a3-46bd-9f42-888fd59ddbc4,1789817112.248,1789817112.251,1789817112.255,1789817112.258,1789817112.258,1789817112.271,22.35
2026-09-19 16:55:12.332,onvif-e9b03eab-61a3-46bd-9f42-888fd59ddbc4,1789817112.304,1789817112.318,1789817112.323,1789817112.325,1789817112.325,1789817112.333,29.40
2026-09-19 16:55:12.426,onvif-e9b03eab-61a3-46bd-9f42-888fd59ddbc4,1789817112.408,1789817112.411,1789817112.415,1789817112.418,1789817112.418,1789817112.426,18.45
2026-09-19 16:55:12.500,onvif-e9b03eab-61a3-46bd-9f42-888fd59ddbc4,1789817112.479,1789817112.483,1789817112.486,1789817112.489,1789817112.490,1789817112.500,20.88
2026-09-19 16:55:12.589,onvif-e9b03eab-61a3-46bd-9f42-888fd59ddbc4,1789817112.573,1789817112.576,1789817112.579,1789817112.583,1789817112.583,1789817112.589,15.86
2026-09-19 16:55:12.673,onvif-e9b03eab-61a3-46bd-9f42-888fd59ddbc4,1789817112.643,1789817112.653,1789817112.658,1789817112.665,1789817112.665,1789817112.674,30.57
2026-09-19 16:55:12.769,onvif-e9b03eab-61a3-46bd-9f42-888fd59ddbc4,1789817112.746,1789817112.751,1789817112.755,1789817112.758,1789817112.758,1789817112.769,23.28
2026-09-19 16:55:12.831,onvif-e9b03eab-61a3-46bd-9f42-888fd59ddbc4,1789817112.810,1789817112.818,1789817112.822,1789817112.825,1789817112.825,1789817112.832,22.08
2026-09-19 16:55:12.924,onvif-e9b03eab-61a3-46bd-9f42-888fd59ddbc4,1789817112.907,1789817112.911,1789817112.915,1789817112.918,1789817112.918,1789817112.925,17.43
2026-09-19 16:55:13.006,onvif-e9b03eab-61a3-46bd-9f42-888fd59ddbc4,1789817112.986,1789817112.988,1789817112.992,1789817112.996,1789817112.996,1789817113.007,21.38
2026-09-19 16:55:13.095,onvif-e9b03eab-61a3-46bd-9f42-888fd59ddbc4,1789817113.078,1789817113.081,1789817113.085,1789817113.088,1789817113.088,1789817113.095,16.72
2026-09-19 16:55:13.170,onvif-e9b03eab-61a3-46bd-9f42-888fd59ddbc4,1789817113.142,1789817113.148,1789817113.154,1789817113.160,1789817113.160,1789817113.171,28.42
2026-09-19 16:55:13.266,onvif-e9b03eab-61a3-46bd-9f42-888fd59ddbc4,1789817113.247,1789817113.251,1789817113.255,1789817113.258,1789817113.258,1789817113.267,19.76
2026-09-19 16:55:13.339,onvif-e9b03eab-61a3-46bd-9f42-888fd59ddbc4,1789817113.322,1789817113.324,1789817113.328,1789817113.331,1789817113.331,1789817113.339,17.28
2026-09-19 16:55:13.426,onvif-e9b03eab-61a3-46bd-9f42-888fd59ddbc4,1789817113.410,1789817113.411,1789817113.415,1789817113.419,1789817113.419,1789817113.427,17.11
2026-09-19 16:55:13.496,onvif-e9b03eab-61a3-46bd-9f42-888fd59ddbc4,1789817113.472,1789817113.478,1789817113.481,1789817113.486,1789817113.486,1789817113.496,24.40
2026-09-19 16:55:13.585,onvif-e9b03eab-61a3-46bd-9f42-888fd59ddbc4,1789817113.567,1789817113.571,1789817113.574,1789817113.580,1789817113.580,1789817113.586,18.64
2026-09-19 16:55:13.684,onvif-e9b03eab-61a3-46bd-9f42-888fd59ddbc4,1789817113.665,1789817113.669,1789817113.672,1789817113.678,1789817113.678,1789817113.685,20.13
2026-09-19 16:55:13.762,onvif-e9b03eab-61a3-46bd-9f42-888fd59ddbc4,1789817113.743,1789817113.746,1789817113.751,1789817113.754,1789817113.754,1789817113.763,19.34
2026-09-19 16:55:13.831,onvif-e9b03eab-61a3-46bd-9f42-888fd59ddbc4,1789817113.807,1789817113.813,1789817113.818,1789817113.822,1789817113.822,1789817113.832,24.34
2026-09-19 16:55:13.928,onvif-e9b03eab-61a3-46bd-9f42-888fd59ddbc4,1789817113.907,1789817113.911,1789817113.915,1789817113.920,1789817113.920,1789817113.928,21.95
2026-09-19 16:55:13.998,onvif-e9b03eab-61a3-46bd-9f42-888fd59ddbc4,1789817113.966,1789817113.978,1789817113.982,1789817113.987,1789817113.987,1789817113.999,33.03
2026-09-19 16:55:14.089,onvif-e9b03eab-61a3-46bd-9f42-888fd59ddbc4,1789817114.068,1789817114.071,1789817114.075,1789817114.080,1789817114.080,1789817114.090,22.45
2026-09-19 16:55:14.151,onvif-e9b03eab-61a3-46bd-9f42-888fd59ddbc4,1789817114.126,1789817114.130,1789817114.133,1789817114.140,1789817114.140,1789817114.152,25.85
2026-09-19 16:55:14.219,onvif-e9b03eab-61a3-46bd-9f42-888fd59ddbc4,1789817114.199,1789817114.202,1789817114.206,1789817114.212,1789817114.212,1789817114.219,20.14
2026-09-19 16:55:14.293,onvif-e9b03eab-61a3-46bd-9f42-888fd59ddbc4,1789817114.273,1789817114.274,1789817114.281,1789817114.284,1789817114.284,1789817114.293,20.06
2026-09-19 16:55:14.366,onvif-e9b03eab-61a3-46bd-9f42-888fd59ddbc4,1789817114.341,1789817114.346,1789817114.349,1789817114.356,1789817114.356,1789817114.366,24.76
2026-09-19 16:55:14.426,onvif-e9b03eab-61a3-46bd-9f42-888fd59ddbc4,1789817114.412,1789817114.415,1789817114.419,1789817114.420,1789817114.420,1789817114.427,15.09
2026-09-19 16:55:14.501,onvif-e9b03eab-61a3-46bd-9f42-888fd59ddbc4,1789817114.473,1789817114.482,1789817114.489,1789817114.492,1789817114.492,1789817114.502,28.82
2026-09-19 16:55:14.593,onvif-e9b03eab-61a3-46bd-9f42-888fd59ddbc4,1789817114.573,1789817114.575,1789817114.578,1789817114.584,1789817114.584,1789817114.593,20.35
2026-09-19 16:55:14.658,onvif-e9b03eab-61a3-46bd-9f42-888fd59ddbc4,1789817114.641,1789817114.642,1789817114.647,1789817114.651,1789817114.651,1789817114.659,18.13
2026-09-19 16:55:14.754,onvif-e9b03eab-61a3-46bd-9f42-888fd59ddbc4,1789817114.737,1789817114.739,1789817114.743,1789817114.748,1789817114.748,1789817114.754,17.82
2026-09-19 16:55:14.830,onvif-e9b03eab-61a3-46bd-9f42-888fd59ddbc4,1789817114.809,1789817114.811,1789817114.818,1789817114.820,1789817114.820,1789817114.830,21.44
2026-09-19 16:55:14.934,onvif-e9b03eab-61a3-46bd-9f42-888fd59ddbc4,1789817114.912,1789817114.915,1789817114.918,1789817114.924,1789817114.924,1789817114.935,22.29
2026-09-19 16:55:15.001,onvif-e9b03eab-61a3-46bd-9f42-888fd59ddbc4,1789817114.973,1789817114.982,1789817114.986,1789817114.992,1789817114.992,1789817115.002,28.24
2026-09-19 16:55:15.086,onvif-e9b03eab-61a3-46bd-9f42-888fd59ddbc4,1789817115.066,1789817115.069,1789817115.073,1789817115.079,1789817115.079,1789817115.087,20.36
2026-09-19 16:55:15.168,onvif-e9b03eab-61a3-46bd-9f42-888fd59ddbc4,1789817115.140,1789817115.147,1789817115.150,1789817115.156,1789817115.156,1789817115.168,28.01
2026-09-19 16:55:15.255,onvif-e9b03eab-61a3-46bd-9f42-888fd59ddbc4,1789817115.236,1789817115.239,1789817115.243,1789817115.249,1789817115.249,1789817115.256,19.10
2026-09-19 16:55:15.326,onvif-e9b03eab-61a3-46bd-9f42-888fd59ddbc4,1789817115.302,1789817115.306,1789817115.312,1789817115.315,1789817115.315,1789817115.327,24.65
2026-09-19 16:55:15.425,onvif-e9b03eab-61a3-46bd-9f42-888fd59ddbc4,1789817115.401,1789817115.404,1789817115.408,1789817115.413,1789817115.413,1789817115.425,24.29
2026-09-19 16:55:15.493,onvif-e9b03eab-61a3-46bd-9f42-888fd59ddbc4,1789817115.471,1789817115.476,1789817115.480,1789817115.485,1789817115.485,1789817115.493,22.07
2026-09-19 16:55:15.594,onvif-e9b03eab-61a3-46bd-9f42-888fd59ddbc4,1789817115.572,1789817115.574,1789817115.579,1789817115.583,1789817115.583,1789817115.595,22.58
2026-09-19 16:55:15.675,onvif-e9b03eab-61a3-46bd-9f42-888fd59ddbc4,1789817115.647,1789817115.651,1789817115.656,1789817115.660,1789817115.660,1789817115.675,28.35
2026-09-19 16:55:15.760,onvif-e9b03eab-61a3-46bd-9f42-888fd59ddbc4,1789817115.740,1789817115.744,1789817115.748,1789817115.753,1789817115.753,1789817115.761,20.26
2026-09-19 16:55:15.830,onvif-e9b03eab-61a3-46bd-9f42-888fd59ddbc4,1789817115.801,1789817115.811,1789817115.817,1789817115.820,1789817115.820,1789817115.831,29.62
2026-09-19 16:55:15.922,onvif-e9b03eab-61a3-46bd-9f42-888fd59ddbc4,1789817115.902,1789817115.904,1789817115.907,1789817115.912,1789817115.912,1789817115.923,21.27
2026-09-19 16:55:15.993,onvif-e9b03eab-61a3-46bd-9f42-888fd59ddbc4,1789817115.973,1789817115.976,1789817115.980,1789817115.984,1789817115.984,1789817115.993,20.23
2026-09-19 16:55:16.088,onvif-e9b03eab-61a3-46bd-9f42-888fd59ddbc4,1789817116.073,1789817116.074,1789817116.078,1789817116.082,1789817116.082,1789817116.089,15.51
2026-09-19 16:55:16.162,onvif-e9b03eab-61a3-46bd-9f42-888fd59ddbc4,1789817116.139,1789817116.141,1789817116.145,1789817116.149,1789817116.149,1789817116.163,24.05
2026-09-19 16:55:16.269,onvif-e9b03eab-61a3-46bd-9f42-888fd59ddbc4,1789817116.246,1789817116.249,1789817116.253,1789817116.257,1789817116.257,1789817116.269,23.20
2026-09-19 16:55:16.334,onvif-e9b03eab-61a3-46bd-9f42-888fd59ddbc4,1789817116.314,1789817116.316,1789817116.321,1789817116.324,1789817116.324,1789817116.335,21.13
2026-09-19 16:55:16.425,onvif-e9b03eab-61a3-46bd-9f42-888fd59ddbc4,1789817116.406,1789817116.409,1789817116.413,1789817116.417,1789817116.417,1789817116.425,19.16
2026-09-19 16:55:16.495,onvif-e9b03eab-61a3-46bd-9f42-888fd59ddbc4,1789817116.473,1789817116.476,1789817116.479,1789817116.483,1789817116.483,1789817116.495,21.88
2026-09-19 16:55:16.605,onvif-e9b03eab-61a3-46bd-9f42-888fd59ddbc4,1789817116.580,1789817116.584,1789817116.587,1789817116.593,1789817116.593,1789817116.605,24.61
2026-09-19 16:55:16.668,onvif-e9b03eab-61a3-46bd-9f42-888fd59ddbc4,1789817116.647,1789817116.651,1789817116.655,1789817116.659,1789817116.659,1789817116.668,20.83
2026-09-19 16:55:16.755,onvif-e9b03eab-61a3-46bd-9f42-888fd59ddbc4,1789817116.734,1789817116.739,1789817116.743,1789817116.748,1789817116.748,1789817116.755,21.00
2026-09-19 16:55:16.839,onvif-e9b03eab-61a3-46bd-9f42-888fd59ddbc4,1789817116.806,1789817116.821,1789817116.827,1789817116.830,1789817116.830,1789817116.840,33.71
2026-09-19 16:55:16.945,onvif-e9b03eab-61a3-46bd-9f42-888fd59ddbc4,1789817116.920,1789817116.924,1789817116.928,1789817116.934,1789817116.934,1789817116.945,24.97
2026-09-19 16:55:17.009,onvif-e9b03eab-61a3-46bd-9f42-888fd59ddbc4,1789817116.982,1789817116.991,1789817116.996,1789817117.002,1789817117.002,1789817117.009,27.27
2026-09-19 16:55:17.092,onvif-e9b03eab-61a3-46bd-9f42-888fd59ddbc4,1789817117.070,1789817117.073,1789817117.078,1789817117.085,1789817117.085,1789817117.092,22.00
2026-09-19 16:55:17.185,onvif-e9b03eab-61a3-46bd-9f42-888fd59ddbc4,1789817117.163,1789817117.166,1789817117.170,1789817117.173,1789817117.173,1789817117.186,22.15
2026-09-19 16:55:17.237,onvif-e9b03eab-61a3-46bd-9f42-888fd59ddbc4,1789817117.215,1789817117.220,1789817117.225,1789817117.228,1789817117.228,1789817117.237,22.12
2026-09-19 16:55:17.308,onvif-e9b03eab-61a3-46bd-9f42-888fd59ddbc4,1789817117.269,1789817117.287,1789817117.290,1789817117.294,1789817117.294,1789817117.308,39.13
2026-09-19 16:55:17.376,onvif-e9b03eab-61a3-46bd-9f42-888fd59ddbc4,1789817117.335,1789817117.354,1789817117.359,1789817117.366,1789817117.366,1789817117.377,41.36
2026-09-19 16:55:17.434,onvif-e9b03eab-61a3-46bd-9f42-888fd59ddbc4,1789817117.408,1789817117.413,1789817117.418,1789817117.420,1789817117.421,1789817117.435,26.55
2026-09-19 16:55:17.494,onvif-e9b03eab-61a3-46bd-9f42-888fd59ddbc4,1789817117.469,1789817117.480,1789817117.484,1789817117.487,1789817117.487,1789817117.494,25.43
2026-09-19 16:55:17.599,onvif-e9b03eab-61a3-46bd-9f42-888fd59ddbc4,1789817117.575,1789817117.579,1789817117.582,1789817117.586,1789817117.586,1789817117.599,23.94
2026-09-19 16:55:17.664,onvif-e9b03eab-61a3-46bd-9f42-888fd59ddbc4,1789817117.648,1789817117.651,1789817117.654,1789817117.657,1789817117.657,1789817117.664,15.63
2026-09-19 16:55:17.755,onvif-e9b03eab-61a3-46bd-9f42-888fd59ddbc4,1789817117.733,1789817117.738,1789817117.742,1789817117.745,1789817117.745,1789817117.755,22.13
2026-09-19 16:55:17.840,onvif-e9b03eab-61a3-46bd-9f42-888fd59ddbc4,1789817117.817,1789817117.821,1789817117.824,1789817117.828,1789817117.828,1789817117.841,24.15
2026-09-19 16:55:17.916,onvif-e9b03eab-61a3-46bd-9f42-888fd59ddbc4,1789817117.899,1789817117.903,1789817117.908,1789817117.910,1789817117.910,1789817117.917,17.56
2026-09-19 16:55:17.990,onvif-e9b03eab-61a3-46bd-9f42-888fd59ddbc4,1789817117.968,1789817117.970,1789817117.977,1789817117.981,1789817117.981,1789817117.991,22.81
2026-09-19 16:55:18.097,onvif-e9b03eab-61a3-46bd-9f42-888fd59ddbc4,1789817118.074,1789817118.078,1789817118.083,1789817118.085,1789817118.085,1789817118.097,23.21
2026-09-19 16:55:18.159,onvif-e9b03eab-61a3-46bd-9f42-888fd59ddbc4,1789817118.129,1789817118.145,1789817118.150,1789817118.152,1789817118.152,1789817118.160,30.73
2026-09-19 16:55:18.252,onvif-e9b03eab-61a3-46bd-9f42-888fd59ddbc4,1789817118.235,1789817118.238,1789817118.243,1789817118.245,1789817118.245,1789817118.253,17.43
2026-09-19 16:55:18.339,onvif-e9b03eab-61a3-46bd-9f42-888fd59ddbc4,1789817118.315,1789817118.320,1789817118.324,1789817118.328,1789817118.328,1789817118.339,24.00
2026-09-19 16:55:18.427,onvif-e9b03eab-61a3-46bd-9f42-888fd59ddbc4,1789817118.408,1789817118.413,1789817118.417,1789817118.420,1789817118.420,1789817118.427,19.19
2026-09-19 16:55:18.501,onvif-e9b03eab-61a3-46bd-9f42-888fd59ddbc4,1789817118.473,1789817118.480,1789817118.485,1789817118.492,1789817118.492,1789817118.501,28.23
2026-09-19 16:55:18.591,onvif-e9b03eab-61a3-46bd-9f42-888fd59ddbc4,1789817118.572,1789817118.573,1789817118.576,1789817118.580,1789817118.580,1789817118.592,19.13
2026-09-19 16:55:18.659,onvif-e9b03eab-61a3-46bd-9f42-888fd59ddbc4,1789817118.642,1789817118.645,1789817118.648,1789817118.652,1789817118.652,1789817118.660,17.83
2026-09-19 16:55:18.762,onvif-e9b03eab-61a3-46bd-9f42-888fd59ddbc4,1789817118.746,1789817118.748,1789817118.752,1789817118.755,1789817118.755,1789817118.763,16.46
2026-09-19 16:55:18.851,onvif-e9b03eab-61a3-46bd-9f42-888fd59ddbc4,1789817118.826,1789817118.831,1789817118.834,1789817118.838,1789817118.838,1789817118.851,25.39
2026-09-19 16:55:18.918,onvif-e9b03eab-61a3-46bd-9f42-888fd59ddbc4,1789817118.898,1789817118.903,1789817118.906,1789817118.911,1789817118.911,1789817118.918,20.43
2026-09-19 16:55:19.000,onvif-e9b03eab-61a3-46bd-9f42-888fd59ddbc4,1789817118.965,1789817118.980,1789817118.985,1789817118.988,1789817118.988,1789817119.001,36.00
2026-09-19 16:55:19.089,onvif-e9b03eab-61a3-46bd-9f42-888fd59ddbc4,1789817119.073,1789817119.073,1789817119.076,1789817119.080,1789817119.080,1789817119.090,17.33
2026-09-19 16:55:19.165,onvif-e9b03eab-61a3-46bd-9f42-888fd59ddbc4,1789817119.146,1789817119.150,1789817119.154,1789817119.158,1789817119.159,1789817119.165,19.50
2026-09-19 16:55:19.283,onvif-e9b03eab-61a3-46bd-9f42-888fd59ddbc4,1789817119.259,1789817119.264,1789817119.267,1789817119.272,1789817119.272,1789817119.284,24.97
2026-09-19 16:55:19.349,onvif-e9b03eab-61a3-46bd-9f42-888fd59ddbc4,1789817119.314,1789817119.330,1789817119.335,1789817119.339,1789817119.339,1789817119.349,35.08
2026-09-19 16:55:19.401,onvif-e9b03eab-61a3-46bd-9f42-888fd59ddbc4,1789817119.348,1789817119.364,1789817119.370,1789817119.373,1789817119.373,1789817119.402,53.47
2026-09-19 16:55:19.463,onvif-e9b03eab-61a3-46bd-9f42-888fd59ddbc4,1789817119.413,1789817119.413,1789817119.418,1789817119.422,1789817119.422,1789817119.463,50.76
2026-09-19 16:55:19.504,onvif-e9b03eab-61a3-46bd-9f42-888fd59ddbc4,1789817119.482,1789817119.485,1789817119.491,1789817119.494,1789817119.494,1789817119.504,22.30
2026-09-19 16:55:19.604,onvif-e9b03eab-61a3-46bd-9f42-888fd59ddbc4,1789817119.580,1789817119.583,1789817119.586,1789817119.592,1789817119.592,1789817119.605,25.26
2026-09-19 16:55:19.673,onvif-e9b03eab-61a3-46bd-9f42-888fd59ddbc4,1789817119.654,1789817119.655,1789817119.659,1789817119.665,1789817119.665,1789817119.673,19.60
2026-09-19 16:55:19.777,onvif-e9b03eab-61a3-46bd-9f42-888fd59ddbc4,1789817119.748,1789817119.753,1789817119.757,1789817119.763,1789817119.763,1789817119.777,29.04
2026-09-19 16:55:19.858,onvif-e9b03eab-61a3-46bd-9f42-888fd59ddbc4,1789817119.822,1789817119.825,1789817119.831,1789817119.835,1789817119.835,1789817119.859,36.25
2026-09-19 16:55:19.958,onvif-e9b03eab-61a3-46bd-9f42-888fd59ddbc4,1789817119.934,1789817119.938,1789817119.941,1789817119.944,1789817119.944,1789817119.959,24.67
2026-09-19 16:55:20.009,onvif-e9b03eab-61a3-46bd-9f42-888fd59ddbc4,1789817119.985,1789817119.987,1789817119.993,1789817119.999,1789817119.999,1789817120.009,24.29
2026-09-19 16:55:20.124,onvif-e9b03eab-61a3-46bd-9f42-888fd59ddbc4,1789817120.103,1789817120.105,1789817120.108,1789817120.113,1789817120.113,1789817120.125,22.00
2026-09-19 16:55:20.181,onvif-e9b03eab-61a3-46bd-9f42-888fd59ddbc4,1789817120.161,1789817120.164,1789817120.169,1789817120.172,1789817120.173,1789817120.181,19.99
2026-09-19 16:55:20.263,onvif-e9b03eab-61a3-46bd-9f42-888fd59ddbc4,1789817120.240,1789817120.242,1789817120.245,1789817120.249,1789817120.249,1789817120.263,23.24
2026-09-19 16:55:20.324,onvif-e9b03eab-61a3-46bd-9f42-888fd59ddbc4,1789817120.293,1789817120.308,1789817120.312,1789817120.316,1789817120.316,1789817120.325,31.35
2026-09-19 16:55:20.424,onvif-e9b03eab-61a3-46bd-9f42-888fd59ddbc4,1789817120.408,1789817120.411,1789817120.415,1789817120.418,1789817120.418,1789817120.424,16.50
2026-09-19 16:55:20.490,onvif-e9b03eab-61a3-46bd-9f42-888fd59ddbc4,1789817120.469,1789817120.471,1789817120.474,1789817120.477,1789817120.477,1789817120.491,21.53
2026-09-19 16:55:20.567,onvif-e9b03eab-61a3-46bd-9f42-888fd59ddbc4,1789817120.524,1789817120.553,1789817120.557,1789817120.560,1789817120.560,1789817120.567,43.52
2026-09-19 16:55:20.640,onvif-e9b03eab-61a3-46bd-9f42-888fd59ddbc4,1789817120.606,1789817120.620,1789817120.625,1789817120.632,1789817120.632,1789817120.640,33.73
2026-09-19 16:55:20.699,onvif-e9b03eab-61a3-46bd-9f42-888fd59ddbc4,1789817120.668,1789817120.687,1789817120.690,1789817120.692,1789817120.692,1789817120.699,31.42
2026-09-19 16:55:20.760,onvif-e9b03eab-61a3-46bd-9f42-888fd59ddbc4,1789817120.741,1789817120.746,1789817120.750,1789817120.752,1789817120.752,1789817120.761,19.86
2026-09-19 16:55:20.854,onvif-e9b03eab-61a3-46bd-9f42-888fd59ddbc4,1789817120.839,1789817120.839,1789817120.842,1789817120.845,1789817120.845,1789817120.854,15.39
2026-09-19 16:55:20.927,onvif-e9b03eab-61a3-46bd-9f42-888fd59ddbc4,1789817120.902,1789817120.906,1789817120.911,1789817120.917,1789817120.917,1789817120.927,25.23
2026-09-19 16:55:20.995,onvif-e9b03eab-61a3-46bd-9f42-888fd59ddbc4,1789817120.968,1789817120.978,1789817120.982,1789817120.985,1789817120.985,1789817120.995,26.73
2026-09-19 16:55:21.099,onvif-e9b03eab-61a3-46bd-9f42-888fd59ddbc4,1789817121.076,1789817121.081,1789817121.085,1789817121.089,1789817121.089,1789817121.099,22.83
2026-09-19 16:55:21.167,onvif-e9b03eab-61a3-46bd-9f42-888fd59ddbc4,1789817121.139,1789817121.148,1789817121.153,1789817121.156,1789817121.156,1789817121.167,28.45
2026-09-19 16:55:21.259,onvif-e9b03eab-61a3-46bd-9f42-888fd59ddbc4,1789817121.233,1789817121.236,1789817121.243,1789817121.250,1789817121.250,1789817121.259,26.26
2026-09-19 16:55:21.332,onvif-e9b03eab-61a3-46bd-9f42-888fd59ddbc4,1789817121.308,1789817121.313,1789817121.316,1789817121.322,1789817121.322,1789817121.333,24.63
2026-09-19 16:55:21.423,onvif-e9b03eab-61a3-46bd-9f42-888fd59ddbc4,1789817121.401,1789817121.405,1789817121.409,1789817121.416,1789817121.416,1789817121.423,22.25
2026-09-19 16:55:21.506,onvif-e9b03eab-61a3-46bd-9f42-888fd59ddbc4,1789817121.484,1789817121.488,1789817121.492,1789817121.499,1789817121.499,1789817121.507,23.14
2026-09-19 16:55:21.598,onvif-e9b03eab-61a3-46bd-9f42-888fd59ddbc4,1789817121.579,1789817121.580,1789817121.583,1789817121.586,1789817121.586,1789817121.598,18.91
2026-09-19 16:55:21.672,onvif-e9b03eab-61a3-46bd-9f42-888fd59ddbc4,1789817121.654,1789817121.657,1789817121.661,1789817121.664,1789817121.664,1789817121.673,19.15
2026-09-19 16:55:21.755,onvif-e9b03eab-61a3-46bd-9f42-888fd59ddbc4,1789817121.739,1789817121.740,1789817121.744,1789817121.746,1789817121.746,1789817121.756,16.68
2026-09-19 16:55:21.828,onvif-e9b03eab-61a3-46bd-9f42-888fd59ddbc4,1789817121.805,1789817121.807,1789817121.810,1789817121.817,1789817121.817,1789817121.829,23.88
2026-09-19 16:55:21.936,onvif-e9b03eab-61a3-46bd-9f42-888fd59ddbc4,1789817121.912,1789817121.915,1789817121.919,1789817121.926,1789817121.926,1789817121.937,25.08
2026-09-19 16:55:22.007,onvif-e9b03eab-61a3-46bd-9f42-888fd59ddbc4,1789817121.986,1789817121.988,1789817121.992,1789817121.998,1789817121.998,1789817122.007,21.30
2026-09-19 16:55:22.090,onvif-e9b03eab-61a3-46bd-9f42-888fd59ddbc4,1789817122.068,1789817122.070,1789817122.075,1789817122.080,1789817122.080,1789817122.091,22.33
2026-09-19 16:55:22.158,onvif-e9b03eab-61a3-46bd-9f42-888fd59ddbc4,1789817122.136,1789817122.137,1789817122.141,1789817122.146,1789817122.146,1789817122.159,22.72
2026-09-19 16:55:22.209,onvif-e9b03eab-61a3-46bd-9f42-888fd59ddbc4,1789817122.189,1789817122.191,1789817122.195,1789817122.201,1789817122.201,1789817122.209,19.91
2026-09-19 16:55:22.271,onvif-e9b03eab-61a3-46bd-9f42-888fd59ddbc4,1789817122.248,1789817122.250,1789817122.253,1789817122.260,1789817122.260,1789817122.271,22.81
2026-09-19 16:55:22.340,onvif-e9b03eab-61a3-46bd-9f42-888fd59ddbc4,1789817122.319,1789817122.322,1789817122.326,1789817122.332,1789817122.332,1789817122.341,21.33
2026-09-19 16:55:22.436,onvif-e9b03eab-61a3-46bd-9f42-888fd59ddbc4,1789817122.416,1789817122.420,1789817122.424,1789817122.430,1789817122.430,1789817122.437,20.47
2026-09-19 16:55:22.509,onvif-e9b03eab-61a3-46bd-9f42-888fd59ddbc4,1789817122.487,1789817122.487,1789817122.491,1789817122.496,1789817122.496,1789817122.510,23.23
2026-09-19 16:55:22.595,onvif-e9b03eab-61a3-46bd-9f42-888fd59ddbc4,1789817122.575,1789817122.579,1789817122.584,1789817122.588,1789817122.588,1789817122.595,20.10
2026-09-19 16:55:22.667,onvif-e9b03eab-61a3-46bd-9f42-888fd59ddbc4,1789817122.633,1789817122.646,1789817122.651,1789817122.655,1789817122.655,1789817122.667,34.13
2026-09-19 16:55:22.759,onvif-e9b03eab-61a3-46bd-9f42-888fd59ddbc4,1789817122.739,1789817122.739,1789817122.743,1789817122.748,1789817122.748,1789817122.760,20.26
2026-09-19 16:55:22.831,onvif-e9b03eab-61a3-46bd-9f42-888fd59ddbc4,1789817122.816,1789817122.817,1789817122.820,1789817122.824,1789817122.824,1789817122.832,15.81
2026-09-19 16:55:22.931,onvif-e9b03eab-61a3-46bd-9f42-888fd59ddbc4,1789817122.912,1789817122.914,1789817122.918,1789817122.922,1789817122.922,1789817122.932,19.85
2026-09-19 16:55:23.001,onvif-e9b03eab-61a3-46bd-9f42-888fd59ddbc4,1789817122.974,1789817122.981,1789817122.985,1789817122.989,1789817122.989,1789817123.001,26.72
2026-09-19 16:55:23.069,onvif-e9b03eab-61a3-46bd-9f42-888fd59ddbc4,1789817123.035,1789817123.036,1789817123.042,1789817123.048,1789817123.048,1789817123.069,33.80
2026-09-19 16:55:23.169,onvif-e9b03eab-61a3-46bd-9f42-888fd59ddbc4,1789817123.087,1789817123.090,1789817123.095,1789817123.099,1789817123.099,1789817123.169,82.13
2026-09-19 16:55:23.178,onvif-e9b03eab-61a3-46bd-9f42-888fd59ddbc4,1789817123.135,1789817123.141,1789817123.154,1789817123.160,1789817123.160,1789817123.178,43.03
2026-09-19 16:55:23.238,onvif-e9b03eab-61a3-46bd-9f42-888fd59ddbc4,1789817123.212,1789817123.213,1789817123.217,1789817123.222,1789817123.222,1789817123.238,26.61
2026-09-19 16:55:23.302,onvif-e9b03eab-61a3-46bd-9f42-888fd59ddbc4,1789817123.271,1789817123.281,1789817123.286,1789817123.291,1789817123.291,1789817123.303,31.88
2026-09-19 16:55:23.373,onvif-e9b03eab-61a3-46bd-9f42-888fd59ddbc4,1789817123.339,1789817123.347,1789817123.354,1789817123.358,1789817123.358,1789817123.373,33.89
2026-09-19 16:55:23.426,onvif-e9b03eab-61a3-46bd-9f42-888fd59ddbc4,1789817123.408,1789817123.412,1789817123.415,1789817123.419,1789817123.419,1789817123.427,19.07
2026-09-19 16:55:23.511,onvif-e9b03eab-61a3-46bd-9f42-888fd59ddbc4,1789817123.488,1789817123.489,1789817123.496,1789817123.501,1789817123.501,1789817123.511,23.11
2026-09-19 16:55:23.591,onvif-e9b03eab-61a3-46bd-9f42-888fd59ddbc4,1789817123.573,1789817123.574,1789817123.578,1789817123.581,1789817123.581,1789817123.592,18.94
2026-09-19 16:55:23.655,onvif-e9b03eab-61a3-46bd-9f42-888fd59ddbc4,1789817123.610,1789817123.641,1789817123.646,1789817123.649,1789817123.649,1789817123.656,46.45
2026-09-19 16:55:23.728,onvif-e9b03eab-61a3-46bd-9f42-888fd59ddbc4,1789817123.679,1789817123.708,1789817123.711,1789817123.715,1789817123.715,1789817123.729,49.93
2026-09-19 16:55:23.789,onvif-e9b03eab-61a3-46bd-9f42-888fd59ddbc4,1789817123.773,1789817123.775,1789817123.778,1789817123.781,1789817123.781,1789817123.789,16.08
2026-09-19 16:55:23.877,onvif-e9b03eab-61a3-46bd-9f42-888fd59ddbc4,1789817123.856,1789817123.857,1789817123.862,1789817123.869,1789817123.869,1789817123.878,21.88
2026-09-19 16:55:23.963,onvif-e9b03eab-61a3-46bd-9f42-888fd59ddbc4,1789817123.940,1789817123.945,1789817123.947,1789817123.950,1789817123.950,1789817123.963,22.92
2026-09-19 16:55:24.030,onvif-e9b03eab-61a3-46bd-9f42-888fd59ddbc4,1789817124.003,1789817124.012,1789817124.016,1789817124.022,1789817124.022,1789817124.031,27.57
2026-09-19 16:55:24.093,onvif-e9b03eab-61a3-46bd-9f42-888fd59ddbc4,1789817124.071,1789817124.076,1789817124.080,1789817124.082,1789817124.082,1789817124.094,22.55
2026-09-19 16:55:24.161,onvif-e9b03eab-61a3-46bd-9f42-888fd59ddbc4,1789817124.145,1789817124.148,1789817124.151,1789817124.154,1789817124.154,1789817124.161,16.59
2026-09-19 16:55:24.258,onvif-e9b03eab-61a3-46bd-9f42-888fd59ddbc4,1789817124.243,1789817124.246,1789817124.250,1789817124.251,1789817124.251,1789817124.258,15.37
2026-09-19 16:55:24.334,onvif-e9b03eab-61a3-46bd-9f42-888fd59ddbc4,1789817124.306,1789817124.313,1789817124.317,1789817124.322,1789817124.322,1789817124.335,29.03
2026-09-19 16:55:24.427,onvif-e9b03eab-61a3-46bd-9f42-888fd59ddbc4,1789817124.407,1789817124.411,1789817124.414,1789817124.421,1789817124.421,1789817124.427,19.98
2026-09-19 16:55:24.499,onvif-e9b03eab-61a3-46bd-9f42-888fd59ddbc4,1789817124.473,1789817124.478,1789817124.484,1789817124.487,1789817124.487,1789817124.499,26.17
2026-09-19 16:55:24.603,onvif-e9b03eab-61a3-46bd-9f42-888fd59ddbc4,1789817124.573,1789817124.575,1789817124.579,1789817124.585,1789817124.585,1789817124.604,30.60
2026-09-19 16:55:24.674,onvif-e9b03eab-61a3-46bd-9f42-888fd59ddbc4,1789817124.632,1789817124.642,1789817124.646,1789817124.654,1789817124.654,1789817124.675,42.67
2026-09-19 16:55:24.764,onvif-e9b03eab-61a3-46bd-9f42-888fd59ddbc4,1789817124.741,1789817124.745,1789817124.749,1789817124.752,1789817124.752,1789817124.765,23.68
2026-09-19 16:55:24.825,onvif-e9b03eab-61a3-46bd-9f42-888fd59ddbc4,1789817124.807,1789817124.812,1789817124.816,1789817124.818,1789817124.818,1789817124.826,19.20
2026-09-19 16:55:24.917,onvif-e9b03eab-61a3-46bd-9f42-888fd59ddbc4,1789817124.899,1789817124.900,1789817124.903,1789817124.905,1789817124.905,1789817124.918,18.59
2026-09-19 16:55:24.993,onvif-e9b03eab-61a3-46bd-9f42-888fd59ddbc4,1789817124.974,1789817124.977,1789817124.981,1789817124.987,1789817124.987,1789817124.994,20.17
2026-09-19 16:55:25.116,onvif-e9b03eab-61a3-46bd-9f42-888fd59ddbc4,1789817125.092,1789817125.095,1789817125.099,1789817125.106,1789817125.106,1789817125.116,24.29
2026-09-19 16:55:25.172,onvif-e9b03eab-61a3-46bd-9f42-888fd59ddbc4,1789817125.149,1789817125.149,1789817125.153,1789817125.159,1789817125.159,1789817125.172,23.79
2026-09-19 16:55:25.253,onvif-e9b03eab-61a3-46bd-9f42-888fd59ddbc4,1789817125.234,1789817125.237,1789817125.240,1789817125.247,1789817125.247,1789817125.254,19.91
2026-09-19 16:55:25.324,onvif-e9b03eab-61a3-46bd-9f42-888fd59ddbc4,1789817125.298,1789817125.304,1789817125.310,1789817125.314,1789817125.314,1789817125.325,27.24
2026-09-19 16:55:25.435,onvif-e9b03eab-61a3-46bd-9f42-888fd59ddbc4,1789817125.414,1789817125.417,1789817125.420,1789817125.423,1789817125.423,1789817125.436,22.22
2026-09-19 16:55:25.506,onvif-e9b03eab-61a3-46bd-9f42-888fd59ddbc4,1789817125.485,1789817125.494,1789817125.498,1789817125.500,1789817125.500,1789817125.507,21.65
2026-09-19 16:55:25.595,onvif-e9b03eab-61a3-46bd-9f42-888fd59ddbc4,1789817125.577,1789817125.582,1789817125.586,1789817125.588,1789817125.588,1789817125.595,18.41
2026-09-19 16:55:25.670,onvif-e9b03eab-61a3-46bd-9f42-888fd59ddbc4,1789817125.632,1789817125.649,1789817125.652,1789817125.659,1789817125.659,1789817125.671,39.37
2026-09-19 16:55:25.753,onvif-e9b03eab-61a3-46bd-9f42-888fd59ddbc4,1789817125.737,1789817125.741,1789817125.744,1789817125.747,1789817125.747,1789817125.753,16.50
2026-09-19 16:55:25.828,onvif-e9b03eab-61a3-46bd-9f42-888fd59ddbc4,1789817125.802,1789817125.808,1789817125.815,1789817125.819,1789817125.819,1789817125.829,26.97
2026-09-19 16:55:25.936,onvif-e9b03eab-61a3-46bd-9f42-888fd59ddbc4,1789817125.915,1789817125.916,1789817125.920,1789817125.923,1789817125.923,1789817125.936,21.55
2026-09-19 16:55:26.002,onvif-e9b03eab-61a3-46bd-9f42-888fd59ddbc4,1789817125.976,1789817125.983,1789817125.987,1789817125.994,1789817125.994,1789817126.003,26.35
2026-09-19 16:55:26.090,onvif-e9b03eab-61a3-46bd-9f42-888fd59ddbc4,1789817126.070,1789817126.070,1789817126.075,1789817126.081,1789817126.082,1789817126.090,20.04
2026-09-19 16:55:26.162,onvif-e9b03eab-61a3-46bd-9f42-888fd59ddbc4,1789817126.136,1789817126.142,1789817126.146,1789817126.153,1789817126.153,1789817126.162,26.00
2026-09-19 16:55:26.253,onvif-e9b03eab-61a3-46bd-9f42-888fd59ddbc4,1789817126.239,1789817126.240,1789817126.244,1789817126.246,1789817126.246,1789817126.253,14.58
2026-09-19 16:55:26.333,onvif-e9b03eab-61a3-46bd-9f42-888fd59ddbc4,1789817126.301,1789817126.312,1789817126.318,1789817126.322,1789817126.322,1789817126.333,32.56
2026-09-19 16:55:26.425,onvif-e9b03eab-61a3-46bd-9f42-888fd59ddbc4,1789817126.402,1789817126.405,1789817126.408,1789817126.414,1789817126.414,1789817126.426,23.12
2026-09-19 16:55:26.512,onvif-e9b03eab-61a3-46bd-9f42-888fd59ddbc4,1789817126.487,1789817126.492,1789817126.498,1789817126.502,1789817126.502,1789817126.513,25.08
2026-09-19 16:55:26.588,onvif-e9b03eab-61a3-46bd-9f42-888fd59ddbc4,1789817126.565,1789817126.569,1789817126.574,1789817126.579,1789817126.579,1789817126.588,22.57
2026-09-19 16:55:26.673,onvif-e9b03eab-61a3-46bd-9f42-888fd59ddbc4,1789817126.638,1789817126.652,1789817126.655,1789817126.661,1789817126.661,1789817126.674,35.98
2026-09-19 16:55:26.764,onvif-e9b03eab-61a3-46bd-9f42-888fd59ddbc4,1789817126.748,1789817126.750,1789817126.753,1789817126.758,1789817126.758,1789817126.765,17.19
2026-09-19 16:55:26.831,onvif-e9b03eab-61a3-46bd-9f42-888fd59ddbc4,1789817126.809,1789817126.809,1789817126.813,1789817126.817,1789817126.817,1789817126.831,22.74
2026-09-19 16:55:26.930,onvif-e9b03eab-61a3-46bd-9f42-888fd59ddbc4,1789817126.908,1789817126.912,1789817126.916,1789817126.920,1789817126.920,1789817126.931,22.92
2026-09-19 16:55:26.999,onvif-e9b03eab-61a3-46bd-9f42-888fd59ddbc4,1789817126.973,1789817126.985,1789817126.988,1789817126.992,1789817126.992,1789817127.000,26.02
2026-09-19 16:55:27.097,onvif-e9b03eab-61a3-46bd-9f42-888fd59ddbc4,1789817127.081,1789817127.082,1789817127.086,1789817127.090,1789817127.090,1789817127.097,16.41
2026-09-19 16:55:27.173,onvif-e9b03eab-61a3-46bd-9f42-888fd59ddbc4,1789817127.149,1789817127.152,1789817127.156,1789817127.159,1789817127.159,1789817127.174,24.47
2026-09-19 16:55:27.232,onvif-e9b03eab-61a3-46bd-9f42-888fd59ddbc4,1789817127.189,1789817127.219,1789817127.223,1789817127.225,1789817127.225,1789817127.233,44.14
2026-09-19 16:55:27.305,onvif-e9b03eab-61a3-46bd-9f42-888fd59ddbc4,1789817127.271,1789817127.286,1789817127.290,1789817127.292,1789817127.292,1789817127.306,34.46
2026-09-19 16:55:27.370,onvif-e9b03eab-61a3-46bd-9f42-888fd59ddbc4,1789817127.343,1789817127.352,1789817127.357,1789817127.363,1789817127.363,1789817127.371,28.00
2026-09-19 16:55:27.459,onvif-e9b03eab-61a3-46bd-9f42-888fd59ddbc4,1789817127.439,1789817127.440,1789817127.445,1789817127.452,1789817127.452,1789817127.460,20.52
2026-09-19 16:55:27.536,onvif-e9b03eab-61a3-46bd-9f42-888fd59ddbc4,1789817127.513,1789817127.517,1789817127.521,1789817127.523,1789817127.523,1789817127.537,23.98
2026-09-19 16:55:27.615,onvif-e9b03eab-61a3-46bd-9f42-888fd59ddbc4,1789817127.592,1789817127.597,1789817127.601,1789817127.608,1789817127.608,1789817127.615,23.51
2026-09-19 16:55:27.686,onvif-e9b03eab-61a3-46bd-9f42-888fd59ddbc4,1789817127.663,1789817127.663,1789817127.670,1789817127.675,1789817127.675,1789817127.687,23.54
2026-09-19 16:55:27.757,onvif-e9b03eab-61a3-46bd-9f42-888fd59ddbc4,1789817127.735,1789817127.738,1789817127.741,1789817127.745,1789817127.745,1789817127.757,22.40
2026-09-19 16:55:27.833,onvif-e9b03eab-61a3-46bd-9f42-888fd59ddbc4,1789817127.815,1789817127.820,1789817127.824,1789817127.827,1789817127.827,1789817127.833,17.86
2026-09-19 16:55:27.921,onvif-e9b03eab-61a3-46bd-9f42-888fd59ddbc4,1789817127.899,1789817127.902,1789817127.907,1789817127.914,1789817127.914,1789817127.921,22.80
2026-09-19 16:55:28.005,onvif-e9b03eab-61a3-46bd-9f42-888fd59ddbc4,1789817127.988,1789817127.990,1789817127.993,1789817127.996,1789817127.996,1789817128.005,17.35
2026-09-19 16:55:28.086,onvif-e9b03eab-61a3-46bd-9f42-888fd59ddbc4,1789817128.071,1789817128.072,1789817128.077,1789817128.079,1789817128.079,1789817128.086,15.12
2026-09-19 16:55:28.160,onvif-e9b03eab-61a3-46bd-9f42-888fd59ddbc4,1789817128.134,1789817128.139,1789817128.146,1789817128.151,1789817128.151,1789817128.160,25.89
2026-09-19 16:55:28.263,onvif-e9b03eab-61a3-46bd-9f42-888fd59ddbc4,1789817128.246,1789817128.247,1789817128.250,1789817128.254,1789817128.254,1789817128.263,17.00
2026-09-19 16:55:28.327,onvif-e9b03eab-61a3-46bd-9f42-888fd59ddbc4,1789817128.309,1789817128.314,1789817128.318,1789817128.320,1789817128.320,1789817128.328,19.16
2026-09-19 16:55:28.424,onvif-e9b03eab-61a3-46bd-9f42-888fd59ddbc4,1789817128.407,1789817128.407,1789817128.411,1789817128.418,1789817128.418,1789817128.424,17.74
2026-09-19 16:55:28.505,onvif-e9b03eab-61a3-46bd-9f42-888fd59ddbc4,1789817128.480,1789817128.484,1789817128.487,1789817128.494,1789817128.494,1789817128.506,25.29
2026-09-19 16:55:28.588,onvif-e9b03eab-61a3-46bd-9f42-888fd59ddbc4,1789817128.570,1789817128.572,1789817128.576,1789817128.581,1789817128.582,1789817128.589,18.28
2026-09-19 16:55:28.656,onvif-e9b03eab-61a3-46bd-9f42-888fd59ddbc4,1789817128.629,1789817128.639,1789817128.645,1789817128.648,1789817128.648,1789817128.657,27.73
2026-09-19 16:55:28.757,onvif-e9b03eab-61a3-46bd-9f42-888fd59ddbc4,1789817128.733,1789817128.737,1789817128.740,1789817128.746,1789817128.746,1789817128.758,24.51
2026-09-19 16:55:28.824,onvif-e9b03eab-61a3-46bd-9f42-888fd59ddbc4,1789817128.805,1789817128.809,1789817128.812,1789817128.817,1789817128.817,1789817128.825,19.90
2026-09-19 16:55:28.928,onvif-e9b03eab-61a3-46bd-9f42-888fd59ddbc4,1789817128.911,1789817128.912,1789817128.915,1789817128.921,1789817128.921,1789817128.929,18.02
2026-09-19 16:55:29.001,onvif-e9b03eab-61a3-46bd-9f42-888fd59ddbc4,1789817128.982,1789817128.984,1789817128.989,1789817128.993,1789817128.993,1789817129.002,20.19
2026-09-19 16:55:29.092,onvif-e9b03eab-61a3-46bd-9f42-888fd59ddbc4,1789817129.066,1789817129.071,1789817129.075,1789817129.080,1789817129.080,1789817129.093,26.26
2026-09-19 16:55:29.160,onvif-e9b03eab-61a3-46bd-9f42-888fd59ddbc4,1789817129.137,1789817129.143,1789817129.147,1789817129.151,1789817129.151,1789817129.160,23.61
2026-09-19 16:55:29.308,onvif-e9b03eab-61a3-46bd-9f42-888fd59ddbc4,1789817129.286,1789817129.287,1789817129.291,1789817129.296,1789817129.296,1789817129.308,22.06
2026-09-19 16:55:29.372,onvif-e9b03eab-61a3-46bd-9f42-888fd59ddbc4,1789817129.331,1789817129.354,1789817129.359,1789817129.364,1789817129.364,1789817129.372,41.59
2026-09-19 16:55:29.440,onvif-e9b03eab-61a3-46bd-9f42-888fd59ddbc4,1789817129.416,1789817129.419,1789817129.422,1789817129.428,1789817129.428,1789817129.441,25.21
2026-09-19 16:55:29.502,onvif-e9b03eab-61a3-46bd-9f42-888fd59ddbc4,1789817129.477,1789817129.485,1789817129.489,1789817129.495,1789817129.495,1789817129.503,26.39
2026-09-19 16:55:29.600,onvif-e9b03eab-61a3-46bd-9f42-888fd59ddbc4,1789817129.580,1789817129.583,1789817129.587,1789817129.593,1789817129.593,1789817129.601,20.39
2026-09-19 16:55:29.675,onvif-e9b03eab-61a3-46bd-9f42-888fd59ddbc4,1789817129.647,1789817129.655,1789817129.661,1789817129.664,1789817129.664,1789817129.676,28.94
2026-09-19 16:55:29.781,onvif-e9b03eab-61a3-46bd-9f42-888fd59ddbc4,1789817129.756,1789817129.758,1789817129.762,1789817129.767,1789817129.767,1789817129.781,24.97
2026-09-19 16:55:29.825,onvif-e9b03eab-61a3-46bd-9f42-888fd59ddbc4,1789817129.803,1789817129.807,1789817129.812,1789817129.817,1789817129.817,1789817129.825,22.29
2026-09-19 16:55:29.897,onvif-e9b03eab-61a3-46bd-9f42-888fd59ddbc4,1789817129.865,1789817129.874,1789817129.879,1789817129.884,1789817129.884,1789817129.898,32.81
2026-09-19 16:55:29.946,onvif-e9b03eab-61a3-46bd-9f42-888fd59ddbc4,1789817129.925,1789817129.928,1789817129.932,1789817129.938,1789817129.938,1789817129.946,20.99
2026-09-19 16:55:30.021,onvif-e9b03eab-61a3-46bd-9f42-888fd59ddbc4,1789817129.997,1789817130.001,1789817130.004,1789817130.010,1789817130.010,1789817130.022,24.54
2026-09-19 16:55:30.133,onvif-e9b03eab-61a3-46bd-9f42-888fd59ddbc4,1789817130.111,1789817130.114,1789817130.118,1789817130.123,1789817130.123,1789817130.133,22.59
2026-09-19 16:55:30.201,onvif-e9b03eab-61a3-46bd-9f42-888fd59ddbc4,1789817130.185,1789817130.186,1789817130.190,1789817130.195,1789817130.195,1789817130.201,16.50
2026-09-19 16:55:30.280,onvif-e9b03eab-61a3-46bd-9f42-888fd59ddbc4,1789817130.261,1789817130.263,1789817130.267,1789817130.272,1789817130.272,1789817130.281,19.95
2026-09-19 16:55:30.333,onvif-e9b03eab-61a3-46bd-9f42-888fd59ddbc4,1789817130.314,1789817130.317,1789817130.321,1789817130.326,1789817130.326,1789817130.334,19.75
2026-09-19 16:55:30.415,onvif-e9b03eab-61a3-46bd-9f42-888fd59ddbc4,1789817130.375,1789817130.394,1789817130.400,1789817130.403,1789817130.403,1789817130.416,40.21
2026-09-19 16:55:30.499,onvif-e9b03eab-61a3-46bd-9f42-888fd59ddbc4,1789817130.474,1789817130.477,1789817130.480,1789817130.486,1789817130.486,1789817130.499,25.09
2026-09-19 16:55:30.584,onvif-e9b03eab-61a3-46bd-9f42-888fd59ddbc4,1789817130.567,1789817130.569,1789817130.572,1789817130.578,1789817130.578,1789817130.584,16.61
2026-09-19 16:55:30.659,onvif-e9b03eab-61a3-46bd-9f42-888fd59ddbc4,1789817130.641,1789817130.641,1789817130.648,1789817130.650,1789817130.650,1789817130.659,18.52
2026-09-19 16:55:30.767,onvif-e9b03eab-61a3-46bd-9f42-888fd59ddbc4,1789817130.740,1789817130.744,1789817130.748,1789817130.753,1789817130.753,1789817130.768,27.48
2026-09-19 16:55:30.828,onvif-e9b03eab-61a3-46bd-9f42-888fd59ddbc4,1789817130.810,1789817130.811,1789817130.815,1789817130.821,1789817130.821,1789817130.829,18.85
2026-09-19 16:55:30.926,onvif-e9b03eab-61a3-46bd-9f42-888fd59ddbc4,1789817130.906,1789817130.909,1789817130.912,1789817130.919,1789817130.919,1789817130.927,20.70
2026-09-19 16:55:31.005,onvif-e9b03eab-61a3-46bd-9f42-888fd59ddbc4,1789817130.977,1789817130.986,1789817130.992,1789817130.996,1789817130.996,1789817131.006,28.79
2026-09-19 16:55:31.094,onvif-e9b03eab-61a3-46bd-9f42-888fd59ddbc4,1789817131.069,1789817131.074,1789817131.077,1789817131.082,1789817131.082,1789817131.094,25.33
2026-09-19 16:55:31.169,onvif-e9b03eab-61a3-46bd-9f42-888fd59ddbc4,1789817131.155,1789817131.156,1789817131.159,1789817131.163,1789817131.163,1789817131.170,14.96
2026-09-19 16:55:31.262,onvif-e9b03eab-61a3-46bd-9f42-888fd59ddbc4,1789817131.239,1789817131.241,1789817131.245,1789817131.248,1789817131.248,1789817131.262,22.91
2026-09-19 16:55:31.334,onvif-e9b03eab-61a3-46bd-9f42-888fd59ddbc4,1789817131.314,1789817131.318,1789817131.323,1789817131.329,1789817131.329,1789817131.335,20.66
2026-09-19 16:55:31.417,onvif-e9b03eab-61a3-46bd-9f42-888fd59ddbc4,1789817131.401,1789817131.401,1789817131.404,1789817131.410,1789817131.411,1789817131.417,16.90
2026-09-19 16:55:31.495,onvif-e9b03eab-61a3-46bd-9f42-888fd59ddbc4,1789817131.465,1789817131.473,1789817131.477,1789817131.482,1789817131.482,1789817131.495,29.79
2026-09-19 16:55:31.602,onvif-e9b03eab-61a3-46bd-9f42-888fd59ddbc4,1789817131.581,1789817131.586,1789817131.590,1789817131.594,1789817131.594,1789817131.602,21.03
2026-09-19 16:55:31.668,onvif-e9b03eab-61a3-46bd-9f42-888fd59ddbc4,1789817131.650,1789817131.653,1789817131.657,1789817131.660,1789817131.660,1789817131.668,18.46
2026-09-19 16:55:31.759,onvif-e9b03eab-61a3-46bd-9f42-888fd59ddbc4,1789817131.736,1789817131.741,1789817131.745,1789817131.748,1789817131.748,1789817131.759,23.26
2026-09-19 16:55:31.822,onvif-e9b03eab-61a3-46bd-9f42-888fd59ddbc4,1789817131.802,1789817131.808,1789817131.812,1789817131.815,1789817131.815,1789817131.823,21.41
2026-09-19 16:55:31.935,onvif-e9b03eab-61a3-46bd-9f42-888fd59ddbc4,1789817131.913,1789817131.916,1789817131.920,1789817131.924,1789817131.924,1789817131.935,22.37
2026-09-19 16:55:32.000,onvif-e9b03eab-61a3-46bd-9f42-888fd59ddbc4,1789817131.984,1789817131.988,1789817131.992,1789817131.994,1789817131.994,1789817132.001,16.37
2026-09-19 16:55:32.099,onvif-e9b03eab-61a3-46bd-9f42-888fd59ddbc4,1789817132.079,1789817132.081,1789817132.085,1789817132.091,1789817132.091,1789817132.099,20.39
2026-09-19 16:55:32.168,onvif-e9b03eab-61a3-46bd-9f42-888fd59ddbc4,1789817132.136,1789817132.148,1789817132.152,1789817132.157,1789817132.157,1789817132.168,31.88
2026-09-19 16:55:32.270,onvif-e9b03eab-61a3-46bd-9f42-888fd59ddbc4,1789817132.247,1789817132.251,1789817132.253,1789817132.259,1789817132.259,1789817132.271,23.95
2026-09-19 16:55:32.331,onvif-e9b03eab-61a3-46bd-9f42-888fd59ddbc4,1789817132.302,1789817132.317,1789817132.321,1789817132.325,1789817132.325,1789817132.332,29.76
2026-09-19 16:55:32.418,onvif-e9b03eab-61a3-46bd-9f42-888fd59ddbc4,1789817132.405,1789817132.405,1789817132.409,1789817132.412,1789817132.412,1789817132.419,13.95
2026-09-19 16:55:32.486,onvif-e9b03eab-61a3-46bd-9f42-888fd59ddbc4,1789817132.469,1789817132.472,1789817132.475,1789817132.477,1789817132.477,1789817132.487,17.76
2026-09-19 16:55:32.587,onvif-e9b03eab-61a3-46bd-9f42-888fd59ddbc4,1789817132.565,1789817132.570,1789817132.573,1789817132.579,1789817132.579,1789817132.587,22.02
2026-09-19 16:55:32.672,onvif-e9b03eab-61a3-46bd-9f42-888fd59ddbc4,1789817132.638,1789817132.652,1789817132.658,1789817132.662,1789817132.662,1789817132.673,35.13
2026-09-19 16:55:32.759,onvif-e9b03eab-61a3-46bd-9f42-888fd59ddbc4,1789817132.737,1789817132.739,1789817132.743,1789817132.749,1789817132.749,1789817132.760,23.20
2026-09-19 16:55:32.821,onvif-e9b03eab-61a3-46bd-9f42-888fd59ddbc4,1789817132.800,1789817132.806,1789817132.811,1789817132.814,1789817132.814,1789817132.822,22.18
2026-09-19 16:55:32.923,onvif-e9b03eab-61a3-46bd-9f42-888fd59ddbc4,1789817132.906,1789817132.909,1789817132.912,1789817132.917,1789817132.917,1789817132.924,18.03
2026-09-19 16:55:32.994,onvif-e9b03eab-61a3-46bd-9f42-888fd59ddbc4,1789817132.969,1789817132.976,1789817132.979,1789817132.982,1789817132.982,1789817132.995,25.26
2026-09-19 16:55:33.087,onvif-e9b03eab-61a3-46bd-9f42-888fd59ddbc4,1789817133.070,1789817133.074,1789817133.078,1789817133.080,1789817133.080,1789817133.087,17.42
2026-09-19 16:55:33.171,onvif-e9b03eab-61a3-46bd-9f42-888fd59ddbc4,1789817133.147,1789817133.151,1789817133.156,1789817133.161,1789817133.161,1789817133.172,24.95
2026-09-19 16:55:33.269,onvif-e9b03eab-61a3-46bd-9f42-888fd59ddbc4,1789817133.246,1789817133.249,1789817133.253,1789817133.258,1789817133.258,1789817133.269,23.52
2026-09-19 16:55:33.332,onvif-e9b03eab-61a3-46bd-9f42-888fd59ddbc4,1789817133.312,1789817133.316,1789817133.320,1789817133.324,1789817133.325,1789817133.333,20.83
2026-09-19 16:55:33.420,onvif-e9b03eab-61a3-46bd-9f42-888fd59ddbc4,1789817133.399,1789817133.404,1789817133.409,1789817133.411,1789817133.411,1789817133.420,21.47
2026-09-19 16:55:33.500,onvif-e9b03eab-61a3-46bd-9f42-888fd59ddbc4,1789817133.468,1789817133.481,1789817133.484,1789817133.488,1789817133.488,1789817133.500,32.00
2026-09-19 16:55:33.590,onvif-e9b03eab-61a3-46bd-9f42-888fd59ddbc4,1789817133.578,1789817133.579,1789817133.582,1789817133.585,1789817133.585,1789817133.591,12.94
2026-09-19 16:55:33.663,onvif-e9b03eab-61a3-46bd-9f42-888fd59ddbc4,1789817133.645,1789817133.646,1789817133.651,1789817133.656,1789817133.656,1789817133.664,18.90
2026-09-19 16:55:33.754,onvif-e9b03eab-61a3-46bd-9f42-888fd59ddbc4,1789817133.733,1789817133.733,1789817133.737,1789817133.742,1789817133.742,1789817133.755,21.94
2026-09-19 16:55:33.824,onvif-e9b03eab-61a3-46bd-9f42-888fd59ddbc4,1789817133.806,1789817133.810,1789817133.815,1789817133.818,1789817133.818,1789817133.825,18.75
2026-09-19 16:55:33.921,onvif-e9b03eab-61a3-46bd-9f42-888fd59ddbc4,1789817133.901,1789817133.903,1789817133.908,1789817133.911,1789817133.911,1789817133.921,20.36
2026-09-19 16:55:33.996,onvif-e9b03eab-61a3-46bd-9f42-888fd59ddbc4,1789817133.977,1789817133.980,1789817133.986,1789817133.988,1789817133.988,1789817133.996,19.27
2026-09-19 16:55:34.091,onvif-e9b03eab-61a3-46bd-9f42-888fd59ddbc4,1789817134.072,1789817134.073,1789817134.076,1789817134.081,1789817134.081,1789817134.092,19.38
2026-09-19 16:55:34.158,onvif-e9b03eab-61a3-46bd-9f42-888fd59ddbc4,1789817134.139,1789817134.145,1789817134.149,1789817134.151,1789817134.151,1789817134.159,19.74
2026-09-19 16:55:34.258,onvif-e9b03eab-61a3-46bd-9f42-888fd59ddbc4,1789817134.234,1789817134.238,1789817134.242,1789817134.249,1789817134.249,1789817134.259,24.30
2026-09-19 16:55:34.342,onvif-e9b03eab-61a3-46bd-9f42-888fd59ddbc4,1789817134.306,1789817134.320,1789817134.325,1789817134.331,1789817134.331,1789817134.343,37.09
2026-09-19 16:55:34.434,onvif-e9b03eab-61a3-46bd-9f42-888fd59ddbc4,1789817134.414,1789817134.418,1789817134.422,1789817134.424,1789817134.424,1789817134.434,19.79
2026-09-19 16:55:34.502,onvif-e9b03eab-61a3-46bd-9f42-888fd59ddbc4,1789817134.482,1789817134.485,1789817134.489,1789817134.495,1789817134.495,1789817134.503,20.80
2026-09-19 16:55:34.598,onvif-e9b03eab-61a3-46bd-9f42-888fd59ddbc4,1789817134.574,1789817134.578,1789817134.582,1789817134.587,1789817134.587,1789817134.599,24.13
2026-09-19 16:55:34.660,onvif-e9b03eab-61a3-46bd-9f42-888fd59ddbc4,1789817134.631,1789817134.645,1789817134.649,1789817134.654,1789817134.654,1789817134.661,30.38
2026-09-19 16:55:34.753,onvif-e9b03eab-61a3-46bd-9f42-888fd59ddbc4,1789817134.735,1789817134.737,1789817134.741,1789817134.746,1789817134.746,1789817134.753,18.20
2026-09-19 16:55:34.848,onvif-e9b03eab-61a3-46bd-9f42-888fd59ddbc4,1789817134.827,1789817134.830,1789817134.833,1789817134.838,1789817134.838,1789817134.849,21.13
2026-09-19 16:55:34.932,onvif-e9b03eab-61a3-46bd-9f42-888fd59ddbc4,1789817134.912,1789817134.915,1789817134.918,1789817134.925,1789817134.925,1789817134.932,20.71
2026-09-19 16:55:35.001,onvif-e9b03eab-61a3-46bd-9f42-888fd59ddbc4,1789817134.976,1789817134.981,1789817134.988,1789817134.991,1789817134.991,1789817135.002,26.02
2026-09-19 16:55:35.093,onvif-e9b03eab-61a3-46bd-9f42-888fd59ddbc4,1789817135.071,1789817135.074,1789817135.077,1789817135.083,1789817135.083,1789817135.093,22.66
2026-09-19 16:55:35.156,onvif-e9b03eab-61a3-46bd-9f42-888fd59ddbc4,1789817135.138,1789817135.141,1789817135.145,1789817135.149,1789817135.149,1789817135.156,17.89
2026-09-19 16:55:35.270,onvif-e9b03eab-61a3-46bd-9f42-888fd59ddbc4,1789817135.253,1789817135.254,1789817135.257,1789817135.263,1789817135.263,1789817135.270,16.79
2026-09-19 16:55:35.348,onvif-e9b03eab-61a3-46bd-9f42-888fd59ddbc4,1789817135.312,1789817135.326,1789817135.333,1789817135.340,1789817135.340,1789817135.348,36.12
2026-09-19 16:55:35.423,onvif-e9b03eab-61a3-46bd-9f42-888fd59ddbc4,1789817135.402,1789817135.404,1789817135.407,1789817135.412,1789817135.412,1789817135.424,21.61
2026-09-19 16:55:35.496,onvif-e9b03eab-61a3-46bd-9f42-888fd59ddbc4,1789817135.478,1789817135.481,1789817135.484,1789817135.488,1789817135.488,1789817135.497,19.06
2026-09-19 16:55:35.553,onvif-e9b03eab-61a3-46bd-9f42-888fd59ddbc4,1789817135.533,1789817135.535,1789817135.538,1789817135.542,1789817135.542,1789817135.554,21.24
2026-09-19 16:55:35.624,onvif-e9b03eab-61a3-46bd-9f42-888fd59ddbc4,1789817135.602,1789817135.612,1789817135.615,1789817135.618,1789817135.618,1789817135.625,22.59
2026-09-19 16:55:35.699,onvif-e9b03eab-61a3-46bd-9f42-888fd59ddbc4,1789817135.672,1789817135.679,1789817135.686,1789817135.690,1789817135.690,1789817135.699,27.73
2026-09-19 16:55:35.771,onvif-e9b03eab-61a3-46bd-9f42-888fd59ddbc4,1789817135.753,1789817135.753,1789817135.757,1789817135.759,1789817135.759,1789817135.772,19.16
2026-09-19 16:55:35.837,onvif-e9b03eab-61a3-46bd-9f42-888fd59ddbc4,1789817135.804,1789817135.820,1789817135.825,1789817135.830,1789817135.830,1789817135.837,33.06
2026-09-19 16:55:35.923,onvif-e9b03eab-61a3-46bd-9f42-888fd59ddbc4,1789817135.907,1789817135.908,1789817135.912,1789817135.916,1789817135.916,1789817135.924,17.00
2026-09-19 16:55:35.991,onvif-e9b03eab-61a3-46bd-9f42-888fd59ddbc4,1789817135.965,1789817135.975,1789817135.979,1789817135.981,1789817135.981,1789817135.991,25.93
2026-09-19 16:55:36.094,onvif-e9b03eab-61a3-46bd-9f42-888fd59ddbc4,1789817136.077,1789817136.078,1789817136.082,1789817136.086,1789817136.086,1789817136.094,17.14
2026-09-19 16:55:36.165,onvif-e9b03eab-61a3-46bd-9f42-888fd59ddbc4,1789817136.139,1789817136.150,1789817136.153,1789817136.158,1789817136.158,1789817136.166,26.88
2026-09-19 16:55:36.262,onvif-e9b03eab-61a3-46bd-9f42-888fd59ddbc4,1789817136.243,1789817136.248,1789817136.251,1789817136.255,1789817136.255,1789817136.262,19.09
2026-09-19 16:55:36.327,onvif-e9b03eab-61a3-46bd-9f42-888fd59ddbc4,1789817136.306,1789817136.315,1789817136.319,1789817136.320,1789817136.320,1789817136.327,21.32
2026-09-19 16:55:36.421,onvif-e9b03eab-61a3-46bd-9f42-888fd59ddbc4,1789817136.398,1789817136.403,1789817136.406,1789817136.412,1789817136.412,1789817136.421,22.89
2026-09-19 16:55:36.499,onvif-e9b03eab-61a3-46bd-9f42-888fd59ddbc4,1789817136.473,1789817136.480,1789817136.484,1789817136.489,1789817136.489,1789817136.500,26.32
2026-09-19 16:55:36.592,onvif-e9b03eab-61a3-46bd-9f42-888fd59ddbc4,1789817136.573,1789817136.573,1789817136.575,1789817136.582,1789817136.582,1789817136.593,20.26
2026-09-19 16:55:36.655,onvif-e9b03eab-61a3-46bd-9f42-888fd59ddbc4,1789817136.638,1789817136.640,1789817136.643,1789817136.648,1789817136.648,1789817136.655,17.15
2026-09-19 16:55:36.745,onvif-e9b03eab-61a3-46bd-9f42-888fd59ddbc4,1789817136.731,1789817136.732,1789817136.736,1789817136.739,1789817136.739,1789817136.746,14.81
2026-09-19 16:55:36.828,onvif-e9b03eab-61a3-46bd-9f42-888fd59ddbc4,1789817136.805,1789817136.810,1789817136.815,1789817136.821,1789817136.821,1789817136.828,23.20
2026-09-19 16:55:36.934,onvif-e9b03eab-61a3-46bd-9f42-888fd59ddbc4,1789817136.913,1789817136.918,1789817136.921,1789817136.924,1789817136.924,1789817136.935,21.18
2026-09-19 16:55:37.002,onvif-e9b03eab-61a3-46bd-9f42-888fd59ddbc4,1789817136.972,1789817136.985,1789817136.988,1789817136.996,1789817136.996,1789817137.003,30.33
2026-09-19 16:55:37.084,onvif-e9b03eab-61a3-46bd-9f42-888fd59ddbc4,1789817137.064,1789817137.067,1789817137.072,1789817137.078,1789817137.078,1789817137.084,20.83
2026-09-19 16:55:37.162,onvif-e9b03eab-61a3-46bd-9f42-888fd59ddbc4,1789817137.139,1789817137.145,1789817137.149,1789817137.153,1789817137.153,1789817137.162,23.31
2026-09-19 16:55:37.250,onvif-e9b03eab-61a3-46bd-9f42-888fd59ddbc4,1789817137.233,1789817137.237,1789817137.242,1789817137.244,1789817137.244,1789817137.250,17.56
2026-09-19 16:55:37.326,onvif-e9b03eab-61a3-46bd-9f42-888fd59ddbc4,1789817137.295,1789817137.304,1789817137.311,1789817137.314,1789817137.314,1789817137.326,31.62
2026-09-19 16:55:37.425,onvif-e9b03eab-61a3-46bd-9f42-888fd59ddbc4,1789817137.402,1789817137.403,1789817137.407,1789817137.412,1789817137.412,1789817137.425,23.16
2026-09-19 16:55:37.490,onvif-e9b03eab-61a3-46bd-9f42-888fd59ddbc4,1789817137.473,1789817137.475,1789817137.479,1789817137.483,1789817137.484,1789817137.491,17.99
2026-09-19 16:55:37.593,onvif-e9b03eab-61a3-46bd-9f42-888fd59ddbc4,1789817137.572,1789817137.577,1789817137.581,1789817137.586,1789817137.587,1789817137.593,20.84
2026-09-19 16:55:37.663,onvif-e9b03eab-61a3-46bd-9f42-888fd59ddbc4,1789817137.633,1789817137.644,1789817137.648,1789817137.653,1789817137.653,1789817137.664,31.21
2026-09-19 16:55:37.766,onvif-e9b03eab-61a3-46bd-9f42-888fd59ddbc4,1789817137.745,1789817137.748,1789817137.750,1789817137.755,1789817137.755,1789817137.766,21.00
2026-09-19 16:55:37.843,onvif-e9b03eab-61a3-46bd-9f42-888fd59ddbc4,1789817137.826,1789817137.830,1789817137.834,1789817137.837,1789817137.837,1789817137.844,17.99
2026-09-19 16:55:37.926,onvif-e9b03eab-61a3-46bd-9f42-888fd59ddbc4,1789817137.911,1789817137.912,1789817137.916,1789817137.919,1789817137.919,1789817137.926,14.90
2026-09-19 16:55:37.995,onvif-e9b03eab-61a3-46bd-9f42-888fd59ddbc4,1789817137.967,1789817137.979,1789817137.983,1789817137.985,1789817137.985,1789817137.996,29.24
2026-09-19 16:55:38.084,onvif-e9b03eab-61a3-46bd-9f42-888fd59ddbc4,1789817138.068,1789817138.072,1789817138.075,1789817138.078,1789817138.078,1789817138.085,16.61
2026-09-19 16:55:38.161,onvif-e9b03eab-61a3-46bd-9f42-888fd59ddbc4,1789817138.139,1789817138.144,1789817138.149,1789817138.154,1789817138.154,1789817138.162,22.52
2026-09-19 16:55:38.258,onvif-e9b03eab-61a3-46bd-9f42-888fd59ddbc4,1789817138.240,1789817138.242,1789817138.245,1789817138.247,1789817138.247,1789817138.258,18.78
2026-09-19 16:55:38.330,onvif-e9b03eab-61a3-46bd-9f42-888fd59ddbc4,1789817138.316,1789817138.319,1789817138.322,1789817138.325,1789817138.325,1789817138.331,15.43
2026-09-19 16:55:38.414,onvif-e9b03eab-61a3-46bd-9f42-888fd59ddbc4,1789817138.399,1789817138.401,1789817138.405,1789817138.407,1789817138.407,1789817138.414,15.38
2026-09-19 16:55:38.493,onvif-e9b03eab-61a3-46bd-9f42-888fd59ddbc4,1789817138.469,1789817138.473,1789817138.477,1789817138.482,1789817138.482,1789817138.494,24.83
2026-09-19 16:55:38.587,onvif-e9b03eab-61a3-46bd-9f42-888fd59ddbc4,1789817138.569,1789817138.571,1789817138.574,1789817138.581,1789817138.581,1789817138.588,18.95
2026-09-19 16:55:38.660,onvif-e9b03eab-61a3-46bd-9f42-888fd59ddbc4,1789817138.629,1789817138.643,1789817138.648,1789817138.652,1789817138.652,1789817138.661,31.35
2026-09-19 16:55:38.755,onvif-e9b03eab-61a3-46bd-9f42-888fd59ddbc4,1789817138.734,1789817138.736,1789817138.739,1789817138.745,1789817138.745,1789817138.755,21.53
2026-09-19 16:55:38.844,onvif-e9b03eab-61a3-46bd-9f42-888fd59ddbc4,1789817138.826,1789817138.829,1789817138.833,1789817138.837,1789817138.837,1789817138.845,18.45
2026-09-19 16:55:38.916,onvif-e9b03eab-61a3-46bd-9f42-888fd59ddbc4,1789817138.897,1789817138.901,1789817138.906,1789817138.908,1789817138.908,1789817138.916,19.46
2026-09-19 16:55:39.000,onvif-e9b03eab-61a3-46bd-9f42-888fd59ddbc4,1789817138.967,1789817138.979,1789817138.983,1789817138.989,1789817138.989,1789817139.000,33.56
2026-09-19 16:55:39.093,onvif-e9b03eab-61a3-46bd-9f42-888fd59ddbc4,1789817139.072,1789817139.077,1789817139.080,1789817139.086,1789817139.086,1789817139.094,22.16
2026-09-19 16:55:39.170,onvif-e9b03eab-61a3-46bd-9f42-888fd59ddbc4,1789817139.152,1789817139.154,1789817139.158,1789817139.163,1789817139.163,1789817139.171,19.10
2026-09-19 16:55:39.266,onvif-e9b03eab-61a3-46bd-9f42-888fd59ddbc4,1789817139.242,1789817139.246,1789817139.250,1789817139.254,1789817139.254,1789817139.267,24.33
2026-09-19 16:55:39.328,onvif-e9b03eab-61a3-46bd-9f42-888fd59ddbc4,1789817139.311,1789817139.313,1789817139.317,1789817139.320,1789817139.320,1789817139.328,16.69
2026-09-19 16:55:39.422,onvif-e9b03eab-61a3-46bd-9f42-888fd59ddbc4,1789817139.401,1789817139.406,1789817139.409,1789817139.412,1789817139.412,1789817139.423,21.23
2026-09-19 16:55:39.494,onvif-e9b03eab-61a3-46bd-9f42-888fd59ddbc4,1789817139.473,1789817139.478,1789817139.482,1789817139.484,1789817139.484,1789817139.494,21.32
2026-09-19 16:55:39.550,onvif-e9b03eab-61a3-46bd-9f42-888fd59ddbc4,1789817139.528,1789817139.532,1789817139.536,1789817139.542,1789817139.542,1789817139.551,23.15
2026-09-19 16:55:39.632,onvif-e9b03eab-61a3-46bd-9f42-888fd59ddbc4,1789817139.611,1789817139.615,1789817139.618,1789817139.623,1789817139.623,1789817139.633,22.18
2026-09-19 16:55:39.723,onvif-e9b03eab-61a3-46bd-9f42-888fd59ddbc4,1789817139.706,1789817139.707,1789817139.710,1789817139.716,1789817139.716,1789817139.724,17.84
2026-09-19 16:55:39.781,onvif-e9b03eab-61a3-46bd-9f42-888fd59ddbc4,1789817139.761,1789817139.766,1789817139.770,1789817139.774,1789817139.774,1789817139.782,20.57
2026-09-19 16:55:39.845,onvif-e9b03eab-61a3-46bd-9f42-888fd59ddbc4,1789817139.820,1789817139.833,1789817139.837,1789817139.840,1789817139.840,1789817139.846,25.83
2026-09-19 16:55:39.928,onvif-e9b03eab-61a3-46bd-9f42-888fd59ddbc4,1789817139.907,1789817139.911,1789817139.915,1789817139.921,1789817139.921,1789817139.929,21.84
2026-09-19 16:55:40.014,onvif-e9b03eab-61a3-46bd-9f42-888fd59ddbc4,1789817139.992,1789817139.993,1789817139.996,1789817140.002,1789817140.002,1789817140.014,21.67
2026-09-19 16:55:40.126,onvif-e9b03eab-61a3-46bd-9f42-888fd59ddbc4,1789817140.101,1789817140.106,1789817140.111,1789817140.116,1789817140.116,1789817140.126,25.15
2026-09-19 16:55:40.188,onvif-e9b03eab-61a3-46bd-9f42-888fd59ddbc4,1789817140.165,1789817140.173,1789817140.177,1789817140.182,1789817140.182,1789817140.188,23.38
2026-09-19 16:55:40.285,onvif-e9b03eab-61a3-46bd-9f42-888fd59ddbc4,1789817140.261,1789817140.266,1789817140.269,1789817140.274,1789817140.274,1789817140.285,24.21
2026-09-19 16:55:40.347,onvif-e9b03eab-61a3-46bd-9f42-888fd59ddbc4,1789817140.314,1789817140.333,1789817140.337,1789817140.340,1789817140.340,1789817140.347,33.51
2026-09-19 16:55:40.437,onvif-e9b03eab-61a3-46bd-9f42-888fd59ddbc4,1789817140.419,1789817140.420,1789817140.424,1789817140.428,1789817140.428,1789817140.437,17.85
2026-09-19 16:55:40.514,onvif-e9b03eab-61a3-46bd-9f42-888fd59ddbc4,1789817140.495,1789817140.498,1789817140.501,1789817140.503,1789817140.503,1789817140.514,19.43
2026-09-19 16:55:40.616,onvif-e9b03eab-61a3-46bd-9f42-888fd59ddbc4,1789817140.598,1789817140.600,1789817140.604,1789817140.606,1789817140.606,1789817140.616,18.12
2026-09-19 16:55:40.683,onvif-e9b03eab-61a3-46bd-9f42-888fd59ddbc4,1789817140.667,1789817140.667,1789817140.671,1789817140.678,1789817140.678,1789817140.684,16.80
2026-09-19 16:55:40.743,onvif-e9b03eab-61a3-46bd-9f42-888fd59ddbc4,1789817140.722,1789817140.726,1789817140.729,1789817140.731,1789817140.731,1789817140.743,20.91
2026-09-19 16:55:40.809,onvif-e9b03eab-61a3-46bd-9f42-888fd59ddbc4,1789817140.787,1789817140.793,1789817140.797,1789817140.802,1789817140.802,1789817140.809,21.82
2026-09-19 16:55:40.877,onvif-e9b03eab-61a3-46bd-9f42-888fd59ddbc4,1789817140.834,1789817140.860,1789817140.864,1789817140.867,1789817140.867,1789817140.878,43.50
2026-09-19 16:55:40.959,onvif-e9b03eab-61a3-46bd-9f42-888fd59ddbc4,1789817140.939,1789817140.943,1789817140.946,1789817140.949,1789817140.949,1789817140.960,20.96
2026-09-19 16:55:41.092,onvif-e9b03eab-61a3-46bd-9f42-888fd59ddbc4,1789817141.074,1789817141.076,1789817141.080,1789817141.082,1789817141.082,1789817141.093,18.32
2026-09-19 16:55:41.169,onvif-e9b03eab-61a3-46bd-9f42-888fd59ddbc4,1789817141.156,1789817141.158,1789817141.162,1789817141.163,1789817141.163,1789817141.169,13.53
2026-09-19 16:55:41.261,onvif-e9b03eab-61a3-46bd-9f42-888fd59ddbc4,1789817141.241,1789817141.246,1789817141.250,1789817141.254,1789817141.255,1789817141.261,20.03
2026-09-19 16:55:41.336,onvif-e9b03eab-61a3-46bd-9f42-888fd59ddbc4,1789817141.314,1789817141.318,1789817141.321,1789817141.326,1789817141.326,1789817141.337,23.15
2026-09-19 16:55:41.418,onvif-e9b03eab-61a3-46bd-9f42-888fd59ddbc4,1789817141.400,1789817141.401,1789817141.406,1789817141.413,1789817141.413,1789817141.419,19.11
2026-09-19 16:55:41.487,onvif-e9b03eab-61a3-46bd-9f42-888fd59ddbc4,1789817141.471,1789817141.473,1789817141.477,1789817141.479,1789817141.479,1789817141.487,16.27
2026-09-19 16:55:41.590,onvif-e9b03eab-61a3-46bd-9f42-888fd59ddbc4,1789817141.567,1789817141.570,1789817141.574,1789817141.581,1789817141.581,1789817141.591,24.22
2026-09-19 16:55:41.653,onvif-e9b03eab-61a3-46bd-9f42-888fd59ddbc4,1789817141.635,1789817141.637,1789817141.641,1789817141.647,1789817141.647,1789817141.653,18.36
2026-09-19 16:55:41.766,onvif-e9b03eab-61a3-46bd-9f42-888fd59ddbc4,1789817141.748,1789817141.750,1789817141.753,1789817141.760,1789817141.760,1789817141.767,18.54
2026-09-19 16:55:41.845,onvif-e9b03eab-61a3-46bd-9f42-888fd59ddbc4,1789817141.823,1789817141.827,1789817141.831,1789817141.837,1789817141.837,1789817141.845,22.45
2026-09-19 16:55:41.924,onvif-e9b03eab-61a3-46bd-9f42-888fd59ddbc4,1789817141.903,1789817141.905,1789817141.908,1789817141.913,1789817141.913,1789817141.925,22.09
2026-09-19 16:55:41.984,onvif-e9b03eab-61a3-46bd-9f42-888fd59ddbc4,1789817141.971,1789817141.972,1789817141.976,1789817141.978,1789817141.978,1789817141.985,13.91
2026-09-19 16:55:42.093,onvif-e9b03eab-61a3-46bd-9f42-888fd59ddbc4,1789817142.065,1789817142.069,1789817142.075,1789817142.081,1789817142.081,1789817142.094,28.58
2026-09-19 16:55:42.168,onvif-e9b03eab-61a3-46bd-9f42-888fd59ddbc4,1789817142.137,1789817142.141,1789817142.148,1789817142.152,1789817142.152,1789817142.169,31.56
2026-09-19 16:55:42.257,onvif-e9b03eab-61a3-46bd-9f42-888fd59ddbc4,1789817142.241,1789817142.244,1789817142.247,1789817142.249,1789817142.249,1789817142.258,16.51
2026-09-19 16:55:42.328,onvif-e9b03eab-61a3-46bd-9f42-888fd59ddbc4,1789817142.307,1789817142.311,1789817142.316,1789817142.321,1789817142.321,1789817142.328,20.65
2026-09-19 16:55:42.414,onvif-e9b03eab-61a3-46bd-9f42-888fd59ddbc4,1789817142.399,1789817142.399,1789817142.403,1789817142.408,1789817142.408,1789817142.414,15.71
2026-09-19 16:55:42.502,onvif-e9b03eab-61a3-46bd-9f42-888fd59ddbc4,1789817142.484,1789817142.486,1789817142.491,1789817142.495,1789817142.495,1789817142.503,19.06
2026-09-19 16:55:42.595,onvif-e9b03eab-61a3-46bd-9f42-888fd59ddbc4,1789817142.573,1789817142.574,1789817142.577,1789817142.582,1789817142.582,1789817142.596,22.58
2026-09-19 16:55:42.656,onvif-e9b03eab-61a3-46bd-9f42-888fd59ddbc4,1789817142.632,1789817142.641,1789817142.645,1789817142.649,1789817142.650,1789817142.657,24.55
2026-09-19 16:55:42.754,onvif-e9b03eab-61a3-46bd-9f42-888fd59ddbc4,1789817142.738,1789817142.739,1789817142.743,1789817142.747,1789817142.747,1789817142.755,16.51
2026-09-19 16:55:42.843,onvif-e9b03eab-61a3-46bd-9f42-888fd59ddbc4,1789817142.808,1789817142.817,1789817142.823,1789817142.826,1789817142.826,1789817142.844,35.88
2026-09-19 16:55:42.948,onvif-e9b03eab-61a3-46bd-9f42-888fd59ddbc4,1789817142.918,1789817142.919,1789817142.923,1789817142.928,1789817142.928,1789817142.948,30.29
2026-09-19 16:55:43.004,onvif-e9b03eab-61a3-46bd-9f42-888fd59ddbc4,1789817142.966,1789817142.986,1789817142.991,1789817142.996,1789817142.996,1789817143.004,38.82
2026-09-19 16:55:43.090,onvif-e9b03eab-61a3-46bd-9f42-888fd59ddbc4,1789817143.073,1789817143.074,1789817143.078,1789817143.083,1789817143.083,1789817143.090,17.36
2026-09-19 16:55:43.171,onvif-e9b03eab-61a3-46bd-9f42-888fd59ddbc4,1789817143.139,1789817143.151,1789817143.155,1789817143.159,1789817143.159,1789817143.171,32.23
2026-09-19 16:55:43.256,onvif-e9b03eab-61a3-46bd-9f42-888fd59ddbc4,1789817143.243,1789817143.244,1789817143.247,1789817143.250,1789817143.250,1789817143.256,13.51
2026-09-19 16:55:43.331,onvif-e9b03eab-61a3-46bd-9f42-888fd59ddbc4,1789817143.304,1789817143.311,1789817143.317,1789817143.322,1789817143.322,1789817143.331,26.59
2026-09-19 16:55:43.440,onvif-e9b03eab-61a3-46bd-9f42-888fd59ddbc4,1789817143.413,1789817143.413,1789817143.418,1789817143.424,1789817143.424,1789817143.440,27.79
2026-09-19 16:55:43.509,onvif-e9b03eab-61a3-46bd-9f42-888fd59ddbc4,1789817143.475,1789817143.480,1789817143.484,1789817143.491,1789817143.491,1789817143.510,34.49
2026-09-19 16:55:43.597,onvif-e9b03eab-61a3-46bd-9f42-888fd59ddbc4,1789817143.576,1789817143.578,1789817143.582,1789817143.587,1789817143.587,1789817143.598,21.90
2026-09-19 16:55:43.661,onvif-e9b03eab-61a3-46bd-9f42-888fd59ddbc4,1789817143.634,1789817143.645,1789817143.649,1789817143.654,1789817143.654,1789817143.661,27.50
2026-09-19 16:55:43.765,onvif-e9b03eab-61a3-46bd-9f42-888fd59ddbc4,1789817143.745,1789817143.748,1789817143.752,1789817143.757,1789817143.757,1789817143.766,20.95
2026-09-19 16:55:43.838,onvif-e9b03eab-61a3-46bd-9f42-888fd59ddbc4,1789817143.814,1789817143.815,1789817143.821,1789817143.824,1789817143.824,1789817143.838,23.95
2026-09-19 16:55:43.927,onvif-e9b03eab-61a3-46bd-9f42-888fd59ddbc4,1789817143.905,1789817143.908,1789817143.912,1789817143.915,1789817143.916,1789817143.927,21.81
2026-09-19 16:55:43.988,onvif-e9b03eab-61a3-46bd-9f42-888fd59ddbc4,1789817143.968,1789817143.975,1789817143.978,1789817143.981,1789817143.981,1789817143.988,19.54
2026-09-19 16:55:44.087,onvif-e9b03eab-61a3-46bd-9f42-888fd59ddbc4,1789817144.069,1789817144.072,1789817144.075,1789817144.077,1789817144.077,1789817144.088,18.91
2026-09-19 16:55:44.161,onvif-e9b03eab-61a3-46bd-9f42-888fd59ddbc4,1789817144.132,1789817144.144,1789817144.148,1789817144.154,1789817144.154,1789817144.161,28.72
2026-09-19 16:55:44.263,onvif-e9b03eab-61a3-46bd-9f42-888fd59ddbc4,1789817144.244,1789817144.247,1789817144.250,1789817144.257,1789817144.257,1789817144.264,19.44
2026-09-19 16:55:44.342,onvif-e9b03eab-61a3-46bd-9f42-888fd59ddbc4,1789817144.322,1789817144.325,1789817144.329,1789817144.334,1789817144.334,1789817144.342,20.66
2026-09-19 16:55:44.431,onvif-e9b03eab-61a3-46bd-9f42-888fd59ddbc4,1789817144.409,1789817144.412,1789817144.415,1789817144.421,1789817144.421,1789817144.431,22.38
2026-09-19 16:55:44.493,onvif-e9b03eab-61a3-46bd-9f42-888fd59ddbc4,1789817144.464,1789817144.479,1789817144.483,1789817144.487,1789817144.487,1789817144.494,29.29
2026-09-19 16:55:44.585,onvif-e9b03eab-61a3-46bd-9f42-888fd59ddbc4,1789817144.568,1789817144.572,1789817144.576,1789817144.579,1789817144.579,1789817144.586,17.94
2026-09-19 16:55:44.656,onvif-e9b03eab-61a3-46bd-9f42-888fd59ddbc4,1789817144.638,1789817144.639,1789817144.641,1789817144.645,1789817144.645,1789817144.656,18.72
2026-09-19 16:55:44.748,onvif-e9b03eab-61a3-46bd-9f42-888fd59ddbc4,1789817144.730,1789817144.731,1789817144.735,1789817144.741,1789817144.741,1789817144.749,19.27
2026-09-19 16:55:44.830,onvif-e9b03eab-61a3-46bd-9f42-888fd59ddbc4,1789817144.807,1789817144.814,1789817144.819,1789817144.823,1789817144.823,1789817144.831,24.03
2026-09-19 16:55:44.882,onvif-e9b03eab-61a3-46bd-9f42-888fd59ddbc4,1789817144.864,1789817144.868,1789817144.870,1789817144.877,1789817144.877,1789817144.883,18.94
2026-09-19 16:55:44.952,onvif-e9b03eab-61a3-46bd-9f42-888fd59ddbc4,1789817144.934,1789817144.934,1789817144.940,1789817144.942,1789817144.942,1789817144.952,18.06
2026-09-19 16:55:45.030,onvif-e9b03eab-61a3-46bd-9f42-888fd59ddbc4,1789817145.012,1789817145.017,1789817145.021,1789817145.022,1789817145.023,1789817145.031,18.30
2026-09-19 16:55:45.083,onvif-e9b03eab-61a3-46bd-9f42-888fd59ddbc4,1789817145.063,1789817145.066,1789817145.070,1789817145.076,1789817145.076,1789817145.083,20.17
2026-09-19 16:55:45.163,onvif-e9b03eab-61a3-46bd-9f42-888fd59ddbc4,1789817145.132,1789817145.143,1789817145.147,1789817145.152,1789817145.152,1789817145.163,31.49
2026-09-19 16:55:45.251,onvif-e9b03eab-61a3-46bd-9f42-888fd59ddbc4,1789817145.234,1789817145.236,1789817145.239,1789817145.244,1789817145.244,1789817145.251,17.41
2026-09-19 16:55:45.335,onvif-e9b03eab-61a3-46bd-9f42-888fd59ddbc4,1789817145.311,1789817145.313,1789817145.319,1789817145.325,1789817145.325,1789817145.335,24.23
2026-09-19 16:55:45.419,onvif-e9b03eab-61a3-46bd-9f42-888fd59ddbc4,1789817145.397,1789817145.401,1789817145.403,1789817145.407,1789817145.407,1789817145.420,23.20
2026-09-19 16:55:45.491,onvif-e9b03eab-61a3-46bd-9f42-888fd59ddbc4,1789817145.477,1789817145.478,1789817145.481,1789817145.482,1789817145.483,1789817145.491,14.46
2026-09-19 16:55:45.546,onvif-e9b03eab-61a3-46bd-9f42-888fd59ddbc4,1789817145.523,1789817145.526,1789817145.530,1789817145.536,1789817145.536,1789817145.547,23.08
2026-09-19 16:55:45.597,onvif-e9b03eab-61a3-46bd-9f42-888fd59ddbc4,1789817145.578,1789817145.580,1789817145.584,1789817145.589,1789817145.590,1789817145.597,19.32
2026-09-19 16:55:45.664,onvif-e9b03eab-61a3-46bd-9f42-888fd59ddbc4,1789817145.636,1789817145.648,1789817145.653,1789817145.655,1789817145.655,1789817145.664,27.98
2026-09-19 16:55:45.754,onvif-e9b03eab-61a3-46bd-9f42-888fd59ddbc4,1789817145.736,1789817145.740,1789817145.744,1789817145.748,1789817145.748,1789817145.755,18.79
2026-09-19 16:55:45.832,onvif-e9b03eab-61a3-46bd-9f42-888fd59ddbc4,1789817145.817,1789817145.818,1789817145.823,1789817145.825,1789817145.825,1789817145.832,15.41
2026-09-19 16:55:45.886,onvif-e9b03eab-61a3-46bd-9f42-888fd59ddbc4,1789817145.871,1789817145.871,1789817145.875,1789817145.878,1789817145.878,1789817145.887,16.22
2026-09-19 16:55:45.959,onvif-e9b03eab-61a3-46bd-9f42-888fd59ddbc4,1789817145.929,1789817145.938,1789817145.944,1789817145.950,1789817145.950,1789817145.960,30.94
2026-09-19 16:55:46.032,onvif-e9b03eab-61a3-46bd-9f42-888fd59ddbc4,1789817146.012,1789817146.016,1789817146.019,1789817146.021,1789817146.021,1789817146.032,19.76
2026-09-19 16:55:46.100,onvif-e9b03eab-61a3-46bd-9f42-888fd59ddbc4,1789817146.076,1789817146.080,1789817146.084,1789817146.091,1789817146.091,1789817146.100,24.34
2026-09-19 16:55:46.159,onvif-e9b03eab-61a3-46bd-9f42-888fd59ddbc4,1789817146.145,1789817146.147,1789817146.150,1789817146.151,1789817146.152,1789817146.160,14.70
2026-09-19 16:55:46.248,onvif-e9b03eab-61a3-46bd-9f42-888fd59ddbc4,1789817146.232,1789817146.234,1789817146.238,1789817146.243,1789817146.243,1789817146.249,17.35
2026-09-19 16:55:46.322,onvif-e9b03eab-61a3-46bd-9f42-888fd59ddbc4,1789817146.300,1789817146.306,1789817146.312,1789817146.314,1789817146.314,1789817146.323,22.72
2026-09-19 16:55:46.436,onvif-e9b03eab-61a3-46bd-9f42-888fd59ddbc4,1789817146.417,1789817146.420,1789817146.423,1789817146.426,1789817146.426,1789817146.436,19.16
2026-09-19 16:55:46.510,onvif-e9b03eab-61a3-46bd-9f42-888fd59ddbc4,1789817146.491,1789817146.492,1789817146.496,1789817146.503,1789817146.503,1789817146.510,19.17
2026-09-19 16:55:46.588,onvif-e9b03eab-61a3-46bd-9f42-888fd59ddbc4,1789817146.568,1789817146.569,1789817146.574,1789817146.580,1789817146.581,1789817146.588,19.96
2026-09-19 16:55:46.655,onvif-e9b03eab-61a3-46bd-9f42-888fd59ddbc4,1789817146.633,1789817146.636,1789817146.640,1789817146.646,1789817146.646,1789817146.656,23.06
2026-09-19 16:55:46.755,onvif-e9b03eab-61a3-46bd-9f42-888fd59ddbc4,1789817146.734,1789817146.738,1789817146.742,1789817146.744,1789817146.744,1789817146.756,21.47
2026-09-19 16:55:46.827,onvif-e9b03eab-61a3-46bd-9f42-888fd59ddbc4,1789817146.806,1789817146.811,1789817146.814,1789817146.820,1789817146.821,1789817146.828,21.91
2026-09-19 16:55:46.929,onvif-e9b03eab-61a3-46bd-9f42-888fd59ddbc4,1789817146.913,1789817146.919,1789817146.922,1789817146.924,1789817146.924,1789817146.930,16.47
2026-09-19 16:55:47.004,onvif-e9b03eab-61a3-46bd-9f42-888fd59ddbc4,1789817146.972,1789817146.985,1789817146.991,1789817146.994,1789817146.995,1789817147.005,32.92
2026-09-19 16:55:47.086,onvif-e9b03eab-61a3-46bd-9f42-888fd59ddbc4,1789817147.067,1789817147.068,1789817147.072,1789817147.076,1789817147.076,1789817147.087,20.06
2026-09-19 16:55:47.154,onvif-e9b03eab-61a3-46bd-9f42-888fd59ddbc4,1789817147.140,1789817147.140,1789817147.144,1789817147.148,1789817147.148,1789817147.154,14.31
2026-09-19 16:55:47.261,onvif-e9b03eab-61a3-46bd-9f42-888fd59ddbc4,1789817147.243,1789817147.248,1789817147.252,1789817147.255,1789817147.255,1789817147.261,18.23
2026-09-19 16:55:47.349,onvif-e9b03eab-61a3-46bd-9f42-888fd59ddbc4,1789817147.328,1789817147.331,1789817147.335,1789817147.339,1789817147.339,1789817147.349,20.96
2026-09-19 16:55:47.432,onvif-e9b03eab-61a3-46bd-9f42-888fd59ddbc4,1789817147.415,1789817147.418,1789817147.422,1789817147.425,1789817147.425,1789817147.433,17.37
2026-09-19 16:55:47.522,onvif-e9b03eab-61a3-46bd-9f42-888fd59ddbc4,1789817147.498,1789817147.501,1789817147.506,1789817147.512,1789817147.512,1789817147.522,23.93
2026-09-19 16:55:47.598,onvif-e9b03eab-61a3-46bd-9f42-888fd59ddbc4,1789817147.579,1789817147.581,1789817147.584,1789817147.586,1789817147.586,1789817147.599,19.72
2026-09-19 16:55:47.653,onvif-e9b03eab-61a3-46bd-9f42-888fd59ddbc4,1789817147.634,1789817147.635,1789817147.639,1789817147.646,1789817147.646,1789817147.653,18.98
2026-09-19 16:55:47.723,onvif-e9b03eab-61a3-46bd-9f42-888fd59ddbc4,1789817147.673,1789817147.702,1789817147.705,1789817147.710,1789817147.711,1789817147.724,50.55
2026-09-19 16:55:47.797,onvif-e9b03eab-61a3-46bd-9f42-888fd59ddbc4,1789817147.780,1789817147.784,1789817147.788,1789817147.792,1789817147.792,1789817147.798,17.54
2026-09-19 16:55:47.872,onvif-e9b03eab-61a3-46bd-9f42-888fd59ddbc4,1789817147.845,1789817147.851,1789817147.856,1789817147.863,1789817147.863,1789817147.873,28.01
2026-09-19 16:55:47.944,onvif-e9b03eab-61a3-46bd-9f42-888fd59ddbc4,1789817147.922,1789817147.926,1789817147.930,1789817147.933,1789817147.933,1789817147.944,22.17
2026-09-19 16:55:48.006,onvif-e9b03eab-61a3-46bd-9f42-888fd59ddbc4,1789817147.966,1789817147.993,1789817147.998,1789817147.999,1789817147.999,1789817148.006,40.28
2026-09-19 16:55:48.087,onvif-e9b03eab-61a3-46bd-9f42-888fd59ddbc4,1789817148.070,1789817148.070,1789817148.075,1789817148.080,1789817148.080,1789817148.088,17.71
2026-09-19 16:55:48.176,onvif-e9b03eab-61a3-46bd-9f42-888fd59ddbc4,1789817148.154,1789817148.158,1789817148.162,1789817148.167,1789817148.167,1789817148.176,22.16
2026-09-19 16:55:48.249,onvif-e9b03eab-61a3-46bd-9f42-888fd59ddbc4,1789817148.232,1789817148.235,1789817148.238,1789817148.243,1789817148.243,1789817148.249,17.45
2026-09-19 16:55:48.343,onvif-e9b03eab-61a3-46bd-9f42-888fd59ddbc4,1789817148.327,1789817148.328,1789817148.331,1789817148.335,1789817148.335,1789817148.343,15.93
2026-09-19 16:55:48.417,onvif-e9b03eab-61a3-46bd-9f42-888fd59ddbc4,1789817148.397,1789817148.400,1789817148.403,1789817148.407,1789817148.407,1789817148.417,19.83
2026-09-19 16:55:48.480,onvif-e9b03eab-61a3-46bd-9f42-888fd59ddbc4,1789817148.465,1789817148.467,1789817148.470,1789817148.473,1789817148.473,1789817148.481,15.97
2026-09-19 16:55:48.587,onvif-e9b03eab-61a3-46bd-9f42-888fd59ddbc4,1789817148.574,1789817148.574,1789817148.578,1789817148.581,1789817148.581,1789817148.588,14.09
2026-09-19 16:55:48.675,onvif-e9b03eab-61a3-46bd-9f42-888fd59ddbc4,1789817148.635,1789817148.657,1789817148.662,1789817148.668,1789817148.668,1789817148.675,40.07
2026-09-19 16:55:48.759,onvif-e9b03eab-61a3-46bd-9f42-888fd59ddbc4,1789817148.734,1789817148.739,1789817148.743,1789817148.749,1789817148.749,1789817148.759,25.09
2026-09-19 16:55:48.820,onvif-e9b03eab-61a3-46bd-9f42-888fd59ddbc4,1789817148.802,1789817148.806,1789817148.811,1789817148.814,1789817148.814,1789817148.820,18.38
2026-09-19 16:55:48.923,onvif-e9b03eab-61a3-46bd-9f42-888fd59ddbc4,1789817148.905,1789817148.909,1789817148.913,1789817148.917,1789817148.917,1789817148.923,18.36
2026-09-19 16:55:49.003,onvif-e9b03eab-61a3-46bd-9f42-888fd59ddbc4,1789817148.980,1789817148.984,1789817148.988,1789817148.991,1789817148.991,1789817149.004,24.09
2026-09-19 16:55:49.066,onvif-e9b03eab-61a3-46bd-9f42-888fd59ddbc4,1789817149.030,1789817149.051,1789817149.055,1789817149.058,1789817149.058,1789817149.066,36.05
2026-09-19 16:55:49.140,onvif-e9b03eab-61a3-46bd-9f42-888fd59ddbc4,1789817149.119,1789817149.123,1789817149.126,1789817149.129,1789817149.129,1789817149.140,21.06
2026-09-19 16:55:49.211,onvif-e9b03eab-61a3-46bd-9f42-888fd59ddbc4,1789817149.177,1789817149.195,1789817149.200,1789817149.205,1789817149.205,1789817149.212,34.63
2026-09-19 16:55:49.305,onvif-e9b03eab-61a3-46bd-9f42-888fd59ddbc4,1789817149.285,1789817149.287,1789817149.291,1789817149.297,1789817149.297,1789817149.305,19.72
2026-09-19 16:55:49.378,onvif-e9b03eab-61a3-46bd-9f42-888fd59ddbc4,1789817149.358,1789817149.360,1789817149.363,1789817149.368,1789817149.368,1789817149.379,20.97
2026-09-19 16:55:49.428,onvif-e9b03eab-61a3-46bd-9f42-888fd59ddbc4,1789817149.413,1789817149.414,1789817149.417,1789817149.422,1789817149.422,1789817149.429,16.00
2026-09-19 16:55:49.503,onvif-e9b03eab-61a3-46bd-9f42-888fd59ddbc4,1789817149.481,1789817149.486,1789817149.489,1789817149.493,1789817149.493,1789817149.504,22.66
2026-09-19 16:55:49.592,onvif-e9b03eab-61a3-46bd-9f42-888fd59ddbc4,1789817149.575,1789817149.578,1789817149.582,1789817149.585,1789817149.585,1789817149.592,17.37
2026-09-19 16:55:49.679,onvif-e9b03eab-61a3-46bd-9f42-888fd59ddbc4,1789817149.662,1789817149.666,1789817149.670,1789817149.672,1789817149.672,1789817149.680,17.49
2026-09-19 16:55:49.776,onvif-e9b03eab-61a3-46bd-9f42-888fd59ddbc4,1789817149.757,1789817149.758,1789817149.761,1789817149.763,1789817149.764,1789817149.777,19.83
2026-09-19 16:55:49.842,onvif-e9b03eab-61a3-46bd-9f42-888fd59ddbc4,1789817149.823,1789817149.825,1789817149.829,1789817149.835,1789817149.835,1789817149.843,19.98
2026-09-19 16:55:49.944,onvif-e9b03eab-61a3-46bd-9f42-888fd59ddbc4,1789817149.925,1789817149.928,1789817149.932,1789817149.937,1789817149.937,1789817149.944,19.30
2026-09-19 16:55:50.038,onvif-e9b03eab-61a3-46bd-9f42-888fd59ddbc4,1789817150.016,1789817150.021,1789817150.024,1789817150.029,1789817150.029,1789817150.038,22.10
2026-09-19 16:55:50.108,onvif-e9b03eab-61a3-46bd-9f42-888fd59ddbc4,1789817150.081,1789817150.093,1789817150.097,1789817150.100,1789817150.101,1789817150.109,27.60
2026-09-19 16:55:50.179,onvif-e9b03eab-61a3-46bd-9f42-888fd59ddbc4,1789817150.134,1789817150.160,1789817150.167,1789817150.171,1789817150.172,1789817150.179,44.87
2026-09-19 16:55:50.248,onvif-e9b03eab-61a3-46bd-9f42-888fd59ddbc4,1789817150.227,1789817150.232,1789817150.235,1789817150.238,1789817150.238,1789817150.248,20.84
2026-09-19 16:55:50.304,onvif-e9b03eab-61a3-46bd-9f42-888fd59ddbc4,1789817150.286,1789817150.291,1789817150.296,1789817150.297,1789817150.297,1789817150.305,18.82
2026-09-19 16:55:50.413,onvif-e9b03eab-61a3-46bd-9f42-888fd59ddbc4,1789817150.392,1789817150.394,1789817150.398,1789817150.404,1789817150.404,1789817150.413,21.42
2026-09-19 16:55:50.489,onvif-e9b03eab-61a3-46bd-9f42-888fd59ddbc4,1789817150.476,1789817150.476,1789817150.480,1789817150.481,1789817150.482,1789817150.490,13.88
2026-09-19 16:55:50.590,onvif-e9b03eab-61a3-46bd-9f42-888fd59ddbc4,1789817150.573,1789817150.574,1789817150.578,1789817150.583,1789817150.584,1789817150.591,18.12
2026-09-19 16:55:50.665,onvif-e9b03eab-61a3-46bd-9f42-888fd59ddbc4,1789817150.645,1789817150.646,1789817150.649,1789817150.654,1789817150.654,1789817150.665,20.43
2026-09-19 16:55:50.753,onvif-e9b03eab-61a3-46bd-9f42-888fd59ddbc4,1789817150.736,1789817150.739,1789817150.742,1789817150.746,1789817150.746,1789817150.754,17.72
2026-09-19 16:55:50.825,onvif-e9b03eab-61a3-46bd-9f42-888fd59ddbc4,1789817150.795,1789817150.806,1789817150.810,1789817150.817,1789817150.817,1789817150.825,30.78
2026-09-19 16:55:50.921,onvif-e9b03eab-61a3-46bd-9f42-888fd59ddbc4,1789817150.903,1789817150.903,1789817150.906,1789817150.909,1789817150.909,1789817150.921,18.23
2026-09-19 16:55:50.992,onvif-e9b03eab-61a3-46bd-9f42-888fd59ddbc4,1789817150.973,1789817150.975,1789817150.979,1789817150.985,1789817150.985,1789817150.992,19.35
2026-09-19 16:55:51.094,onvif-e9b03eab-61a3-46bd-9f42-888fd59ddbc4,1789817151.074,1789817151.078,1789817151.083,1789817151.088,1789817151.088,1789817151.094,20.41
2026-09-19 16:55:51.163,onvif-e9b03eab-61a3-46bd-9f42-888fd59ddbc4,1789817151.136,1789817151.146,1789817151.149,1789817151.153,1789817151.153,1789817151.163,26.86
2026-09-19 16:55:51.257,onvif-e9b03eab-61a3-46bd-9f42-888fd59ddbc4,1789817151.241,1789817151.244,1789817151.247,1789817151.250,1789817151.250,1789817151.258,16.04
2026-09-19 16:55:51.331,onvif-e9b03eab-61a3-46bd-9f42-888fd59ddbc4,1789817151.310,1789817151.311,1789817151.316,1789817151.322,1789817151.322,1789817151.331,20.99
2026-09-19 16:55:51.430,onvif-e9b03eab-61a3-46bd-9f42-888fd59ddbc4,1789817151.408,1789817151.413,1789817151.417,1789817151.419,1789817151.419,1789817151.431,22.54
2026-09-19 16:55:51.497,onvif-e9b03eab-61a3-46bd-9f42-888fd59ddbc4,1789817151.462,1789817151.480,1789817151.484,1789817151.491,1789817151.491,1789817151.498,35.79
2026-09-19 16:55:51.587,onvif-e9b03eab-61a3-46bd-9f42-888fd59ddbc4,1789817151.567,1789817151.568,1789817151.572,1789817151.577,1789817151.578,1789817151.587,20.56
2026-09-19 16:55:51.660,onvif-e9b03eab-61a3-46bd-9f42-888fd59ddbc4,1789817151.635,1789817151.645,1789817151.648,1789817151.654,1789817151.654,1789817151.661,25.03
2026-09-19 16:55:51.752,onvif-e9b03eab-61a3-46bd-9f42-888fd59ddbc4,1789817151.734,1789817151.737,1789817151.742,1789817151.746,1789817151.746,1789817151.753,18.62
2026-09-19 16:55:51.827,onvif-e9b03eab-61a3-46bd-9f42-888fd59ddbc4,1789817151.809,1789817151.810,1789817151.813,1789817151.816,1789817151.816,1789817151.828,18.64
2026-09-19 16:55:51.933,onvif-e9b03eab-61a3-46bd-9f42-888fd59ddbc4,1789817151.912,1789817151.918,1789817151.921,1789817151.923,1789817151.923,1789817151.933,20.96
2026-09-19 16:55:52.000,onvif-e9b03eab-61a3-46bd-9f42-888fd59ddbc4,1789817151.976,1789817151.984,1789817151.988,1789817151.994,1789817151.994,1789817152.001,24.55
2026-09-19 16:55:52.096,onvif-e9b03eab-61a3-46bd-9f42-888fd59ddbc4,1789817152.076,1789817152.077,1789817152.081,1789817152.085,1789817152.086,1789817152.096,20.54
2026-09-19 16:55:52.166,onvif-e9b03eab-61a3-46bd-9f42-888fd59ddbc4,1789817152.133,1789817152.149,1789817152.153,1789817152.160,1789817152.160,1789817152.166,33.17
2026-09-19 16:55:52.253,onvif-e9b03eab-61a3-46bd-9f42-888fd59ddbc4,1789817152.238,1789817152.242,1789817152.245,1789817152.247,1789817152.247,1789817152.253,14.83
2026-09-19 16:55:52.336,onvif-e9b03eab-61a3-46bd-9f42-888fd59ddbc4,1789817152.307,1789817152.319,1789817152.324,1789817152.328,1789817152.328,1789817152.337,30.17
2026-09-19 16:55:52.433,onvif-e9b03eab-61a3-46bd-9f42-888fd59ddbc4,1789817152.407,1789817152.412,1789817152.416,1789817152.420,1789817152.420,1789817152.434,27.13
2026-09-19 16:55:52.491,onvif-e9b03eab-61a3-46bd-9f42-888fd59ddbc4,1789817152.466,1789817152.479,1789817152.482,1789817152.485,1789817152.485,1789817152.491,25.14
2026-09-19 16:55:52.587,onvif-e9b03eab-61a3-46bd-9f42-888fd59ddbc4,1789817152.570,1789817152.571,1789817152.576,1789817152.582,1789817152.582,1789817152.588,17.86
2026-09-19 16:55:52.657,onvif-e9b03eab-61a3-46bd-9f42-888fd59ddbc4,1789817152.634,1789817152.638,1789817152.641,1789817152.647,1789817152.647,1789817152.658,23.83
2026-09-19 16:55:52.761,onvif-e9b03eab-61a3-46bd-9f42-888fd59ddbc4,1789817152.737,1789817152.741,1789817152.745,1789817152.749,1789817152.749,1789817152.761,24.34
2026-09-19 16:55:52.821,onvif-e9b03eab-61a3-46bd-9f42-888fd59ddbc4,1789817152.800,1789817152.808,1789817152.811,1789817152.815,1789817152.815,1789817152.822,21.61
2026-09-19 16:55:52.913,onvif-e9b03eab-61a3-46bd-9f42-888fd59ddbc4,1789817152.898,1789817152.901,1789817152.905,1789817152.906,1789817152.906,1789817152.914,15.26
2026-09-19 16:55:53.002,onvif-e9b03eab-61a3-46bd-9f42-888fd59ddbc4,1789817152.983,1789817152.983,1789817152.986,1789817152.989,1789817152.989,1789817153.002,19.54
2026-09-19 16:55:53.087,onvif-e9b03eab-61a3-46bd-9f42-888fd59ddbc4,1789817153.067,1789817153.071,1789817153.074,1789817153.081,1789817153.081,1789817153.087,20.44
2026-09-19 16:55:53.175,onvif-e9b03eab-61a3-46bd-9f42-888fd59ddbc4,1789817153.155,1789817153.158,1789817153.162,1789817153.167,1789817153.168,1789817153.176,20.61
2026-09-19 16:55:53.260,onvif-e9b03eab-61a3-46bd-9f42-888fd59ddbc4,1789817153.236,1789817153.241,1789817153.244,1789817153.249,1789817153.249,1789817153.260,24.80
2026-09-19 16:55:53.322,onvif-e9b03eab-61a3-46bd-9f42-888fd59ddbc4,1789817153.305,1789817153.308,1789817153.311,1789817153.315,1789817153.315,1789817153.323,17.27
2026-09-19 16:55:53.399,onvif-e9b03eab-61a3-46bd-9f42-888fd59ddbc4,1789817153.377,1789817153.382,1789817153.386,1789817153.390,1789817153.390,1789817153.399,22.09
2026-09-19 16:55:53.450,onvif-e9b03eab-61a3-46bd-9f42-888fd59ddbc4,1789817153.434,1789817153.436,1789817153.440,1789817153.444,1789817153.444,1789817153.451,16.12
2026-09-19 16:55:53.518,onvif-e9b03eab-61a3-46bd-9f42-888fd59ddbc4,1789817153.500,1789817153.503,1789817153.506,1789817153.510,1789817153.510,1789817153.518,18.08
2026-09-19 16:55:53.580,onvif-e9b03eab-61a3-46bd-9f42-888fd59ddbc4,1789817153.564,1789817153.567,1789817153.571,1789817153.574,1789817153.574,1789817153.581,16.25
2026-09-19 16:55:53.669,onvif-e9b03eab-61a3-46bd-9f42-888fd59ddbc4,1789817153.636,1789817153.649,1789817153.654,1789817153.660,1789817153.660,1789817153.670,33.41
2026-09-19 16:55:53.766,onvif-e9b03eab-61a3-46bd-9f42-888fd59ddbc4,1789817153.744,1789817153.747,1789817153.751,1789817153.757,1789817153.757,1789817153.766,22.35
2026-09-19 16:55:53.828,onvif-e9b03eab-61a3-46bd-9f42-888fd59ddbc4,1789817153.813,1789817153.814,1789817153.817,1789817153.822,1789817153.822,1789817153.829,15.89
2026-09-19 16:55:53.926,onvif-e9b03eab-61a3-46bd-9f42-888fd59ddbc4,1789817153.902,1789817153.906,1789817153.910,1789817153.913,1789817153.913,1789817153.927,25.20
2026-09-19 16:55:53.986,onvif-e9b03eab-61a3-46bd-9f42-888fd59ddbc4,1789817153.967,1789817153.973,1789817153.977,1789817153.979,1789817153.979,1789817153.986,19.39
2026-09-19 16:55:54.087,onvif-e9b03eab-61a3-46bd-9f42-888fd59ddbc4,1789817154.064,1789817154.066,1789817154.070,1789817154.076,1789817154.076,1789817154.087,23.42
2026-09-19 16:55:54.172,onvif-e9b03eab-61a3-46bd-9f42-888fd59ddbc4,1789817154.153,1789817154.153,1789817154.157,1789817154.163,1789817154.163,1789817154.173,19.62
2026-09-19 16:55:54.250,onvif-e9b03eab-61a3-46bd-9f42-888fd59ddbc4,1789817154.233,1789817154.236,1789817154.241,1789817154.245,1789817154.245,1789817154.251,17.58
2026-09-19 16:55:54.321,onvif-e9b03eab-61a3-46bd-9f42-888fd59ddbc4,1789817154.299,1789817154.303,1789817154.307,1789817154.310,1789817154.310,1789817154.321,21.81
2026-09-19 16:55:54.421,onvif-e9b03eab-61a3-46bd-9f42-888fd59ddbc4,1789817154.404,1789817154.407,1789817154.410,1789817154.413,1789817154.413,1789817154.421,17.58
2026-09-19 16:55:54.490,onvif-e9b03eab-61a3-46bd-9f42-888fd59ddbc4,1789817154.466,1789817154.473,1789817154.478,1789817154.484,1789817154.484,1789817154.491,24.79
2026-09-19 16:55:54.588,onvif-e9b03eab-61a3-46bd-9f42-888fd59ddbc4,1789817154.569,1789817154.571,1789817154.575,1789817154.581,1789817154.581,1789817154.589,19.40
2026-09-19 16:55:54.662,onvif-e9b03eab-61a3-46bd-9f42-888fd59ddbc4,1789817154.637,1789817154.643,1789817154.647,1789817154.652,1789817154.652,1789817154.662,25.40
2026-09-19 16:55:54.755,onvif-e9b03eab-61a3-46bd-9f42-888fd59ddbc4,1789817154.738,1789817154.742,1789817154.744,1789817154.749,1789817154.749,1789817154.755,17.74
2026-09-19 16:55:54.829,onvif-e9b03eab-61a3-46bd-9f42-888fd59ddbc4,1789817154.802,1789817154.808,1789817154.815,1789817154.820,1789817154.820,1789817154.830,27.15
2026-09-19 16:55:54.880,onvif-e9b03eab-61a3-46bd-9f42-888fd59ddbc4,1789817154.868,1789817154.868,1789817154.871,1789817154.873,1789817154.874,1789817154.880,12.69
2026-09-19 16:55:54.955,onvif-e9b03eab-61a3-46bd-9f42-888fd59ddbc4,1789817154.932,1789817154.937,1789817154.940,1789817154.943,1789817154.944,1789817154.956,23.34
2026-09-19 16:55:55.037,onvif-e9b03eab-61a3-46bd-9f42-888fd59ddbc4,1789817155.024,1789817155.025,1789817155.028,1789817155.030,1789817155.030,1789817155.037,13.04
2026-09-19 16:55:55.100,onvif-e9b03eab-61a3-46bd-9f42-888fd59ddbc4,1789817155.083,1789817155.084,1789817155.087,1789817155.090,1789817155.090,1789817155.100,17.27
2026-09-19 16:55:55.166,onvif-e9b03eab-61a3-46bd-9f42-888fd59ddbc4,1789817155.142,1789817155.151,1789817155.155,1789817155.161,1789817155.161,1789817155.167,25.16
2026-09-19 16:55:55.264,onvif-e9b03eab-61a3-46bd-9f42-888fd59ddbc4,1789817155.248,1789817155.248,1789817155.252,1789817155.257,1789817155.257,1789817155.264,16.84
2026-09-19 16:55:55.336,onvif-e9b03eab-61a3-46bd-9f42-888fd59ddbc4,1789817155.303,1789817155.320,1789817155.324,1789817155.327,1789817155.327,1789817155.337,33.47
2026-09-19 16:55:55.419,onvif-e9b03eab-61a3-46bd-9f42-888fd59ddbc4,1789817155.407,1789817155.408,1789817155.411,1789817155.413,1789817155.413,1789817155.419,12.10
2026-09-19 16:55:55.479,onvif-e9b03eab-61a3-46bd-9f42-888fd59ddbc4,1789817155.457,1789817155.462,1789817155.465,1789817155.467,1789817155.467,1789817155.479,22.17
2026-09-19 16:55:55.543,onvif-e9b03eab-61a3-46bd-9f42-888fd59ddbc4,1789817155.500,1789817155.529,1789817155.533,1789817155.537,1789817155.538,1789817155.544,43.49
2026-09-19 16:55:55.627,onvif-e9b03eab-61a3-46bd-9f42-888fd59ddbc4,1789817155.611,1789817155.611,1789817155.616,1789817155.619,1789817155.619,1789817155.627,16.25
2026-09-19 16:55:55.696,onvif-e9b03eab-61a3-46bd-9f42-888fd59ddbc4,1789817155.674,1789817155.678,1789817155.681,1789817155.685,1789817155.685,1789817155.697,23.10
2026-09-19 16:55:55.757,onvif-e9b03eab-61a3-46bd-9f42-888fd59ddbc4,1789817155.738,1789817155.742,1789817155.746,1789817155.750,1789817155.750,1789817155.758,19.27
2026-09-19 16:55:55.824,onvif-e9b03eab-61a3-46bd-9f42-888fd59ddbc4,1789817155.806,1789817155.809,1789817155.813,1789817155.816,1789817155.816,1789817155.824,18.24
2026-09-19 16:55:55.932,onvif-e9b03eab-61a3-46bd-9f42-888fd59ddbc4,1789817155.912,1789817155.917,1789817155.920,1789817155.923,1789817155.923,1789817155.933,20.31
2026-09-19 16:55:55.997,onvif-e9b03eab-61a3-46bd-9f42-888fd59ddbc4,1789817155.974,1789817155.984,1789817155.988,1789817155.990,1789817155.990,1789817155.997,23.70
2026-09-19 16:55:56.084,onvif-e9b03eab-61a3-46bd-9f42-888fd59ddbc4,1789817156.065,1789817156.066,1789817156.070,1789817156.076,1789817156.076,1789817156.084,19.64
2026-09-19 16:55:56.155,onvif-e9b03eab-61a3-46bd-9f42-888fd59ddbc4,1789817156.135,1789817156.138,1789817156.141,1789817156.148,1789817156.148,1789817156.155,20.42
2026-09-19 16:55:56.259,onvif-e9b03eab-61a3-46bd-9f42-888fd59ddbc4,1789817156.240,1789817156.241,1789817156.245,1789817156.249,1789817156.249,1789817156.259,19.32
2026-09-19 16:55:56.321,onvif-e9b03eab-61a3-46bd-9f42-888fd59ddbc4,1789817156.303,1789817156.308,1789817156.312,1789817156.315,1789817156.316,1789817156.322,18.60
2026-09-19 16:55:56.461,onvif-e9b03eab-61a3-46bd-9f42-888fd59ddbc4,1789817156.441,1789817156.444,1789817156.448,1789817156.450,1789817156.450,1789817156.461,20.18
2026-09-19 16:55:56.524,onvif-e9b03eab-61a3-46bd-9f42-888fd59ddbc4,1789817156.502,1789817156.511,1789817156.515,1789817156.517,1789817156.517,1789817156.524,21.74
2026-09-19 16:55:56.588,onvif-e9b03eab-61a3-46bd-9f42-888fd59ddbc4,1789817156.569,1789817156.570,1789817156.573,1789817156.577,1789817156.577,1789817156.589,20.13
2026-09-19 16:55:56.658,onvif-e9b03eab-61a3-46bd-9f42-888fd59ddbc4,1789817156.635,1789817156.642,1789817156.645,1789817156.648,1789817156.649,1789817156.659,23.98
2026-09-19 16:55:56.759,onvif-e9b03eab-61a3-46bd-9f42-888fd59ddbc4,1789817156.743,1789817156.745,1789817156.748,1789817156.752,1789817156.752,1789817156.759,16.86
2026-09-19 16:55:56.851,onvif-e9b03eab-61a3-46bd-9f42-888fd59ddbc4,1789817156.834,1789817156.837,1789817156.841,1789817156.844,1789817156.845,1789817156.852,18.07
2026-09-19 16:55:56.936,onvif-e9b03eab-61a3-46bd-9f42-888fd59ddbc4,1789817156.916,1789817156.920,1789817156.923,1789817156.926,1789817156.927,1789817156.937,21.07
2026-09-19 16:55:57.000,onvif-e9b03eab-61a3-46bd-9f42-888fd59ddbc4,1789817156.962,1789817156.987,1789817156.991,1789817156.992,1789817156.992,1789817157.001,39.04
2026-09-19 16:55:57.101,onvif-e9b03eab-61a3-46bd-9f42-888fd59ddbc4,1789817157.081,1789817157.085,1789817157.089,1789817157.095,1789817157.095,1789817157.102,20.88
2026-09-19 16:55:57.195,onvif-e9b03eab-61a3-46bd-9f42-888fd59ddbc4,1789817157.175,1789817157.178,1789817157.182,1789817157.188,1789817157.188,1789817157.195,20.49
2026-09-19 16:55:57.302,onvif-e9b03eab-61a3-46bd-9f42-888fd59ddbc4,1789817157.276,1789817157.281,1789817157.284,1789817157.291,1789817157.291,1789817157.302,26.15
2026-09-19 16:55:57.372,onvif-e9b03eab-61a3-46bd-9f42-888fd59ddbc4,1789817157.357,1789817157.358,1789817157.361,1789817157.367,1789817157.367,1789817157.373,15.48
2026-09-19 16:55:57.434,onvif-e9b03eab-61a3-46bd-9f42-888fd59ddbc4,1789817157.409,1789817157.412,1789817157.416,1789817157.421,1789817157.421,1789817157.435,25.58
2026-09-19 16:55:57.508,onvif-e9b03eab-61a3-46bd-9f42-888fd59ddbc4,1789817157.490,1789817157.494,1789817157.498,1789817157.503,1789817157.503,1789817157.509,19.23
2026-09-19 16:55:57.596,onvif-e9b03eab-61a3-46bd-9f42-888fd59ddbc4,1789817157.578,1789817157.581,1789817157.585,1789817157.590,1789817157.590,1789817157.597,18.62
2026-09-19 16:55:57.672,onvif-e9b03eab-61a3-46bd-9f42-888fd59ddbc4,1789817157.650,1789817157.654,1789817157.657,1789817157.661,1789817157.661,1789817157.673,22.47
2026-09-19 16:55:57.776,onvif-e9b03eab-61a3-46bd-9f42-888fd59ddbc4,1789817157.757,1789817157.762,1789817157.766,1789817157.767,1789817157.767,1789817157.777,19.82
2026-09-19 16:55:57.845,onvif-e9b03eab-61a3-46bd-9f42-888fd59ddbc4,1789817157.811,1789817157.829,1789817157.832,1789817157.839,1789817157.839,1789817157.845,33.58
2026-09-19 16:55:57.931,onvif-e9b03eab-61a3-46bd-9f42-888fd59ddbc4,1789817157.914,1789817157.916,1789817157.919,1789817157.921,1789817157.921,1789817157.932,18.01
2026-09-19 16:55:58.004,onvif-e9b03eab-61a3-46bd-9f42-888fd59ddbc4,1789817157.983,1789817157.988,1789817157.992,1789817157.998,1789817157.998,1789817158.005,21.27
2026-09-19 16:55:58.062,onvif-e9b03eab-61a3-46bd-9f42-888fd59ddbc4,1789817158.040,1789817158.042,1789817158.045,1789817158.051,1789817158.052,1789817158.062,22.62
2026-09-19 16:55:58.146,onvif-e9b03eab-61a3-46bd-9f42-888fd59ddbc4,1789817158.124,1789817158.127,1789817158.130,1789817158.137,1789817158.137,1789817158.146,22.79
2026-09-19 16:55:58.225,onvif-e9b03eab-61a3-46bd-9f42-888fd59ddbc4,1789817158.206,1789817158.210,1789817158.214,1789817158.218,1789817158.218,1789817158.225,18.75
2026-09-19 16:55:58.328,onvif-e9b03eab-61a3-46bd-9f42-888fd59ddbc4,1789817158.312,1789817158.313,1789817158.316,1789817158.319,1789817158.319,1789817158.329,17.18
2026-09-19 16:55:58.397,onvif-e9b03eab-61a3-46bd-9f42-888fd59ddbc4,1789817158.369,1789817158.380,1789817158.384,1789817158.391,1789817158.391,1789817158.397,28.05
2026-09-19 16:55:58.469,onvif-e9b03eab-61a3-46bd-9f42-888fd59ddbc4,1789817158.440,1789817158.447,1789817158.452,1789817158.457,1789817158.457,1789817158.469,29.13
2026-09-19 16:55:58.543,onvif-e9b03eab-61a3-46bd-9f42-888fd59ddbc4,1789817158.511,1789817158.524,1789817158.527,1789817158.534,1789817158.534,1789817158.543,32.69
2026-09-19 16:55:58.621,onvif-e9b03eab-61a3-46bd-9f42-888fd59ddbc4,1789817158.596,1789817158.606,1789817158.610,1789817158.616,1789817158.616,1789817158.621,25.33
2026-09-19 16:55:58.703,onvif-e9b03eab-61a3-46bd-9f42-888fd59ddbc4,1789817158.685,1789817158.689,1789817158.693,1789817158.696,1789817158.697,1789817158.704,19.09
2026-09-19 16:55:58.771,onvif-e9b03eab-61a3-46bd-9f42-888fd59ddbc4,1789817158.752,1789817158.753,1789817158.757,1789817158.761,1789817158.761,1789817158.771,19.46
2026-09-19 16:55:58.834,onvif-e9b03eab-61a3-46bd-9f42-888fd59ddbc4,1789817158.799,1789817158.820,1789817158.825,1789817158.826,1789817158.826,1789817158.834,35.03
2026-09-19 16:55:58.915,onvif-e9b03eab-61a3-46bd-9f42-888fd59ddbc4,1789817158.899,1789817158.903,1789817158.906,1789817158.908,1789817158.908,1789817158.915,16.58
2026-09-19 16:55:58.967,onvif-e9b03eab-61a3-46bd-9f42-888fd59ddbc4,1789817158.947,1789817158.952,1789817158.955,1789817158.961,1789817158.961,1789817158.967,20.08
2026-09-19 16:55:59.038,onvif-e9b03eab-61a3-46bd-9f42-888fd59ddbc4,1789817159.018,1789817159.018,1789817159.024,1789817159.028,1789817159.028,1789817159.038,20.48
2026-09-19 16:55:59.123,onvif-e9b03eab-61a3-46bd-9f42-888fd59ddbc4,1789817159.106,1789817159.106,1789817159.110,1789817159.115,1789817159.115,1789817159.123,17.48
2026-09-19 16:55:59.198,onvif-e9b03eab-61a3-46bd-9f42-888fd59ddbc4,1789817159.180,1789817159.183,1789817159.187,1789817159.192,1789817159.192,1789817159.199,18.96
2026-09-19 16:55:59.255,onvif-e9b03eab-61a3-46bd-9f42-888fd59ddbc4,1789817159.233,1789817159.237,1789817159.241,1789817159.246,1789817159.246,1789817159.256,23.20
2026-09-19 16:55:59.327,onvif-e9b03eab-61a3-46bd-9f42-888fd59ddbc4,1789817159.307,1789817159.314,1789817159.317,1789817159.321,1789817159.321,1789817159.328,21.13
2026-09-19 16:55:59.437,onvif-e9b03eab-61a3-46bd-9f42-888fd59ddbc4,1789817159.419,1789817159.423,1789817159.427,1789817159.429,1789817159.429,1789817159.438,19.20
2026-09-19 16:55:59.509,onvif-e9b03eab-61a3-46bd-9f42-888fd59ddbc4,1789817159.466,1789817159.490,1789817159.496,1789817159.500,1789817159.501,1789817159.509,43.10
2026-09-19 16:55:59.581,onvif-e9b03eab-61a3-46bd-9f42-888fd59ddbc4,1789817159.561,1789817159.562,1789817159.565,1789817159.572,1789817159.572,1789817159.582,20.63
2026-09-19 16:55:59.655,onvif-e9b03eab-61a3-46bd-9f42-888fd59ddbc4,1789817159.633,1789817159.639,1789817159.643,1789817159.648,1789817159.648,1789817159.655,22.48
2026-09-19 16:55:59.754,onvif-e9b03eab-61a3-46bd-9f42-888fd59ddbc4,1789817159.734,1789817159.737,1789817159.740,1789817159.745,1789817159.745,1789817159.754,20.14
2026-09-19 16:55:59.829,onvif-e9b03eab-61a3-46bd-9f42-888fd59ddbc4,1789817159.814,1789817159.814,1789817159.818,1789817159.821,1789817159.821,1789817159.830,15.98
2026-09-19 16:55:59.924,onvif-e9b03eab-61a3-46bd-9f42-888fd59ddbc4,1789817159.908,1789817159.912,1789817159.916,1789817159.918,1789817159.918,1789817159.925,16.97
2026-09-19 16:55:59.998,onvif-e9b03eab-61a3-46bd-9f42-888fd59ddbc4,1789817159.965,1789817159.979,1789817159.985,1789817159.988,1789817159.989,1789817159.999,33.64
2026-09-19 16:56:00.093,onvif-e9b03eab-61a3-46bd-9f42-888fd59ddbc4,1789817160.075,1789817160.077,1789817160.081,1789817160.085,1789817160.085,1789817160.094,19.32
2026-09-19 16:56:00.161,onvif-e9b03eab-61a3-46bd-9f42-888fd59ddbc4,1789817160.144,1789817160.144,1789817160.149,1789817160.151,1789817160.151,1789817160.162,18.07
2026-09-19 16:56:00.265,onvif-e9b03eab-61a3-46bd-9f42-888fd59ddbc4,1789817160.249,1789817160.252,1789817160.256,1789817160.258,1789817160.259,1789817160.265,16.55
2026-09-19 16:56:00.340,onvif-e9b03eab-61a3-46bd-9f42-888fd59ddbc4,1789817160.302,1789817160.319,1789817160.323,1789817160.329,1789817160.329,1789817160.341,39.09
2026-09-19 16:56:00.432,onvif-e9b03eab-61a3-46bd-9f42-888fd59ddbc4,1789817160.414,1789817160.417,1789817160.420,1789817160.426,1789817160.426,1789817160.433,18.93
2026-09-19 16:56:00.500,onvif-e9b03eab-61a3-46bd-9f42-888fd59ddbc4,1789817160.470,1789817160.484,1789817160.489,1789817160.491,1789817160.492,1789817160.500,29.91
2026-09-19 16:56:00.584,onvif-e9b03eab-61a3-46bd-9f42-888fd59ddbc4,1789817160.564,1789817160.567,1789817160.569,1789817160.573,1789817160.573,1789817160.585,21.23
2026-09-19 16:56:00.656,onvif-e9b03eab-61a3-46bd-9f42-888fd59ddbc4,1789817160.637,1789817160.644,1789817160.647,1789817160.650,1789817160.650,1789817160.656,19.22
2026-09-19 16:56:00.749,onvif-e9b03eab-61a3-46bd-9f42-888fd59ddbc4,1789817160.736,1789817160.736,1789817160.740,1789817160.742,1789817160.742,1789817160.749,13.30
2026-09-19 16:56:00.830,onvif-e9b03eab-61a3-46bd-9f42-888fd59ddbc4,1789817160.797,1789817160.808,1789817160.812,1789817160.819,1789817160.819,1789817160.830,33.72
2026-09-19 16:56:00.924,onvif-e9b03eab-61a3-46bd-9f42-888fd59ddbc4,1789817160.909,1789817160.911,1789817160.914,1789817160.916,1789817160.916,1789817160.925,15.85
2026-09-19 16:56:00.994,onvif-e9b03eab-61a3-46bd-9f42-888fd59ddbc4,1789817160.976,1789817160.978,1789817160.981,1789817160.987,1789817160.987,1789817160.994,18.44
2026-09-19 16:56:01.092,onvif-e9b03eab-61a3-46bd-9f42-888fd59ddbc4,1789817161.074,1789817161.076,1789817161.080,1789817161.085,1789817161.085,1789817161.092,18.23
2026-09-19 16:56:01.170,onvif-e9b03eab-61a3-46bd-9f42-888fd59ddbc4,1789817161.151,1789817161.153,1789817161.157,1789817161.161,1789817161.161,1789817161.171,19.60
2026-09-19 16:56:01.248,onvif-e9b03eab-61a3-46bd-9f42-888fd59ddbc4,1789817161.232,1789817161.235,1789817161.238,1789817161.241,1789817161.241,1789817161.248,16.60
2026-09-19 16:56:01.323,onvif-e9b03eab-61a3-46bd-9f42-888fd59ddbc4,1789817161.306,1789817161.308,1789817161.311,1789817161.317,1789817161.317,1789817161.324,17.60
2026-09-19 16:56:01.428,onvif-e9b03eab-61a3-46bd-9f42-888fd59ddbc4,1789817161.408,1789817161.411,1789817161.414,1789817161.420,1789817161.420,1789817161.429,20.09
2026-09-19 16:56:01.497,onvif-e9b03eab-61a3-46bd-9f42-888fd59ddbc4,1789817161.475,1789817161.483,1789817161.486,1789817161.491,1789817161.491,1789817161.497,22.13
2026-09-19 16:56:01.591,onvif-e9b03eab-61a3-46bd-9f42-888fd59ddbc4,1789817161.570,1789817161.575,1789817161.579,1789817161.583,1789817161.584,1789817161.592,21.47
2026-09-19 16:56:01.661,onvif-e9b03eab-61a3-46bd-9f42-888fd59ddbc4,1789817161.634,1789817161.642,1789817161.645,1789817161.650,1789817161.650,1789817161.662,28.28
2026-09-19 16:56:01.764,onvif-e9b03eab-61a3-46bd-9f42-888fd59ddbc4,1789817161.743,1789817161.745,1789817161.749,1789817161.752,1789817161.753,1789817161.764,21.56
2026-09-19 16:56:01.825,onvif-e9b03eab-61a3-46bd-9f42-888fd59ddbc4,1789817161.801,1789817161.812,1789817161.816,1789817161.819,1789817161.819,1789817161.826,25.12
2026-09-19 16:56:01.926,onvif-e9b03eab-61a3-46bd-9f42-888fd59ddbc4,1789817161.913,1789817161.915,1789817161.918,1789817161.921,1789817161.921,1789817161.927,14.36
2026-09-19 16:56:01.996,onvif-e9b03eab-61a3-46bd-9f42-888fd59ddbc4,1789817161.966,1789817161.982,1789817161.985,1789817161.987,1789817161.987,1789817161.997,30.99
2026-09-19 16:56:02.086,onvif-e9b03eab-61a3-46bd-9f42-888fd59ddbc4,1789817162.066,1789817162.070,1789817162.073,1789817162.078,1789817162.078,1789817162.087,20.90
2026-09-19 16:56:02.161,onvif-e9b03eab-61a3-46bd-9f42-888fd59ddbc4,1789817162.143,1789817162.147,1789817162.152,1789817162.154,1789817162.154,1789817162.161,18.41
2026-09-19 16:56:02.255,onvif-e9b03eab-61a3-46bd-9f42-888fd59ddbc4,1789817162.231,1789817162.235,1789817162.238,1789817162.242,1789817162.242,1789817162.255,23.89
2026-09-19 16:56:02.319,onvif-e9b03eab-61a3-46bd-9f42-888fd59ddbc4,1789817162.302,1789817162.307,1789817162.310,1789817162.313,1789817162.313,1789817162.319,16.71
2026-09-19 16:56:02.444,onvif-e9b03eab-61a3-46bd-9f42-888fd59ddbc4,1789817162.427,1789817162.430,1789817162.434,1789817162.435,1789817162.435,1789817162.444,16.62
2026-09-19 16:56:02.500,onvif-e9b03eab-61a3-46bd-9f42-888fd59ddbc4,1789817162.478,1789817162.479,1789817162.483,1789817162.489,1789817162.489,1789817162.500,22.36
2026-09-19 16:56:02.587,onvif-e9b03eab-61a3-46bd-9f42-888fd59ddbc4,1789817162.571,1789817162.572,1789817162.575,1789817162.581,1789817162.581,1789817162.588,16.53
2026-09-19 16:56:02.657,onvif-e9b03eab-61a3-46bd-9f42-888fd59ddbc4,1789817162.633,1789817162.639,1789817162.643,1789817162.646,1789817162.646,1789817162.657,24.69
2026-09-19 16:56:02.761,onvif-e9b03eab-61a3-46bd-9f42-888fd59ddbc4,1789817162.738,1789817162.742,1789817162.746,1789817162.750,1789817162.750,1789817162.762,23.18
2026-09-19 16:56:02.846,onvif-e9b03eab-61a3-46bd-9f42-888fd59ddbc4,1789817162.826,1789817162.829,1789817162.834,1789817162.838,1789817162.838,1789817162.847,21.22
2026-09-19 16:56:02.915,onvif-e9b03eab-61a3-46bd-9f42-888fd59ddbc4,1789817162.899,1789817162.902,1789817162.906,1789817162.908,1789817162.908,1789817162.915,16.40
2026-09-19 16:56:02.989,onvif-e9b03eab-61a3-46bd-9f42-888fd59ddbc4,1789817162.966,1789817162.969,1789817162.972,1789817162.978,1789817162.978,1789817162.989,23.32
2026-09-19 16:56:03.101,onvif-e9b03eab-61a3-46bd-9f42-888fd59ddbc4,1789817163.082,1789817163.082,1789817163.085,1789817163.091,1789817163.091,1789817163.101,19.50
2026-09-19 16:56:03.174,onvif-e9b03eab-61a3-46bd-9f42-888fd59ddbc4,1789817163.152,1789817163.154,1789817163.159,1789817163.162,1789817163.162,1789817163.174,22.18
2026-09-19 16:56:03.263,onvif-e9b03eab-61a3-46bd-9f42-888fd59ddbc4,1789817163.240,1789817163.241,1789817163.246,1789817163.249,1789817163.249,1789817163.263,22.98
2026-09-19 16:56:03.361,onvif-e9b03eab-61a3-46bd-9f42-888fd59ddbc4,1789817163.295,1789817163.308,1789817163.313,1789817163.315,1789817163.315,1789817163.362,66.75
2026-09-19 16:56:03.419,onvif-e9b03eab-61a3-46bd-9f42-888fd59ddbc4,1789817163.406,1789817163.406,1789817163.410,1789817163.412,1789817163.412,1789817163.420,14.36
2026-09-19 16:56:03.497,onvif-e9b03eab-61a3-46bd-9f42-888fd59ddbc4,1789817163.479,1789817163.483,1789817163.487,1789817163.489,1789817163.489,1789817163.497,18.20
2026-09-19 16:56:03.592,onvif-e9b03eab-61a3-46bd-9f42-888fd59ddbc4,1789817163.573,1789817163.576,1789817163.580,1789817163.583,1789817163.583,1789817163.592,19.82
2026-09-19 16:56:03.659,onvif-e9b03eab-61a3-46bd-9f42-888fd59ddbc4,1789817163.632,1789817163.643,1789817163.647,1789817163.654,1789817163.654,1789817163.660,27.25
2026-09-19 16:56:03.765,onvif-e9b03eab-61a3-46bd-9f42-888fd59ddbc4,1789817163.746,1789817163.746,1789817163.750,1789817163.755,1789817163.756,1789817163.766,20.47
2026-09-19 16:56:03.830,onvif-e9b03eab-61a3-46bd-9f42-888fd59ddbc4,1789817163.803,1789817163.813,1789817163.817,1789817163.821,1789817163.821,1789817163.830,27.24
2026-09-19 16:56:03.924,onvif-e9b03eab-61a3-46bd-9f42-888fd59ddbc4,1789817163.909,1789817163.912,1789817163.915,1789817163.918,1789817163.918,1789817163.925,15.50
2026-09-19 16:56:04.001,onvif-e9b03eab-61a3-46bd-9f42-888fd59ddbc4,1789817163.984,1789817163.984,1789817163.987,1789817163.989,1789817163.989,1789817164.002,18.34
2026-09-19 16:56:04.080,onvif-e9b03eab-61a3-46bd-9f42-888fd59ddbc4,1789817164.066,1789817164.066,1789817164.070,1789817164.075,1789817164.075,1789817164.080,14.54
2026-09-19 16:56:04.156,onvif-e9b03eab-61a3-46bd-9f42-888fd59ddbc4,1789817164.136,1789817164.138,1789817164.144,1789817164.145,1789817164.145,1789817164.157,20.64
2026-09-19 16:56:04.247,onvif-e9b03eab-61a3-46bd-9f42-888fd59ddbc4,1789817164.227,1789817164.231,1789817164.234,1789817164.236,1789817164.236,1789817164.248,20.27
2026-09-19 16:56:04.317,onvif-e9b03eab-61a3-46bd-9f42-888fd59ddbc4,1789817164.300,1789817164.303,1789817164.306,1789817164.312,1789817164.312,1789817164.318,18.26
2026-09-19 16:56:04.393,onvif-e9b03eab-61a3-46bd-9f42-888fd59ddbc4,1789817164.368,1789817164.372,1789817164.376,1789817164.381,1789817164.381,1789817164.394,26.00
2026-09-19 16:56:04.478,onvif-e9b03eab-61a3-46bd-9f42-888fd59ddbc4,1789817164.460,1789817164.463,1789817164.467,1789817164.471,1789817164.471,1789817164.478,18.73
2026-09-19 16:56:04.572,onvif-e9b03eab-61a3-46bd-9f42-888fd59ddbc4,1789817164.549,1789817164.553,1789817164.558,1789817164.562,1789817164.562,1789817164.572,23.04
2026-09-19 16:56:04.643,onvif-e9b03eab-61a3-46bd-9f42-888fd59ddbc4,1789817164.626,1789817164.630,1789817164.634,1789817164.637,1789817164.637,1789817164.643,17.32
2026-09-19 16:56:04.718,onvif-e9b03eab-61a3-46bd-9f42-888fd59ddbc4,1789817164.676,1789817164.697,1789817164.702,1789817164.707,1789817164.707,1789817164.718,41.97
2026-09-19 16:56:04.778,onvif-e9b03eab-61a3-46bd-9f42-888fd59ddbc4,1789817164.748,1789817164.764,1789817164.767,1789817164.773,1789817164.773,1789817164.779,30.60
2026-09-19 16:56:04.891,onvif-e9b03eab-61a3-46bd-9f42-888fd59ddbc4,1789817164.875,1789817164.877,1789817164.881,1789817164.885,1789817164.885,1789817164.891,16.10
2026-09-19 16:56:04.962,onvif-e9b03eab-61a3-46bd-9f42-888fd59ddbc4,1789817164.947,1789817164.949,1789817164.953,1789817164.955,1789817164.956,1789817164.962,15.58
2026-09-19 16:56:05.041,onvif-e9b03eab-61a3-46bd-9f42-888fd59ddbc4,1789817165.017,1789817165.021,1789817165.025,1789817165.030,1789817165.030,1789817165.041,24.13
2026-09-19 16:56:05.101,onvif-e9b03eab-61a3-46bd-9f42-888fd59ddbc4,1789817165.073,1789817165.088,1789817165.091,1789817165.095,1789817165.095,1789817165.101,28.08
2026-09-19 16:56:05.183,onvif-e9b03eab-61a3-46bd-9f42-888fd59ddbc4,1789817165.165,1789817165.170,1789817165.174,1789817165.175,1789817165.175,1789817165.183,17.75
2026-09-19 16:56:05.291,onvif-e9b03eab-61a3-46bd-9f42-888fd59ddbc4,1789817165.272,1789817165.273,1789817165.277,1789817165.282,1789817165.283,1789817165.291,19.10
2026-09-19 16:56:05.385,onvif-e9b03eab-61a3-46bd-9f42-888fd59ddbc4,1789817165.368,1789817165.371,1789817165.374,1789817165.378,1789817165.378,1789817165.385,16.74
2026-09-19 16:56:05.461,onvif-e9b03eab-61a3-46bd-9f42-888fd59ddbc4,1789817165.434,1789817165.443,1789817165.449,1789817165.454,1789817165.454,1789817165.462,27.58
2026-09-19 16:56:05.535,onvif-e9b03eab-61a3-46bd-9f42-888fd59ddbc4,1789817165.513,1789817165.515,1789817165.519,1789817165.523,1789817165.523,1789817165.535,21.90
2026-09-19 16:56:07.104,onvif-e9b03eab-61a3-46bd-9f42-888fd59ddbc4,1789817167.071,1789817167.074,1789817167.080,1789817167.083,1789817167.083,1789817167.104,33.39
2026-09-19 16:56:07.180,onvif-e9b03eab-61a3-46bd-9f42-888fd59ddbc4,1789817167.136,1789817167.151,1789817167.158,1789817167.161,1789817167.161,1789817167.180,44.29
2026-09-19 16:56:07.256,onvif-e9b03eab-61a3-46bd-9f42-888fd59ddbc4,1789817167.218,1789817167.223,1789817167.230,1789817167.234,1789817167.234,1789817167.256,38.49
2026-09-19 16:56:07.317,onvif-e9b03eab-61a3-46bd-9f42-888fd59ddbc4,1789817167.283,1789817167.290,1789817167.296,1789817167.303,1789817167.303,1789817167.318,35.11
2026-09-19 16:56:07.401,onvif-e9b03eab-61a3-46bd-9f42-888fd59ddbc4,1789817167.345,1789817167.357,1789817167.365,1789817167.371,1789817167.372,1789817167.402,57.14
2026-09-19 16:56:07.453,onvif-e9b03eab-61a3-46bd-9f42-888fd59ddbc4,1789817167.421,1789817167.424,1789817167.430,1789817167.434,1789817167.434,1789817167.454,32.55
2026-09-19 16:56:07.528,onvif-e9b03eab-61a3-46bd-9f42-888fd59ddbc4,1789817167.495,1789817167.497,1789817167.505,1789817167.507,1789817167.507,1789817167.529,33.56
2026-09-19 16:56:07.636,onvif-e9b03eab-61a3-46bd-9f42-888fd59ddbc4,1789817167.600,1789817167.601,1789817167.610,1789817167.613,1789817167.614,1789817167.637,37.06
2026-09-19 16:56:07.703,onvif-e9b03eab-61a3-46bd-9f42-888fd59ddbc4,1789817167.665,1789817167.674,1789817167.679,1789817167.681,1789817167.681,1789817167.704,39.05
2026-09-19 16:56:07.793,onvif-e9b03eab-61a3-46bd-9f42-888fd59ddbc4,1789817167.762,1789817167.767,1789817167.773,1789817167.777,1789817167.777,1789817167.794,31.90
2026-09-19 16:56:07.867,onvif-e9b03eab-61a3-46bd-9f42-888fd59ddbc4,1789817167.826,1789817167.834,1789817167.837,1789817167.843,1789817167.843,1789817167.867,41.00
2026-09-19 16:56:07.946,onvif-e9b03eab-61a3-46bd-9f42-888fd59ddbc4,1789817167.931,1789817167.931,1789817167.935,1789817167.940,1789817167.940,1789817167.946,15.42
2026-09-19 16:56:08.013,onvif-e9b03eab-61a3-46bd-9f42-888fd59ddbc4,1789817167.997,1789817167.998,1789817168.003,1789817168.006,1789817168.006,1789817168.013,16.51
2026-09-19 16:56:08.127,onvif-e9b03eab-61a3-46bd-9f42-888fd59ddbc4,1789817168.107,1789817168.107,1789817168.111,1789817168.115,1789817168.115,1789817168.127,20.35
2026-09-19 16:56:08.188,onvif-e9b03eab-61a3-46bd-9f42-888fd59ddbc4,1789817168.156,1789817168.174,1789817168.177,1789817168.181,1789817168.181,1789817168.189,33.05
2026-09-19 16:56:08.286,onvif-e9b03eab-61a3-46bd-9f42-888fd59ddbc4,1789817168.265,1789817168.266,1789817168.270,1789817168.273,1789817168.273,1789817168.286,21.30
2026-09-19 16:56:08.347,onvif-e9b03eab-61a3-46bd-9f42-888fd59ddbc4,1789817168.324,1789817168.333,1789817168.338,1789817168.340,1789817168.340,1789817168.348,23.58
2026-09-19 16:56:08.448,onvif-e9b03eab-61a3-46bd-9f42-888fd59ddbc4,1789817168.428,1789817168.431,1789817168.435,1789817168.441,1789817168.442,1789817168.448,20.94
2026-09-19 16:56:08.515,onvif-e9b03eab-61a3-46bd-9f42-888fd59ddbc4,1789817168.498,1789817168.498,1789817168.502,1789817168.507,1789817168.507,1789817168.516,18.15
2026-09-19 16:56:08.620,onvif-e9b03eab-61a3-46bd-9f42-888fd59ddbc4,1789817168.600,1789817168.602,1789817168.605,1789817168.610,1789817168.610,1789817168.621,21.44
2026-09-19 16:56:08.682,onvif-e9b03eab-61a3-46bd-9f42-888fd59ddbc4,1789817168.662,1789817168.669,1789817168.673,1789817168.676,1789817168.676,1789817168.683,20.39
2026-09-19 16:56:08.796,onvif-e9b03eab-61a3-46bd-9f42-888fd59ddbc4,1789817168.778,1789817168.782,1789817168.786,1789817168.789,1789817168.789,1789817168.797,18.20
2026-09-19 16:56:08.870,onvif-e9b03eab-61a3-46bd-9f42-888fd59ddbc4,1789817168.825,1789817168.849,1789817168.855,1789817168.860,1789817168.860,1789817168.871,46.06
2026-09-19 16:56:08.949,onvif-e9b03eab-61a3-46bd-9f42-888fd59ddbc4,1789817168.929,1789817168.932,1789817168.935,1789817168.937,1789817168.938,1789817168.950,20.67
2026-09-19 16:56:09.016,onvif-e9b03eab-61a3-46bd-9f42-888fd59ddbc4,1789817168.999,1789817168.999,1789817169.003,1789817169.009,1789817169.010,1789817169.016,17.64
2026-09-19 16:56:09.114,onvif-e9b03eab-61a3-46bd-9f42-888fd59ddbc4,1789817169.092,1789817169.096,1789817169.100,1789817169.107,1789817169.108,1789817169.115,22.82
2026-09-19 16:56:09.193,onvif-e9b03eab-61a3-46bd-9f42-888fd59ddbc4,1789817169.161,1789817169.174,1789817169.180,1789817169.185,1789817169.185,1789817169.194,33.09
2026-09-19 16:56:09.296,onvif-e9b03eab-61a3-46bd-9f42-888fd59ddbc4,1789817169.275,1789817169.277,1789817169.280,1789817169.283,1789817169.283,1789817169.297,21.61
2026-09-19 16:56:09.363,onvif-e9b03eab-61a3-46bd-9f42-888fd59ddbc4,1789817169.328,1789817169.344,1789817169.348,1789817169.355,1789817169.355,1789817169.363,35.40
2026-09-19 16:56:09.445,onvif-e9b03eab-61a3-46bd-9f42-888fd59ddbc4,1789817169.426,1789817169.426,1789817169.431,1789817169.437,1789817169.437,1789817169.445,19.78
2026-09-19 16:56:09.519,onvif-e9b03eab-61a3-46bd-9f42-888fd59ddbc4,1789817169.493,1789817169.498,1789817169.502,1789817169.508,1789817169.508,1789817169.519,26.62
2026-09-19 16:56:09.608,onvif-e9b03eab-61a3-46bd-9f42-888fd59ddbc4,1789817169.593,1789817169.595,1789817169.599,1789817169.602,1789817169.602,1789817169.608,15.66
2026-09-19 16:56:09.684,onvif-e9b03eab-61a3-46bd-9f42-888fd59ddbc4,1789817169.660,1789817169.662,1789817169.668,1789817169.674,1789817169.674,1789817169.685,24.84
2026-09-19 16:56:09.774,onvif-e9b03eab-61a3-46bd-9f42-888fd59ddbc4,1789817169.752,1789817169.755,1789817169.759,1789817169.762,1789817169.762,1789817169.774,22.44
2026-09-19 16:56:09.847,onvif-e9b03eab-61a3-46bd-9f42-888fd59ddbc4,1789817169.831,1789817169.832,1789817169.836,1789817169.839,1789817169.839,1789817169.847,16.28
2026-09-19 16:56:09.944,onvif-e9b03eab-61a3-46bd-9f42-888fd59ddbc4,1789817169.927,1789817169.930,1789817169.934,1789817169.937,1789817169.937,1789817169.945,17.37
2026-09-19 16:56:10.032,onvif-e9b03eab-61a3-46bd-9f42-888fd59ddbc4,1789817169.999,1789817170.012,1789817170.017,1789817170.020,1789817170.020,1789817170.033,34.02
2026-09-19 16:56:10.115,onvif-e9b03eab-61a3-46bd-9f42-888fd59ddbc4,1789817170.090,1789817170.094,1789817170.098,1789817170.103,1789817170.103,1789817170.115,25.24
2026-09-19 16:56:10.178,onvif-e9b03eab-61a3-46bd-9f42-888fd59ddbc4,1789817170.160,1789817170.161,1789817170.166,1789817170.170,1789817170.170,1789817170.179,19.31
2026-09-19 16:56:10.289,onvif-e9b03eab-61a3-46bd-9f42-888fd59ddbc4,1789817170.273,1789817170.274,1789817170.278,1789817170.283,1789817170.283,1789817170.290,16.19
2026-09-19 16:56:10.365,onvif-e9b03eab-61a3-46bd-9f42-888fd59ddbc4,1789817170.343,1789817170.344,1789817170.348,1789817170.352,1789817170.352,1789817170.365,22.58
2026-09-19 16:56:10.427,onvif-e9b03eab-61a3-46bd-9f42-888fd59ddbc4,1789817170.382,1789817170.411,1789817170.414,1789817170.418,1789817170.418,1789817170.427,45.52
2026-09-19 16:56:10.502,onvif-e9b03eab-61a3-46bd-9f42-888fd59ddbc4,1789817170.466,1789817170.478,1789817170.483,1789817170.491,1789817170.491,1789817170.502,36.50
2026-09-19 16:56:10.561,onvif-e9b03eab-61a3-46bd-9f42-888fd59ddbc4,1789817170.532,1789817170.545,1789817170.549,1789817170.553,1789817170.553,1789817170.562,29.76
2026-09-19 16:56:10.619,onvif-e9b03eab-61a3-46bd-9f42-888fd59ddbc4,1789817170.597,1789817170.599,1789817170.603,1789817170.607,1789817170.607,1789817170.619,21.81
2026-09-19 16:56:10.681,onvif-e9b03eab-61a3-46bd-9f42-888fd59ddbc4,1789817170.657,1789817170.666,1789817170.669,1789817170.674,1789817170.674,1789817170.682,24.77
2026-09-19 16:56:10.788,onvif-e9b03eab-61a3-46bd-9f42-888fd59ddbc4,1789817170.767,1789817170.769,1789817170.772,1789817170.776,1789817170.777,1789817170.789,21.60
2026-09-19 16:56:10.850,onvif-e9b03eab-61a3-46bd-9f42-888fd59ddbc4,1789817170.825,1789817170.836,1789817170.840,1789817170.843,1789817170.843,1789817170.851,25.95
2026-09-19 16:56:10.943,onvif-e9b03eab-61a3-46bd-9f42-888fd59ddbc4,1789817170.924,1789817170.929,1789817170.934,1789817170.936,1789817170.936,1789817170.944,20.42
2026-09-19 16:56:11.013,onvif-e9b03eab-61a3-46bd-9f42-888fd59ddbc4,1789817170.989,1789817170.996,1789817170.999,1789817171.002,1789817171.002,1789817171.013,23.98
2026-09-19 16:56:11.118,onvif-e9b03eab-61a3-46bd-9f42-888fd59ddbc4,1789817171.098,1789817171.098,1789817171.101,1789817171.105,1789817171.105,1789817171.118,20.76
2026-09-19 16:56:11.189,onvif-e9b03eab-61a3-46bd-9f42-888fd59ddbc4,1789817171.176,1789817171.176,1789817171.179,1789817171.182,1789817171.182,1789817171.189,13.48
2026-09-19 16:56:11.281,onvif-e9b03eab-61a3-46bd-9f42-888fd59ddbc4,1789817171.258,1789817171.263,1789817171.268,1789817171.274,1789817171.274,1789817171.282,23.59
2026-09-19 16:56:11.348,onvif-e9b03eab-61a3-46bd-9f42-888fd59ddbc4,1789817171.321,1789817171.330,1789817171.333,1789817171.340,1789817171.340,1789817171.349,27.72
2026-09-19 16:56:11.458,onvif-e9b03eab-61a3-46bd-9f42-888fd59ddbc4,1789817171.436,1789817171.438,1789817171.442,1789817171.449,1789817171.449,1789817171.459,22.44
2026-09-19 16:56:11.523,onvif-e9b03eab-61a3-46bd-9f42-888fd59ddbc4,1789817171.492,1789817171.505,1789817171.510,1789817171.516,1789817171.516,1789817171.523,30.81
2026-09-19 16:56:11.611,onvif-e9b03eab-61a3-46bd-9f42-888fd59ddbc4,1789817171.589,1789817171.593,1789817171.597,1789817171.603,1789817171.603,1789817171.612,22.89
2026-09-19 16:56:11.686,onvif-e9b03eab-61a3-46bd-9f42-888fd59ddbc4,1789817171.653,1789817171.665,1789817171.669,1789817171.675,1789817171.675,1789817171.686,33.22
2026-09-19 16:56:11.774,onvif-e9b03eab-61a3-46bd-9f42-888fd59ddbc4,1789817171.755,1789817171.758,1789817171.761,1789817171.767,1789817171.767,1789817171.774,19.00
2026-09-19 16:56:11.858,onvif-e9b03eab-61a3-46bd-9f42-888fd59ddbc4,1789817171.837,1789817171.840,1789817171.845,1789817171.850,1789817171.850,1789817171.858,21.50
2026-09-19 16:56:11.963,onvif-e9b03eab-61a3-46bd-9f42-888fd59ddbc4,1789817171.941,1789817171.943,1789817171.946,1789817171.952,1789817171.952,1789817171.964,22.40
2026-09-19 16:56:12.026,onvif-e9b03eab-61a3-46bd-9f42-888fd59ddbc4,1789817171.997,1789817172.010,1789817172.014,1789817172.019,1789817172.019,1789817172.027,29.60
2026-09-19 16:56:12.119,onvif-e9b03eab-61a3-46bd-9f42-888fd59ddbc4,1789817172.102,1789817172.102,1789817172.106,1789817172.112,1789817172.112,1789817172.120,17.71
2026-09-19 16:56:12.193,onvif-e9b03eab-61a3-46bd-9f42-888fd59ddbc4,1789817172.173,1789817172.175,1789817172.178,1789817172.183,1789817172.183,1789817172.193,20.89
2026-09-19 16:56:12.308,onvif-e9b03eab-61a3-46bd-9f42-888fd59ddbc4,1789817172.285,1789817172.288,1789817172.292,1789817172.296,1789817172.297,1789817172.309,23.44
2026-09-19 16:56:12.373,onvif-e9b03eab-61a3-46bd-9f42-888fd59ddbc4,1789817172.336,1789817172.355,1789817172.358,1789817172.364,1789817172.364,1789817172.374,37.79
2026-09-19 16:56:12.463,onvif-e9b03eab-61a3-46bd-9f42-888fd59ddbc4,1789817172.438,1789817172.442,1789817172.447,1789817172.452,1789817172.452,1789817172.463,24.87
2026-09-19 16:56:12.525,onvif-e9b03eab-61a3-46bd-9f42-888fd59ddbc4,1789817172.497,1789817172.509,1789817172.514,1789817172.519,1789817172.519,1789817172.526,28.53
2026-09-19 16:56:12.629,onvif-e9b03eab-61a3-46bd-9f42-888fd59ddbc4,1789817172.609,1789817172.612,1789817172.616,1789817172.621,1789817172.621,1789817172.629,20.68
2026-09-19 16:56:12.694,onvif-e9b03eab-61a3-46bd-9f42-888fd59ddbc4,1789817172.669,1789817172.679,1789817172.683,1789817172.687,1789817172.687,1789817172.695,25.63
2026-09-19 16:56:12.794,onvif-e9b03eab-61a3-46bd-9f42-888fd59ddbc4,1789817172.776,1789817172.777,1789817172.781,1789817172.786,1789817172.786,1789817172.794,18.35
2026-09-19 16:56:12.864,onvif-e9b03eab-61a3-46bd-9f42-888fd59ddbc4,1789817172.838,1789817172.844,1789817172.848,1789817172.852,1789817172.852,1789817172.865,27.06
2026-09-19 16:56:12.941,onvif-e9b03eab-61a3-46bd-9f42-888fd59ddbc4,1789817172.922,1789817172.927,1789817172.931,1789817172.935,1789817172.935,1789817172.942,20.36
2026-09-19 16:56:13.017,onvif-e9b03eab-61a3-46bd-9f42-888fd59ddbc4,1789817172.983,1789817172.999,1789817173.004,1789817173.007,1789817173.007,1789817173.018,34.26
2026-09-19 16:56:13.132,onvif-e9b03eab-61a3-46bd-9f42-888fd59ddbc4,1789817173.109,1789817173.112,1789817173.115,1789817173.120,1789817173.120,1789817173.132,23.55
2026-09-19 16:56:13.192,onvif-e9b03eab-61a3-46bd-9f42-888fd59ddbc4,1789817173.163,1789817173.179,1789817173.183,1789817173.186,1789817173.186,1789817173.192,28.99
2026-09-19 16:56:13.284,onvif-e9b03eab-61a3-46bd-9f42-888fd59ddbc4,1789817173.262,1789817173.266,1789817173.270,1789817173.273,1789817173.274,1789817173.284,22.60
2026-09-19 16:56:13.353,onvif-e9b03eab-61a3-46bd-9f42-888fd59ddbc4,1789817173.333,1789817173.333,1789817173.336,1789817173.340,1789817173.340,1789817173.353,20.43
2026-09-19 16:56:13.439,onvif-e9b03eab-61a3-46bd-9f42-888fd59ddbc4,1789817173.422,1789817173.426,1789817173.430,1789817173.433,1789817173.433,1789817173.440,18.13
2026-09-19 16:56:13.501,onvif-e9b03eab-61a3-46bd-9f42-888fd59ddbc4,1789817173.477,1789817173.480,1789817173.484,1789817173.487,1789817173.487,1789817173.502,25.19
2026-09-19 16:56:13.562,onvif-e9b03eab-61a3-46bd-9f42-888fd59ddbc4,1789817173.532,1789817173.547,1789817173.552,1789817173.554,1789817173.554,1789817173.563,30.52
2026-09-19 16:56:13.627,onvif-e9b03eab-61a3-46bd-9f42-888fd59ddbc4,1789817173.602,1789817173.606,1789817173.610,1789817173.613,1789817173.613,1789817173.627,25.21
2026-09-19 16:56:13.689,onvif-e9b03eab-61a3-46bd-9f42-888fd59ddbc4,1789817173.658,1789817173.673,1789817173.677,1789817173.681,1789817173.681,1789817173.689,31.07
2026-09-19 16:56:13.776,onvif-e9b03eab-61a3-46bd-9f42-888fd59ddbc4,1789817173.758,1789817173.761,1789817173.765,1789817173.768,1789817173.768,1789817173.776,18.12
2026-09-19 16:56:13.852,onvif-e9b03eab-61a3-46bd-9f42-888fd59ddbc4,1789817173.831,1789817173.833,1789817173.836,1789817173.840,1789817173.840,1789817173.852,21.48
2026-09-19 16:56:13.960,onvif-e9b03eab-61a3-46bd-9f42-888fd59ddbc4,1789817173.937,1789817173.941,1789817173.945,1789817173.949,1789817173.949,1789817173.961,23.99
2026-09-19 16:56:14.023,onvif-e9b03eab-61a3-46bd-9f42-888fd59ddbc4,1789817173.996,1789817174.008,1789817174.012,1789817174.015,1789817174.015,1789817174.023,27.15
2026-09-19 16:56:14.109,onvif-e9b03eab-61a3-46bd-9f42-888fd59ddbc4,1789817174.092,1789817174.095,1789817174.099,1789817174.102,1789817174.102,1789817174.110,17.89
2026-09-19 16:56:14.186,onvif-e9b03eab-61a3-46bd-9f42-888fd59ddbc4,1789817174.163,1789817174.167,1789817174.171,1789817174.174,1789817174.174,1789817174.186,22.98
2026-09-19 16:56:14.303,onvif-e9b03eab-61a3-46bd-9f42-888fd59ddbc4,1789817174.278,1789817174.282,1789817174.286,1789817174.289,1789817174.289,1789817174.303,25.59
2026-09-19 16:56:14.363,onvif-e9b03eab-61a3-46bd-9f42-888fd59ddbc4,1789817174.330,1789817174.349,1789817174.353,1789817174.356,1789817174.356,1789817174.363,32.92
2026-09-19 16:56:14.445,onvif-e9b03eab-61a3-46bd-9f42-888fd59ddbc4,1789817174.427,1789817174.431,1789817174.435,1789817174.437,1789817174.437,1789817174.445,17.74
2026-09-19 16:56:14.522,onvif-e9b03eab-61a3-46bd-9f42-888fd59ddbc4,1789817174.502,1789817174.503,1789817174.506,1789817174.508,1789817174.508,1789817174.522,20.20
2026-09-19 16:56:14.634,onvif-e9b03eab-61a3-46bd-9f42-888fd59ddbc4,1789817174.614,1789817174.616,1789817174.620,1789817174.622,1789817174.622,1789817174.634,20.55
2026-09-19 16:56:14.696,onvif-e9b03eab-61a3-46bd-9f42-888fd59ddbc4,1789817174.671,1789817174.683,1789817174.687,1789817174.688,1789817174.688,1789817174.697,25.67
2026-09-19 16:56:14.788,onvif-e9b03eab-61a3-46bd-9f42-888fd59ddbc4,1789817174.767,1789817174.771,1789817174.775,1789817174.781,1789817174.781,1789817174.789,21.28
2026-09-19 16:56:14.861,onvif-e9b03eab-61a3-46bd-9f42-888fd59ddbc4,1789817174.834,1789817174.838,1789817174.843,1789817174.847,1789817174.847,1789817174.862,27.77
2026-09-19 16:56:14.952,onvif-e9b03eab-61a3-46bd-9f42-888fd59ddbc4,1789817174.931,1789817174.935,1789817174.939,1789817174.945,1789817174.945,1789817174.952,20.99
2026-09-19 16:56:15.028,onvif-e9b03eab-61a3-46bd-9f42-888fd59ddbc4,1789817174.998,1789817175.007,1789817175.012,1789817175.017,1789817175.017,1789817175.029,31.38
2026-09-19 16:56:15.115,onvif-e9b03eab-61a3-46bd-9f42-888fd59ddbc4,1789817175.093,1789817175.095,1789817175.098,1789817175.104,1789817175.104,1789817175.115,22.92
2026-09-19 16:56:15.179,onvif-e9b03eab-61a3-46bd-9f42-888fd59ddbc4,1789817175.159,1789817175.162,1789817175.166,1789817175.172,1789817175.172,1789817175.180,20.41
2026-09-19 16:56:15.297,onvif-e9b03eab-61a3-46bd-9f42-888fd59ddbc4,1789817175.273,1789817175.275,1789817175.279,1789817175.286,1789817175.286,1789817175.298,24.85
2026-09-19 16:56:15.357,onvif-e9b03eab-61a3-46bd-9f42-888fd59ddbc4,1789817175.331,1789817175.342,1789817175.345,1789817175.348,1789817175.348,1789817175.358,26.39
2026-09-19 16:56:15.448,onvif-e9b03eab-61a3-46bd-9f42-888fd59ddbc4,1789817175.426,1789817175.430,1789817175.434,1789817175.441,1789817175.441,1789817175.448,22.48
2026-09-19 16:56:15.517,onvif-e9b03eab-61a3-46bd-9f42-888fd59ddbc4,1789817175.495,1789817175.497,1789817175.503,1789817175.507,1789817175.507,1789817175.517,21.96
2026-09-19 16:56:15.611,onvif-e9b03eab-61a3-46bd-9f42-888fd59ddbc4,1789817175.589,1789817175.589,1789817175.593,1789817175.599,1789817175.599,1789817175.611,22.16
2026-09-19 16:56:15.689,onvif-e9b03eab-61a3-46bd-9f42-888fd59ddbc4,1789817175.661,1789817175.672,1789817175.675,1789817175.682,1789817175.682,1789817175.690,28.35
2026-09-19 16:56:15.777,onvif-e9b03eab-61a3-46bd-9f42-888fd59ddbc4,1789817175.756,1789817175.759,1789817175.764,1789817175.769,1789817175.769,1789817175.777,21.43
2026-09-19 16:56:15.850,onvif-e9b03eab-61a3-46bd-9f42-888fd59ddbc4,1789817175.826,1789817175.831,1789817175.835,1789817175.841,1789817175.841,1789817175.851,24.62
2026-09-19 16:56:15.940,onvif-e9b03eab-61a3-46bd-9f42-888fd59ddbc4,1789817175.923,1789817175.924,1789817175.928,1789817175.934,1789817175.934,1789817175.941,18.23
2026-09-19 16:56:15.999,onvif-e9b03eab-61a3-46bd-9f42-888fd59ddbc4,1789817175.976,1789817175.978,1789817175.982,1789817175.988,1789817175.988,1789817176.000,23.24
2026-09-19 16:56:16.074,onvif-e9b03eab-61a3-46bd-9f42-888fd59ddbc4,1789817176.050,1789817176.055,1789817176.059,1789817176.066,1789817176.066,1789817176.075,24.95
2026-09-19 16:56:16.149,onvif-e9b03eab-61a3-46bd-9f42-888fd59ddbc4,1789817176.125,1789817176.127,1789817176.132,1789817176.138,1789817176.138,1789817176.149,24.37
2026-09-19 16:56:16.235,onvif-e9b03eab-61a3-46bd-9f42-888fd59ddbc4,1789817176.212,1789817176.215,1789817176.219,1789817176.225,1789817176.225,1789817176.236,23.94
2026-09-19 16:56:16.309,onvif-e9b03eab-61a3-46bd-9f42-888fd59ddbc4,1789817176.292,1789817176.297,1789817176.301,1789817176.302,1789817176.302,1789817176.309,17.00
2026-09-19 16:56:16.391,onvif-e9b03eab-61a3-46bd-9f42-888fd59ddbc4,1789817176.369,1789817176.374,1789817176.379,1789817176.384,1789817176.384,1789817176.391,22.08
2026-09-19 16:56:16.464,onvif-e9b03eab-61a3-46bd-9f42-888fd59ddbc4,1789817176.439,1789817176.444,1789817176.447,1789817176.454,1789817176.454,1789817176.464,25.28
2026-09-19 16:56:16.527,onvif-e9b03eab-61a3-46bd-9f42-888fd59ddbc4,1789817176.496,1789817176.511,1789817176.514,1789817176.520,1789817176.520,1789817176.528,32.08
2026-09-19 16:56:16.610,onvif-e9b03eab-61a3-46bd-9f42-888fd59ddbc4,1789817176.589,1789817176.593,1789817176.597,1789817176.602,1789817176.602,1789817176.610,21.66
2026-09-19 16:56:16.679,onvif-e9b03eab-61a3-46bd-9f42-888fd59ddbc4,1789817176.652,1789817176.660,1789817176.664,1789817176.669,1789817176.669,1789817176.680,27.87
2026-09-19 16:56:16.731,onvif-e9b03eab-61a3-46bd-9f42-888fd59ddbc4,1789817176.710,1789817176.714,1789817176.718,1789817176.722,1789817176.723,1789817176.731,21.16
2026-09-19 16:56:16.795,onvif-e9b03eab-61a3-46bd-9f42-888fd59ddbc4,1789817176.769,1789817176.773,1789817176.777,1789817176.782,1789817176.782,1789817176.795,26.47
2026-09-19 16:56:16.861,onvif-e9b03eab-61a3-46bd-9f42-888fd59ddbc4,1789817176.841,1789817176.845,1789817176.849,1789817176.854,1789817176.855,1789817176.862,21.01
2026-09-19 16:56:16.940,onvif-e9b03eab-61a3-46bd-9f42-888fd59ddbc4,1789817176.921,1789817176.922,1789817176.927,1789817176.932,1789817176.932,1789817176.940,18.82
2026-09-19 16:56:17.010,onvif-e9b03eab-61a3-46bd-9f42-888fd59ddbc4,1789817176.986,1789817176.989,1789817176.993,1789817176.998,1789817176.998,1789817177.011,24.97
2026-09-19 16:56:17.129,onvif-e9b03eab-61a3-46bd-9f42-888fd59ddbc4,1789817177.105,1789817177.108,1789817177.111,1789817177.118,1789817177.118,1789817177.130,24.78
2026-09-19 16:56:17.179,onvif-e9b03eab-61a3-46bd-9f42-888fd59ddbc4,1789817177.160,1789817177.162,1789817177.166,1789817177.171,1789817177.171,1789817177.179,19.50
2026-09-19 16:56:17.249,onvif-e9b03eab-61a3-46bd-9f42-888fd59ddbc4,1789817177.208,1789817177.229,1789817177.233,1789817177.238,1789817177.238,1789817177.250,41.74
2026-09-19 16:56:17.326,onvif-e9b03eab-61a3-46bd-9f42-888fd59ddbc4,1789817177.309,1789817177.311,1789817177.314,1789817177.320,1789817177.320,1789817177.327,17.78
2026-09-19 16:56:17.412,onvif-e9b03eab-61a3-46bd-9f42-888fd59ddbc4,1789817177.389,1789817177.393,1789817177.398,1789817177.404,1789817177.404,1789817177.412,22.98
2026-09-19 16:56:17.494,onvif-e9b03eab-61a3-46bd-9f42-888fd59ddbc4,1789817177.467,1789817177.471,1789817177.475,1789817177.481,1789817177.481,1789817177.495,27.53
2026-09-19 16:56:17.570,onvif-e9b03eab-61a3-46bd-9f42-888fd59ddbc4,1789817177.551,1789817177.553,1789817177.557,1789817177.563,1789817177.563,1789817177.570,19.85
2026-09-19 16:56:17.653,onvif-e9b03eab-61a3-46bd-9f42-888fd59ddbc4,1789817177.637,1789817177.638,1789817177.642,1789817177.644,1789817177.644,1789817177.654,16.33
2026-09-19 16:56:17.728,onvif-e9b03eab-61a3-46bd-9f42-888fd59ddbc4,1789817177.714,1789817177.715,1789817177.719,1789817177.721,1789817177.721,1789817177.729,15.15
2026-09-19 16:56:17.806,onvif-e9b03eab-61a3-46bd-9f42-888fd59ddbc4,1789817177.786,1789817177.787,1789817177.794,1789817177.798,1789817177.798,1789817177.807,21.12
2026-09-19 16:56:17.890,onvif-e9b03eab-61a3-46bd-9f42-888fd59ddbc4,1789817177.866,1789817177.870,1789817177.873,1789817177.880,1789817177.880,1789817177.891,25.14
2026-09-19 16:56:17.970,onvif-e9b03eab-61a3-46bd-9f42-888fd59ddbc4,1789817177.935,1789817177.952,1789817177.956,1789817177.963,1789817177.963,1789817177.971,36.07
2026-09-19 16:56:18.041,onvif-e9b03eab-61a3-46bd-9f42-888fd59ddbc4,1789817178.018,1789817178.019,1789817178.025,1789817178.030,1789817178.030,1789817178.041,23.07
2026-09-19 16:56:18.133,onvif-e9b03eab-61a3-46bd-9f42-888fd59ddbc4,1789817178.115,1789817178.117,1789817178.121,1789817178.124,1789817178.124,1789817178.133,18.31
2026-09-19 16:56:18.178,onvif-e9b03eab-61a3-46bd-9f42-888fd59ddbc4,1789817178.152,1789817178.155,1789817178.160,1789817178.163,1789817178.163,1789817178.179,26.33
2026-09-19 16:56:18.236,onvif-e9b03eab-61a3-46bd-9f42-888fd59ddbc4,1789817178.198,1789817178.199,1789817178.204,1789817178.207,1789817178.207,1789817178.237,39.06
2026-09-19 16:56:18.283,onvif-e9b03eab-61a3-46bd-9f42-888fd59ddbc4,1789817178.262,1789817178.263,1789817178.267,1789817178.271,1789817178.271,1789817178.283,21.05
2026-09-19 16:56:18.356,onvif-e9b03eab-61a3-46bd-9f42-888fd59ddbc4,1789817178.330,1789817178.341,1789817178.344,1789817178.348,1789817178.348,1789817178.356,26.23
2026-09-19 16:56:18.450,onvif-e9b03eab-61a3-46bd-9f42-888fd59ddbc4,1789817178.430,1789817178.433,1789817178.437,1789817178.442,1789817178.442,1789817178.451,20.78
2026-09-19 16:56:18.520,onvif-e9b03eab-61a3-46bd-9f42-888fd59ddbc4,1789817178.489,1789817178.500,1789817178.504,1789817178.508,1789817178.508,1789817178.520,30.87
2026-09-19 16:56:18.612,onvif-e9b03eab-61a3-46bd-9f42-888fd59ddbc4,1789817178.593,1789817178.598,1789817178.602,1789817178.606,1789817178.606,1789817178.612,19.33
2026-09-19 16:56:18.688,onvif-e9b03eab-61a3-46bd-9f42-888fd59ddbc4,1789817178.660,1789817178.665,1789817178.671,1789817178.678,1789817178.678,1789817178.689,28.85
2026-09-19 16:56:18.775,onvif-e9b03eab-61a3-46bd-9f42-888fd59ddbc4,1789817178.757,1789817178.757,1789817178.761,1789817178.765,1789817178.765,1789817178.775,17.67
2026-09-19 16:56:18.848,onvif-e9b03eab-61a3-46bd-9f42-888fd59ddbc4,1789817178.835,1789817178.835,1789817178.839,1789817178.842,1789817178.842,1789817178.849,13.84
2026-09-19 16:56:18.906,onvif-e9b03eab-61a3-46bd-9f42-888fd59ddbc4,1789817178.887,1789817178.889,1789817178.892,1789817178.895,1789817178.895,1789817178.906,19.71
2026-09-19 16:56:18.977,onvif-e9b03eab-61a3-46bd-9f42-888fd59ddbc4,1789817178.957,1789817178.961,1789817178.965,1789817178.969,1789817178.969,1789817178.978,20.97
2026-09-19 16:56:19.048,onvif-e9b03eab-61a3-46bd-9f42-888fd59ddbc4,1789817179.023,1789817179.028,1789817179.034,1789817179.041,1789817179.041,1789817179.049,26.04
2026-09-19 16:56:19.106,onvif-e9b03eab-61a3-46bd-9f42-888fd59ddbc4,1789817179.088,1789817179.092,1789817179.096,1789817179.100,1789817179.100,1789817179.106,18.89
2026-09-19 16:56:19.164,onvif-e9b03eab-61a3-46bd-9f42-888fd59ddbc4,1789817179.144,1789817179.146,1789817179.150,1789817179.153,1789817179.153,1789817179.164,20.27
2026-09-19 16:56:19.229,onvif-e9b03eab-61a3-46bd-9f42-888fd59ddbc4,1789817179.202,1789817179.213,1789817179.217,1789817179.221,1789817179.221,1789817179.229,26.83
2026-09-19 16:56:19.290,onvif-e9b03eab-61a3-46bd-9f42-888fd59ddbc4,1789817179.269,1789817179.272,1789817179.275,1789817179.280,1789817179.280,1789817179.291,22.05
2026-09-19 16:56:19.355,onvif-e9b03eab-61a3-46bd-9f42-888fd59ddbc4,1789817179.326,1789817179.339,1789817179.343,1789817179.348,1789817179.348,1789817179.355,29.69
2026-09-19 16:56:19.443,onvif-e9b03eab-61a3-46bd-9f42-888fd59ddbc4,1789817179.424,1789817179.426,1789817179.430,1789817179.436,1789817179.436,1789817179.443,19.03
2026-09-19 16:56:19.502,onvif-e9b03eab-61a3-46bd-9f42-888fd59ddbc4,1789817179.480,1789817179.481,1789817179.484,1789817179.490,1789817179.490,1789817179.503,22.78
2026-09-19 16:56:19.564,onvif-e9b03eab-61a3-46bd-9f42-888fd59ddbc4,1789817179.540,1789817179.548,1789817179.552,1789817179.557,1789817179.557,1789817179.564,24.21
2026-09-19 16:56:19.645,onvif-e9b03eab-61a3-46bd-9f42-888fd59ddbc4,1789817179.622,1789817179.625,1789817179.630,1789817179.634,1789817179.634,1789817179.646,23.95
2026-09-19 16:56:19.722,onvif-e9b03eab-61a3-46bd-9f42-888fd59ddbc4,1789817179.697,1789817179.702,1789817179.707,1789817179.710,1789817179.710,1789817179.722,25.01
2026-09-19 16:56:19.791,onvif-e9b03eab-61a3-46bd-9f42-888fd59ddbc4,1789817179.776,1789817179.777,1789817179.781,1789817179.785,1789817179.785,1789817179.792,15.56
2026-09-19 16:56:19.860,onvif-e9b03eab-61a3-46bd-9f42-888fd59ddbc4,1789817179.829,1789817179.844,1789817179.849,1789817179.851,1789817179.851,1789817179.861,31.95
2026-09-19 16:56:19.964,onvif-e9b03eab-61a3-46bd-9f42-888fd59ddbc4,1789817179.943,1789817179.947,1789817179.951,1789817179.954,1789817179.954,1789817179.965,21.37
2026-09-19 16:56:20.018,onvif-e9b03eab-61a3-46bd-9f42-888fd59ddbc4,1789817180.001,1789817180.001,1789817180.006,1789817180.008,1789817180.008,1789817180.018,17.46
2026-09-19 16:56:20.111,onvif-e9b03eab-61a3-46bd-9f42-888fd59ddbc4,1789817180.091,1789817180.094,1789817180.097,1789817180.101,1789817180.101,1789817180.112,20.38
2026-09-19 16:56:20.205,onvif-e9b03eab-61a3-46bd-9f42-888fd59ddbc4,1789817180.190,1789817180.191,1789817180.195,1789817180.199,1789817180.199,1789817180.206,15.52
2026-09-19 16:56:20.282,onvif-e9b03eab-61a3-46bd-9f42-888fd59ddbc4,1789817180.227,1789817180.258,1789817180.264,1789817180.271,1789817180.271,1789817180.283,55.70
2026-09-19 16:56:20.357,onvif-e9b03eab-61a3-46bd-9f42-888fd59ddbc4,1789817180.339,1789817180.340,1789817180.344,1789817180.348,1789817180.348,1789817180.357,18.14
2026-09-19 16:56:20.441,onvif-e9b03eab-61a3-46bd-9f42-888fd59ddbc4,1789817180.426,1789817180.428,1789817180.432,1789817180.435,1789817180.435,1789817180.442,15.89
2026-09-19 16:56:20.519,onvif-e9b03eab-61a3-46bd-9f42-888fd59ddbc4,1789817180.499,1789817180.500,1789817180.506,1789817180.511,1789817180.511,1789817180.520,20.71
2026-09-19 16:56:20.634,onvif-e9b03eab-61a3-46bd-9f42-888fd59ddbc4,1789817180.609,1789817180.613,1789817180.617,1789817180.620,1789817180.620,1789817180.634,25.16
2026-09-19 16:56:20.694,onvif-e9b03eab-61a3-46bd-9f42-888fd59ddbc4,1789817180.662,1789817180.680,1789817180.684,1789817180.687,1789817180.687,1789817180.695,33.27
2026-09-19 16:56:20.790,onvif-e9b03eab-61a3-46bd-9f42-888fd59ddbc4,1789817180.771,1789817180.773,1789817180.778,1789817180.781,1789817180.781,1789817180.791,19.47
2026-09-19 16:56:20.868,onvif-e9b03eab-61a3-46bd-9f42-888fd59ddbc4,1789817180.845,1789817180.846,1789817180.849,1789817180.854,1789817180.854,1789817180.868,23.25
2026-09-19 16:56:20.947,onvif-e9b03eab-61a3-46bd-9f42-888fd59ddbc4,1789817180.930,1789817180.933,1789817180.936,1789817180.941,1789817180.941,1789817180.948,17.27
2026-09-19 16:56:21.045,onvif-e9b03eab-61a3-46bd-9f42-888fd59ddbc4,1789817181.030,1789817181.031,1789817181.035,1789817181.037,1789817181.037,1789817181.045,15.88
2026-09-19 16:56:21.123,onvif-e9b03eab-61a3-46bd-9f42-888fd59ddbc4,1789817181.106,1789817181.108,1789817181.111,1789817181.113,1789817181.113,1789817181.123,17.37
2026-09-19 16:56:21.217,onvif-e9b03eab-61a3-46bd-9f42-888fd59ddbc4,1789817181.198,1789817181.201,1789817181.204,1789817181.210,1789817181.210,1789817181.218,20.00
2026-09-19 16:56:21.303,onvif-e9b03eab-61a3-46bd-9f42-888fd59ddbc4,1789817181.284,1789817181.288,1789817181.292,1789817181.296,1789817181.296,1789817181.304,19.18
2026-09-19 16:56:21.391,onvif-e9b03eab-61a3-46bd-9f42-888fd59ddbc4,1789817181.372,1789817181.376,1789817181.380,1789817181.382,1789817181.382,1789817181.392,19.69
2026-09-19 16:56:21.457,onvif-e9b03eab-61a3-46bd-9f42-888fd59ddbc4,1789817181.423,1789817181.443,1789817181.447,1789817181.452,1789817181.452,1789817181.458,35.26
2026-09-19 16:56:21.562,onvif-e9b03eab-61a3-46bd-9f42-888fd59ddbc4,1789817181.545,1789817181.546,1789817181.549,1789817181.554,1789817181.554,1789817181.562,17.65
2026-09-19 16:56:21.625,onvif-e9b03eab-61a3-46bd-9f42-888fd59ddbc4,1789817181.593,1789817181.613,1789817181.616,1789817181.619,1789817181.619,1789817181.625,32.50
2026-09-19 16:56:21.694,onvif-e9b03eab-61a3-46bd-9f42-888fd59ddbc4,1789817181.662,1789817181.680,1789817181.683,1789817181.684,1789817181.684,1789817181.695,33.08
2026-09-19 16:56:21.771,onvif-e9b03eab-61a3-46bd-9f42-888fd59ddbc4,1789817181.756,1789817181.757,1789817181.761,1789817181.765,1789817181.765,1789817181.772,15.62
2026-09-19 16:56:21.847,onvif-e9b03eab-61a3-46bd-9f42-888fd59ddbc4,1789817181.828,1789817181.829,1789817181.834,1789817181.840,1789817181.840,1789817181.848,19.27
2026-09-19 16:56:21.944,onvif-e9b03eab-61a3-46bd-9f42-888fd59ddbc4,1789817181.927,1789817181.927,1789817181.931,1789817181.936,1789817181.936,1789817181.945,17.97
2026-09-19 16:56:22.008,onvif-e9b03eab-61a3-46bd-9f42-888fd59ddbc4,1789817181.989,1789817181.994,1789817181.997,1789817182.001,1789817182.001,1789817182.009,19.39
2026-09-19 16:56:22.103,onvif-e9b03eab-61a3-46bd-9f42-888fd59ddbc4,1789817182.089,1789817182.091,1789817182.095,1789817182.097,1789817182.097,1789817182.104,14.47
2026-09-19 16:56:22.181,onvif-e9b03eab-61a3-46bd-9f42-888fd59ddbc4,1789817182.161,1789817182.163,1789817182.167,1789817182.172,1789817182.173,1789817182.182,20.72
2026-09-19 16:56:22.273,onvif-e9b03eab-61a3-46bd-9f42-888fd59ddbc4,1789817182.257,1789817182.263,1789817182.266,1789817182.268,1789817182.268,1789817182.274,16.62
2026-09-19 16:56:22.355,onvif-e9b03eab-61a3-46bd-9f42-888fd59ddbc4,1789817182.336,1789817182.340,1789817182.344,1789817182.348,1789817182.348,1789817182.355,19.28
2026-09-19 16:56:22.456,onvif-e9b03eab-61a3-46bd-9f42-888fd59ddbc4,1789817182.437,1789817182.438,1789817182.440,1789817182.445,1789817182.445,1789817182.456,18.77
2026-09-19 16:56:22.516,onvif-e9b03eab-61a3-46bd-9f42-888fd59ddbc4,1789817182.499,1789817182.505,1789817182.508,1789817182.510,1789817182.510,1789817182.517,18.36
2026-09-19 16:56:22.608,onvif-e9b03eab-61a3-46bd-9f42-888fd59ddbc4,1789817182.589,1789817182.592,1789817182.596,1789817182.601,1789817182.601,1789817182.609,19.98
2026-09-19 16:56:22.681,onvif-e9b03eab-61a3-46bd-9f42-888fd59ddbc4,1789817182.658,1789817182.664,1789817182.668,1789817182.672,1789817182.672,1789817182.682,23.89
2026-09-19 16:56:22.768,onvif-e9b03eab-61a3-46bd-9f42-888fd59ddbc4,1789817182.756,1789817182.757,1789817182.761,1789817182.762,1789817182.763,1789817182.768,11.93
2026-09-19 16:56:22.844,onvif-e9b03eab-61a3-46bd-9f42-888fd59ddbc4,1789817182.829,1789817182.829,1789817182.833,1789817182.838,1789817182.838,1789817182.845,15.82
2026-09-19 16:56:22.898,onvif-e9b03eab-61a3-46bd-9f42-888fd59ddbc4,1789817182.883,1789817182.883,1789817182.887,1789817182.892,1789817182.892,1789817182.898,15.33
2026-09-19 16:56:22.982,onvif-e9b03eab-61a3-46bd-9f42-888fd59ddbc4,1789817182.961,1789817182.966,1789817182.971,1789817182.972,1789817182.972,1789817182.983,22.31
2026-09-19 16:56:23.071,onvif-e9b03eab-61a3-46bd-9f42-888fd59ddbc4,1789817183.050,1789817183.053,1789817183.057,1789817183.059,1789817183.059,1789817183.071,20.60
2026-09-19 16:56:23.145,onvif-e9b03eab-61a3-46bd-9f42-888fd59ddbc4,1789817183.127,1789817183.130,1789817183.133,1789817183.140,1789817183.140,1789817183.146,18.22
2026-09-19 16:56:23.212,onvif-e9b03eab-61a3-46bd-9f42-888fd59ddbc4,1789817183.190,1789817183.197,1789817183.203,1789817183.204,1789817183.204,1789817183.212,22.41
2026-09-19 16:56:23.274,onvif-e9b03eab-61a3-46bd-9f42-888fd59ddbc4,1789817183.257,1789817183.257,1789817183.261,1789817183.264,1789817183.264,1789817183.274,17.69
2026-09-19 16:56:23.345,onvif-e9b03eab-61a3-46bd-9f42-888fd59ddbc4,1789817183.326,1789817183.329,1789817183.334,1789817183.336,1789817183.336,1789817183.346,19.81
2026-09-19 16:56:23.407,onvif-e9b03eab-61a3-46bd-9f42-888fd59ddbc4,1789817183.389,1789817183.394,1789817183.398,1789817183.400,1789817183.401,1789817183.407,17.79
2026-09-19 16:56:23.490,onvif-e9b03eab-61a3-46bd-9f42-888fd59ddbc4,1789817183.458,1789817183.466,1789817183.472,1789817183.478,1789817183.478,1789817183.490,32.79
2026-09-19 16:56:23.581,onvif-e9b03eab-61a3-46bd-9f42-888fd59ddbc4,1789817183.554,1789817183.558,1789817183.562,1789817183.565,1789817183.565,1789817183.581,27.32
2026-09-19 16:56:23.662,onvif-e9b03eab-61a3-46bd-9f42-888fd59ddbc4,1789817183.607,1789817183.607,1789817183.613,1789817183.617,1789817183.617,1789817183.662,55.87
2026-09-19 16:56:23.707,onvif-e9b03eab-61a3-46bd-9f42-888fd59ddbc4,1789817183.661,1789817183.661,1789817183.667,1789817183.672,1789817183.672,1789817183.708,46.75
2026-09-19 16:56:23.755,onvif-e9b03eab-61a3-46bd-9f42-888fd59ddbc4,1789817183.725,1789817183.728,1789817183.734,1789817183.737,1789817183.737,1789817183.756,30.36
2026-09-19 16:56:23.824,onvif-e9b03eab-61a3-46bd-9f42-888fd59ddbc4,1789817183.799,1789817183.801,1789817183.806,1789817183.810,1789817183.810,1789817183.824,25.31
2026-09-19 16:56:23.892,onvif-e9b03eab-61a3-46bd-9f42-888fd59ddbc4,1789817183.870,1789817183.873,1789817183.877,1789817183.882,1789817183.882,1789817183.892,22.19
2026-09-19 16:56:23.949,onvif-e9b03eab-61a3-46bd-9f42-888fd59ddbc4,1789817183.928,1789817183.932,1789817183.937,1789817183.941,1789817183.941,1789817183.949,21.50
2026-09-19 16:56:24.016,onvif-e9b03eab-61a3-46bd-9f42-888fd59ddbc4,1789817183.992,1789817183.999,1789817184.002,1789817184.007,1789817184.007,1789817184.016,24.51
2026-09-19 16:56:24.112,onvif-e9b03eab-61a3-46bd-9f42-888fd59ddbc4,1789817184.090,1789817184.091,1789817184.096,1789817184.101,1789817184.101,1789817184.112,22.36
2026-09-19 16:56:24.154,onvif-e9b03eab-61a3-46bd-9f42-888fd59ddbc4,1789817184.130,1789817184.130,1789817184.134,1789817184.140,1789817184.140,1789817184.155,24.55
2026-09-19 16:56:24.220,onvif-e9b03eab-61a3-46bd-9f42-888fd59ddbc4,1789817184.165,1789817184.169,1789817184.174,1789817184.179,1789817184.179,1789817184.221,55.44
2026-09-19 16:56:24.278,onvif-e9b03eab-61a3-46bd-9f42-888fd59ddbc4,1789817184.259,1789817184.261,1789817184.265,1789817184.267,1789817184.267,1789817184.279,19.18
2026-09-19 16:56:24.348,onvif-e9b03eab-61a3-46bd-9f42-888fd59ddbc4,1789817184.331,1789817184.333,1789817184.338,1789817184.341,1789817184.341,1789817184.349,17.31
2026-09-19 16:56:24.453,onvif-e9b03eab-61a3-46bd-9f42-888fd59ddbc4,1789817184.432,1789817184.436,1789817184.440,1789817184.446,1789817184.446,1789817184.454,21.68
2026-09-19 16:56:24.528,onvif-e9b03eab-61a3-46bd-9f42-888fd59ddbc4,1789817184.500,1789817184.508,1789817184.514,1789817184.517,1789817184.517,1789817184.529,29.12
2026-09-19 16:56:24.618,onvif-e9b03eab-61a3-46bd-9f42-888fd59ddbc4,1789817184.593,1789817184.596,1789817184.599,1789817184.606,1789817184.606,1789817184.618,25.13
2026-09-19 16:56:24.681,onvif-e9b03eab-61a3-46bd-9f42-888fd59ddbc4,1789817184.662,1789817184.668,1789817184.672,1789817184.674,1789817184.674,1789817184.682,19.29
2026-09-19 16:56:24.793,onvif-e9b03eab-61a3-46bd-9f42-888fd59ddbc4,1789817184.777,1789817184.781,1789817184.785,1789817184.786,1789817184.787,1789817184.793,16.44
2026-09-19 16:56:24.868,onvif-e9b03eab-61a3-46bd-9f42-888fd59ddbc4,1789817184.836,1789817184.848,1789817184.853,1789817184.859,1789817184.859,1789817184.868,32.42
2026-09-19 16:56:24.948,onvif-e9b03eab-61a3-46bd-9f42-888fd59ddbc4,1789817184.930,1789817184.931,1789817184.934,1789817184.937,1789817184.937,1789817184.949,19.16
2026-09-19 16:56:25.028,onvif-e9b03eab-61a3-46bd-9f42-888fd59ddbc4,1789817185.013,1789817185.013,1789817185.017,1789817185.021,1789817185.021,1789817185.028,15.52
2026-09-19 16:56:25.116,onvif-e9b03eab-61a3-46bd-9f42-888fd59ddbc4,1789817185.098,1789817185.100,1789817185.105,1789817185.108,1789817185.108,1789817185.117,18.93
2026-09-19 16:56:25.185,onvif-e9b03eab-61a3-46bd-9f42-888fd59ddbc4,1789817185.167,1789817185.167,1789817185.171,1789817185.173,1789817185.173,1789817185.185,18.52
2026-09-19 16:56:25.277,onvif-e9b03eab-61a3-46bd-9f42-888fd59ddbc4,1789817185.257,1789817185.260,1789817185.263,1789817185.269,1789817185.269,1789817185.277,20.46
2026-09-19 16:56:25.350,onvif-e9b03eab-61a3-46bd-9f42-888fd59ddbc4,1789817185.329,1789817185.332,1789817185.336,1789817185.340,1789817185.340,1789817185.350,20.98
2026-09-19 16:56:25.472,onvif-e9b03eab-61a3-46bd-9f42-888fd59ddbc4,1789817185.452,1789817185.456,1789817185.460,1789817185.463,1789817185.463,1789817185.473,20.43
2026-09-19 16:56:25.549,onvif-e9b03eab-61a3-46bd-9f42-888fd59ddbc4,1789817185.506,1789817185.538,1789817185.541,1789817185.543,1789817185.543,1789817185.549,43.42
2026-09-19 16:56:25.620,onvif-e9b03eab-61a3-46bd-9f42-888fd59ddbc4,1789817185.604,1789817185.605,1789817185.610,1789817185.613,1789817185.613,1789817185.620,16.05
2026-09-19 16:56:25.686,onvif-e9b03eab-61a3-46bd-9f42-888fd59ddbc4,1789817185.655,1789817185.672,1789817185.676,1789817185.678,1789817185.678,1789817185.686,31.61
2026-09-19 16:56:25.775,onvif-e9b03eab-61a3-46bd-9f42-888fd59ddbc4,1789817185.757,1789817185.760,1789817185.763,1789817185.768,1789817185.768,1789817185.776,18.14
2026-09-19 16:56:25.846,onvif-e9b03eab-61a3-46bd-9f42-888fd59ddbc4,1789817185.825,1789817185.827,1789817185.833,1789817185.838,1789817185.838,1789817185.847,22.09
2026-09-19 16:56:25.941,onvif-e9b03eab-61a3-46bd-9f42-888fd59ddbc4,1789817185.924,1789817185.925,1789817185.928,1789817185.929,1789817185.929,1789817185.941,17.32
2026-09-19 16:56:26.028,onvif-e9b03eab-61a3-46bd-9f42-888fd59ddbc4,1789817186.010,1789817186.012,1789817186.015,1789817186.021,1789817186.021,1789817186.028,18.53
2026-09-19 16:56:26.113,onvif-e9b03eab-61a3-46bd-9f42-888fd59ddbc4,1789817186.098,1789817186.100,1789817186.104,1789817186.107,1789817186.107,1789817186.114,16.16
2026-09-19 16:56:26.201,onvif-e9b03eab-61a3-46bd-9f42-888fd59ddbc4,1789817186.178,1789817186.182,1789817186.187,1789817186.192,1789817186.193,1789817186.202,24.11
2026-09-19 16:56:26.290,onvif-e9b03eab-61a3-46bd-9f42-888fd59ddbc4,1789817186.273,1789817186.275,1789817186.278,1789817186.284,1789817186.284,1789817186.290,16.66
2026-09-19 16:56:26.378,onvif-e9b03eab-61a3-46bd-9f42-888fd59ddbc4,1789817186.361,1789817186.363,1789817186.367,1789817186.371,1789817186.371,1789817186.379,17.74
2026-09-19 16:56:26.468,onvif-e9b03eab-61a3-46bd-9f42-888fd59ddbc4,1789817186.449,1789817186.450,1789817186.454,1789817186.458,1789817186.458,1789817186.469,20.18
2026-09-19 16:56:26.538,onvif-e9b03eab-61a3-46bd-9f42-888fd59ddbc4,1789817186.524,1789817186.528,1789817186.531,1789817186.533,1789817186.533,1789817186.539,14.66
2026-09-19 16:56:26.616,onvif-e9b03eab-61a3-46bd-9f42-888fd59ddbc4,1789817186.596,1789817186.600,1789817186.604,1789817186.609,1789817186.609,1789817186.616,19.75
2026-09-19 16:56:26.701,onvif-e9b03eab-61a3-46bd-9f42-888fd59ddbc4,1789817186.677,1789817186.682,1789817186.685,1789817186.690,1789817186.690,1789817186.701,24.00
2026-09-19 16:56:26.787,onvif-e9b03eab-61a3-46bd-9f42-888fd59ddbc4,1789817186.775,1789817186.775,1789817186.778,1789817186.780,1789817186.780,1789817186.788,13.01
2026-09-19 16:56:26.867,onvif-e9b03eab-61a3-46bd-9f42-888fd59ddbc4,1789817186.849,1789817186.852,1789817186.857,1789817186.860,1789817186.860,1789817186.867,18.51
2026-09-19 16:56:26.942,onvif-e9b03eab-61a3-46bd-9f42-888fd59ddbc4,1789817186.922,1789817186.924,1789817186.928,1789817186.930,1789817186.930,1789817186.942,20.56
2026-09-19 16:56:27.008,onvif-e9b03eab-61a3-46bd-9f42-888fd59ddbc4,1789817186.985,1789817186.991,1789817186.995,1789817187.000,1789817187.000,1789817187.009,23.20
2026-09-19 16:56:27.114,onvif-e9b03eab-61a3-46bd-9f42-888fd59ddbc4,1789817187.093,1789817187.094,1789817187.098,1789817187.104,1789817187.104,1789817187.114,21.51
2026-09-19 16:56:27.162,onvif-e9b03eab-61a3-46bd-9f42-888fd59ddbc4,1789817187.136,1789817187.138,1789817187.143,1789817187.148,1789817187.148,1789817187.163,26.95
2026-09-19 16:56:27.229,onvif-e9b03eab-61a3-46bd-9f42-888fd59ddbc4,1789817187.161,1789817187.171,1789817187.176,1789817187.180,1789817187.180,1789817187.230,68.31
2026-09-19 16:56:27.293,onvif-e9b03eab-61a3-46bd-9f42-888fd59ddbc4,1789817187.270,1789817187.274,1789817187.279,1789817187.283,1789817187.283,1789817187.293,23.40
2026-09-19 16:56:27.357,onvif-e9b03eab-61a3-46bd-9f42-888fd59ddbc4,1789817187.330,1789817187.341,1789817187.345,1789817187.348,1789817187.348,1789817187.358,27.28
2026-09-19 16:56:27.464,onvif-e9b03eab-61a3-46bd-9f42-888fd59ddbc4,1789817187.440,1789817187.445,1789817187.448,1789817187.452,1789817187.452,1789817187.464,23.95
2026-09-19 16:56:27.528,onvif-e9b03eab-61a3-46bd-9f42-888fd59ddbc4,1789817187.504,1789817187.511,1789817187.515,1789817187.520,1789817187.520,1789817187.528,23.98
2026-09-19 16:56:27.626,onvif-e9b03eab-61a3-46bd-9f42-888fd59ddbc4,1789817187.606,1789817187.609,1789817187.614,1789817187.618,1789817187.618,1789817187.626,20.18
2026-09-19 16:56:27.696,onvif-e9b03eab-61a3-46bd-9f42-888fd59ddbc4,1789817187.654,1789817187.676,1789817187.679,1789817187.684,1789817187.684,1789817187.697,42.46
2026-09-19 16:56:27.772,onvif-e9b03eab-61a3-46bd-9f42-888fd59ddbc4,1789817187.755,1789817187.758,1789817187.762,1789817187.765,1789817187.766,1789817187.772,16.94
2026-09-19 16:56:27.856,onvif-e9b03eab-61a3-46bd-9f42-888fd59ddbc4,1789817187.835,1789817187.836,1789817187.841,1789817187.848,1789817187.848,1789817187.857,21.19
2026-09-19 16:56:27.949,onvif-e9b03eab-61a3-46bd-9f42-888fd59ddbc4,1789817187.925,1789817187.929,1789817187.932,1789817187.937,1789817187.937,1789817187.950,25.14
2026-09-19 16:56:28.009,onvif-e9b03eab-61a3-46bd-9f42-888fd59ddbc4,1789817187.989,1789817187.996,1789817187.999,1789817188.003,1789817188.003,1789817188.009,20.24
2026-09-19 16:56:28.118,onvif-e9b03eab-61a3-46bd-9f42-888fd59ddbc4,1789817188.099,1789817188.104,1789817188.108,1789817188.112,1789817188.112,1789817188.119,19.60
2026-09-19 16:56:28.191,onvif-e9b03eab-61a3-46bd-9f42-888fd59ddbc4,1789817188.158,1789817188.171,1789817188.177,1789817188.183,1789817188.183,1789817188.191,33.52
2026-09-19 16:56:28.278,onvif-e9b03eab-61a3-46bd-9f42-888fd59ddbc4,1789817188.259,1789817188.264,1789817188.268,1789817188.270,1789817188.270,1789817188.279,20.26
2026-09-19 16:56:28.355,onvif-e9b03eab-61a3-46bd-9f42-888fd59ddbc4,1789817188.336,1789817188.341,1789817188.345,1789817188.348,1789817188.348,1789817188.356,19.52
2026-09-19 16:56:28.449,onvif-e9b03eab-61a3-46bd-9f42-888fd59ddbc4,1789817188.429,1789817188.434,1789817188.438,1789817188.441,1789817188.441,1789817188.450,21.41
2026-09-19 16:56:28.519,onvif-e9b03eab-61a3-46bd-9f42-888fd59ddbc4,1789817188.493,1789817188.500,1789817188.504,1789817188.507,1789817188.507,1789817188.520,26.91
2026-09-19 16:56:28.588,onvif-e9b03eab-61a3-46bd-9f42-888fd59ddbc4,1789817188.575,1789817188.575,1789817188.579,1789817188.581,1789817188.581,1789817188.588,13.79
2026-09-19 16:56:28.672,onvif-e9b03eab-61a3-46bd-9f42-888fd59ddbc4,1789817188.649,1789817188.652,1789817188.658,1789817188.663,1789817188.663,1789817188.673,24.00
2026-09-19 16:56:28.768,onvif-e9b03eab-61a3-46bd-9f42-888fd59ddbc4,1789817188.741,1789817188.745,1789817188.749,1789817188.755,1789817188.755,1789817188.769,27.77
2026-09-19 16:56:28.829,onvif-e9b03eab-61a3-46bd-9f42-888fd59ddbc4,1789817188.802,1789817188.812,1789817188.816,1789817188.821,1789817188.821,1789817188.829,27.09
2026-09-19 16:56:28.934,onvif-e9b03eab-61a3-46bd-9f42-888fd59ddbc4,1789817188.914,1789817188.915,1789817188.919,1789817188.926,1789817188.926,1789817188.934,20.38
2026-09-19 16:56:29.003,onvif-e9b03eab-61a3-46bd-9f42-888fd59ddbc4,1789817188.972,1789817188.982,1789817188.987,1789817188.993,1789817188.993,1789817189.004,31.97
2026-09-19 16:56:29.065,onvif-e9b03eab-61a3-46bd-9f42-888fd59ddbc4,1789817189.047,1789817189.049,1789817189.052,1789817189.054,1789817189.054,1789817189.065,18.63
2026-09-19 16:56:29.118,onvif-e9b03eab-61a3-46bd-9f42-888fd59ddbc4,1789817189.102,1789817189.103,1789817189.107,1789817189.109,1789817189.109,1789817189.118,16.28
2026-09-19 16:56:29.194,onvif-e9b03eab-61a3-46bd-9f42-888fd59ddbc4,1789817189.172,1789817189.175,1789817189.178,1789817189.182,1789817189.182,1789817189.194,22.51
2026-09-19 16:56:29.303,onvif-e9b03eab-61a3-46bd-9f42-888fd59ddbc4,1789817189.283,1789817189.283,1789817189.286,1789817189.291,1789817189.291,1789817189.303,20.27
2026-09-19 16:56:29.370,onvif-e9b03eab-61a3-46bd-9f42-888fd59ddbc4,1789817189.348,1789817189.355,1789817189.359,1789817189.363,1789817189.363,1789817189.371,22.75
2026-09-19 16:56:29.493,onvif-e9b03eab-61a3-46bd-9f42-888fd59ddbc4,1789817189.474,1789817189.478,1789817189.482,1789817189.487,1789817189.487,1789817189.493,19.55
2026-09-19 16:56:29.570,onvif-e9b03eab-61a3-46bd-9f42-888fd59ddbc4,1789817189.547,1789817189.550,1789817189.556,1789817189.563,1789817189.563,1789817189.571,23.58
2026-09-19 16:56:29.705,onvif-e9b03eab-61a3-46bd-9f42-888fd59ddbc4,1789817189.681,1789817189.682,1789817189.685,1789817189.690,1789817189.690,1789817189.705,24.00
2026-09-19 16:56:29.770,onvif-e9b03eab-61a3-46bd-9f42-888fd59ddbc4,1789817189.754,1789817189.754,1789817189.758,1789817189.762,1789817189.762,1789817189.771,17.15
2026-09-19 16:56:29.842,onvif-e9b03eab-61a3-46bd-9f42-888fd59ddbc4,1789817189.804,1789817189.821,1789817189.827,1789817189.830,1789817189.830,1789817189.842,37.99
2026-09-19 16:56:29.923,onvif-e9b03eab-61a3-46bd-9f42-888fd59ddbc4,1789817189.901,1789817189.903,1789817189.907,1789817189.913,1789817189.913,1789817189.923,22.86
2026-09-19 16:56:29.982,onvif-e9b03eab-61a3-46bd-9f42-888fd59ddbc4,1789817189.962,1789817189.963,1789817189.967,1789817189.973,1789817189.973,1789817189.983,20.45
2026-09-19 16:56:30.056,onvif-e9b03eab-61a3-46bd-9f42-888fd59ddbc4,1789817190.031,1789817190.035,1789817190.039,1789817190.044,1789817190.044,1789817190.056,24.87
2026-09-19 16:56:30.134,onvif-e9b03eab-61a3-46bd-9f42-888fd59ddbc4,1789817190.113,1789817190.117,1789817190.121,1789817190.127,1789817190.127,1789817190.135,21.45
2026-09-19 16:56:30.192,onvif-e9b03eab-61a3-46bd-9f42-888fd59ddbc4,1789817190.169,1789817190.171,1789817190.174,1789817190.180,1789817190.181,1789817190.192,22.94
2026-09-19 16:56:30.247,onvif-e9b03eab-61a3-46bd-9f42-888fd59ddbc4,1789817190.227,1789817190.230,1789817190.234,1789817190.240,1789817190.240,1789817190.247,20.14
2026-09-19 16:56:30.329,onvif-e9b03eab-61a3-46bd-9f42-888fd59ddbc4,1789817190.304,1789817190.308,1789817190.312,1789817190.317,1789817190.317,1789817190.330,25.80
2026-09-19 16:56:30.417,onvif-e9b03eab-61a3-46bd-9f42-888fd59ddbc4,1789817190.398,1789817190.400,1789817190.403,1789817190.410,1789817190.410,1789817190.418,19.49
2026-09-19 16:56:30.510,onvif-e9b03eab-61a3-46bd-9f42-888fd59ddbc4,1789817190.495,1789817190.498,1789817190.502,1789817190.504,1789817190.504,1789817190.510,15.47
2026-09-19 16:56:30.577,onvif-e9b03eab-61a3-46bd-9f42-888fd59ddbc4,1789817190.557,1789817190.562,1789817190.566,1789817190.568,1789817190.568,1789817190.577,19.86
2026-09-19 16:56:30.643,onvif-e9b03eab-61a3-46bd-9f42-888fd59ddbc4,1789817190.609,1789817190.629,1789817190.633,1789817190.638,1789817190.638,1789817190.644,34.90
2026-09-19 16:56:30.718,onvif-e9b03eab-61a3-46bd-9f42-888fd59ddbc4,1789817190.697,1789817190.698,1789817190.702,1789817190.706,1789817190.706,1789817190.719,22.10
2026-09-19 16:56:30.792,onvif-e9b03eab-61a3-46bd-9f42-888fd59ddbc4,1789817190.779,1789817190.781,1789817190.785,1789817190.787,1789817190.787,1789817190.793,13.58
2026-09-19 16:56:30.880,onvif-e9b03eab-61a3-46bd-9f42-888fd59ddbc4,1789817190.862,1789817190.863,1789817190.867,1789817190.874,1789817190.874,1789817190.880,18.43
2026-09-19 16:56:30.955,onvif-e9b03eab-61a3-46bd-9f42-888fd59ddbc4,1789817190.934,1789817190.935,1789817190.938,1789817190.944,1789817190.944,1789817190.955,21.39
2026-09-19 16:56:31.032,onvif-e9b03eab-61a3-46bd-9f42-888fd59ddbc4,1789817191.013,1789817191.015,1789817191.018,1789817191.024,1789817191.024,1789817191.032,19.69
2026-09-19 16:56:31.101,onvif-e9b03eab-61a3-46bd-9f42-888fd59ddbc4,1789817191.063,1789817191.082,1789817191.088,1789817191.094,1789817191.094,1789817191.102,39.12
2026-09-19 16:56:31.181,onvif-e9b03eab-61a3-46bd-9f42-888fd59ddbc4,1789817191.161,1789817191.164,1789817191.168,1789817191.170,1789817191.170,1789817191.181,20.36
2026-09-19 16:56:31.244,onvif-e9b03eab-61a3-46bd-9f42-888fd59ddbc4,1789817191.230,1789817191.231,1789817191.235,1789817191.237,1789817191.237,1789817191.244,14.53
2026-09-19 16:56:31.324,onvif-e9b03eab-61a3-46bd-9f42-888fd59ddbc4,1789817191.307,1789817191.309,1789817191.313,1789817191.318,1789817191.318,1789817191.325,17.74
2026-09-19 16:56:31.391,onvif-e9b03eab-61a3-46bd-9f42-888fd59ddbc4,1789817191.372,1789817191.373,1789817191.376,1789817191.381,1789817191.381,1789817191.392,19.52
2026-09-19 16:56:31.453,onvif-e9b03eab-61a3-46bd-9f42-888fd59ddbc4,1789817191.426,1789817191.440,1789817191.445,1789817191.446,1789817191.446,1789817191.453,27.44
2026-09-19 16:56:31.519,onvif-e9b03eab-61a3-46bd-9f42-888fd59ddbc4,1789817191.499,1789817191.504,1789817191.507,1789817191.510,1789817191.510,1789817191.520,20.79
2026-09-19 16:56:31.571,onvif-e9b03eab-61a3-46bd-9f42-888fd59ddbc4,1789817191.549,1789817191.553,1789817191.557,1789817191.563,1789817191.563,1789817191.571,22.38
2026-09-19 16:56:31.638,onvif-e9b03eab-61a3-46bd-9f42-888fd59ddbc4,1789817191.603,1789817191.620,1789817191.623,1789817191.629,1789817191.629,1789817191.638,35.55
2026-09-19 16:56:31.689,onvif-e9b03eab-61a3-46bd-9f42-888fd59ddbc4,1789817191.673,1789817191.673,1789817191.677,1789817191.683,1789817191.683,1789817191.689,15.89
2026-09-19 16:56:31.764,onvif-e9b03eab-61a3-46bd-9f42-888fd59ddbc4,1789817191.741,1789817191.746,1789817191.749,1789817191.753,1789817191.753,1789817191.765,23.97
2026-09-19 16:56:31.842,onvif-e9b03eab-61a3-46bd-9f42-888fd59ddbc4,1789817191.803,1789817191.828,1789817191.831,1789817191.835,1789817191.835,1789817191.842,39.16
2026-09-19 16:56:31.913,onvif-e9b03eab-61a3-46bd-9f42-888fd59ddbc4,1789817191.895,1789817191.900,1789817191.905,1789817191.906,1789817191.906,1789817191.913,17.81
2026-09-19 16:56:32.012,onvif-e9b03eab-61a3-46bd-9f42-888fd59ddbc4,1789817191.990,1789817191.993,1789817191.996,1789817192.001,1789817192.002,1789817192.012,22.01
2026-09-19 16:56:32.073,onvif-e9b03eab-61a3-46bd-9f42-888fd59ddbc4,1789817192.056,1789817192.060,1789817192.064,1789817192.066,1789817192.066,1789817192.073,17.21
2026-09-19 16:56:32.173,onvif-e9b03eab-61a3-46bd-9f42-888fd59ddbc4,1789817192.157,1789817192.158,1789817192.162,1789817192.168,1789817192.168,1789817192.174,16.80
2026-09-19 16:56:32.249,onvif-e9b03eab-61a3-46bd-9f42-888fd59ddbc4,1789817192.228,1789817192.230,1789817192.233,1789817192.238,1789817192.238,1789817192.249,20.92
2026-09-19 16:56:32.353,onvif-e9b03eab-61a3-46bd-9f42-888fd59ddbc4,1789817192.335,1789817192.338,1789817192.342,1789817192.344,1789817192.344,1789817192.354,18.71
2026-09-19 16:56:32.421,onvif-e9b03eab-61a3-46bd-9f42-888fd59ddbc4,1789817192.391,1789817192.405,1789817192.409,1789817192.416,1789817192.416,1789817192.422,30.63
2026-09-19 16:56:32.513,onvif-e9b03eab-61a3-46bd-9f42-888fd59ddbc4,1789817192.489,1789817192.492,1789817192.495,1789817192.502,1789817192.502,1789817192.514,24.75
2026-09-19 16:56:32.579,onvif-e9b03eab-61a3-46bd-9f42-888fd59ddbc4,1789817192.561,1789817192.564,1789817192.568,1789817192.571,1789817192.571,1789817192.579,18.63
2026-09-19 16:56:32.673,onvif-e9b03eab-61a3-46bd-9f42-888fd59ddbc4,1789817192.657,1789817192.662,1789817192.665,1789817192.667,1789817192.667,1789817192.673,16.25
2026-09-19 16:56:32.747,onvif-e9b03eab-61a3-46bd-9f42-888fd59ddbc4,1789817192.725,1789817192.729,1789817192.731,1789817192.737,1789817192.737,1789817192.748,22.19
2026-09-19 16:56:32.858,onvif-e9b03eab-61a3-46bd-9f42-888fd59ddbc4,1789817192.837,1789817192.842,1789817192.845,1789817192.849,1789817192.849,1789817192.858,20.80
2026-09-19 16:56:32.922,onvif-e9b03eab-61a3-46bd-9f42-888fd59ddbc4,1789817192.893,1789817192.909,1789817192.913,1789817192.914,1789817192.914,1789817192.923,29.74
2026-09-19 16:56:33.010,onvif-e9b03eab-61a3-46bd-9f42-888fd59ddbc4,1789817192.988,1789817192.991,1789817192.996,1789817193.000,1789817193.000,1789817193.010,22.85
2026-09-19 16:56:33.076,onvif-e9b03eab-61a3-46bd-9f42-888fd59ddbc4,1789817193.058,1789817193.058,1789817193.061,1789817193.066,1789817193.066,1789817193.077,18.81
2026-09-19 16:56:33.178,onvif-e9b03eab-61a3-46bd-9f42-888fd59ddbc4,1789817193.159,1789817193.161,1789817193.164,1789817193.167,1789817193.167,1789817193.179,19.21
2026-09-19 16:56:33.244,onvif-e9b03eab-61a3-46bd-9f42-888fd59ddbc4,1789817193.223,1789817193.228,1789817193.232,1789817193.238,1789817193.238,1789817193.245,21.72
2026-09-19 16:56:33.347,onvif-e9b03eab-61a3-46bd-9f42-888fd59ddbc4,1789817193.326,1789817193.331,1789817193.335,1789817193.340,1789817193.340,1789817193.348,21.17
2026-09-19 16:56:33.422,onvif-e9b03eab-61a3-46bd-9f42-888fd59ddbc4,1789817193.401,1789817193.403,1789817193.406,1789817193.411,1789817193.411,1789817193.423,21.60
2026-09-19 16:56:33.505,onvif-e9b03eab-61a3-46bd-9f42-888fd59ddbc4,1789817193.488,1789817193.490,1789817193.494,1789817193.498,1789817193.498,1789817193.505,17.66
2026-09-19 16:56:33.590,onvif-e9b03eab-61a3-46bd-9f42-888fd59ddbc4,1789817193.557,1789817193.568,1789817193.574,1789817193.580,1789817193.580,1789817193.590,32.79
2026-09-19 16:56:33.681,onvif-e9b03eab-61a3-46bd-9f42-888fd59ddbc4,1789817193.665,1789817193.666,1789817193.670,1789817193.671,1789817193.672,1789817193.682,16.32
2026-09-19 16:56:33.749,onvif-e9b03eab-61a3-46bd-9f42-888fd59ddbc4,1789817193.728,1789817193.733,1789817193.736,1789817193.743,1789817193.743,1789817193.750,21.39
2026-09-19 16:56:33.855,onvif-e9b03eab-61a3-46bd-9f42-888fd59ddbc4,1789817193.833,1789817193.835,1789817193.839,1789817193.841,1789817193.841,1789817193.855,22.58
2026-09-19 16:56:33.924,onvif-e9b03eab-61a3-46bd-9f42-888fd59ddbc4,1789817193.900,1789817193.907,1789817193.912,1789817193.918,1789817193.918,1789817193.925,25.43
2026-09-19 16:56:34.032,onvif-e9b03eab-61a3-46bd-9f42-888fd59ddbc4,1789817194.014,1789817194.015,1789817194.019,1789817194.026,1789817194.026,1789817194.032,18.29
2026-09-19 16:56:34.101,onvif-e9b03eab-61a3-46bd-9f42-888fd59ddbc4,1789817194.066,1789817194.082,1789817194.088,1789817194.092,1789817194.092,1789817194.102,35.96
2026-09-19 16:56:34.213,onvif-e9b03eab-61a3-46bd-9f42-888fd59ddbc4,1789817194.187,1789817194.191,1789817194.194,1789817194.200,1789817194.200,1789817194.214,26.56
2026-09-19 16:56:34.262,onvif-e9b03eab-61a3-46bd-9f42-888fd59ddbc4,1789817194.240,1789817194.245,1789817194.249,1789817194.254,1789817194.254,1789817194.263,22.55
2026-09-19 16:56:34.356,onvif-e9b03eab-61a3-46bd-9f42-888fd59ddbc4,1789817194.336,1789817194.337,1789817194.341,1789817194.346,1789817194.347,1789817194.357,21.23
2026-09-19 16:56:34.422,onvif-e9b03eab-61a3-46bd-9f42-888fd59ddbc4,1789817194.391,1789817194.404,1789817194.409,1789817194.414,1789817194.414,1789817194.422,31.27
2026-09-19 16:56:34.515,onvif-e9b03eab-61a3-46bd-9f42-888fd59ddbc4,1789817194.496,1789817194.497,1789817194.502,1789817194.507,1789817194.507,1789817194.515,18.98
2026-09-19 16:56:34.590,onvif-e9b03eab-61a3-46bd-9f42-888fd59ddbc4,1789817194.568,1789817194.569,1789817194.572,1789817194.579,1789817194.579,1789817194.590,22.58
2026-09-19 16:56:34.696,onvif-e9b03eab-61a3-46bd-9f42-888fd59ddbc4,1789817194.678,1789817194.678,1789817194.681,1789817194.686,1789817194.686,1789817194.696,18.51
2026-09-19 16:56:34.758,onvif-e9b03eab-61a3-46bd-9f42-888fd59ddbc4,1789817194.729,1789817194.745,1789817194.749,1789817194.752,1789817194.752,1789817194.759,30.22
2026-09-19 16:56:34.867,onvif-e9b03eab-61a3-46bd-9f42-888fd59ddbc4,1789817194.848,1789817194.853,1789817194.856,1789817194.860,1789817194.860,1789817194.867,19.28
2026-09-19 16:56:34.938,onvif-e9b03eab-61a3-46bd-9f42-888fd59ddbc4,1789817194.902,1789817194.920,1789817194.925,1789817194.931,1789817194.931,1789817194.938,36.56
2026-09-19 16:56:35.014,onvif-e9b03eab-61a3-46bd-9f42-888fd59ddbc4,1789817194.988,1789817194.992,1789817194.996,1789817195.001,1789817195.001,1789817195.014,26.08
2026-09-19 16:56:35.075,onvif-e9b03eab-61a3-46bd-9f42-888fd59ddbc4,1789817195.059,1789817195.059,1789817195.063,1789817195.068,1789817195.068,1789817195.075,16.53
2026-09-19 16:56:35.202,onvif-e9b03eab-61a3-46bd-9f42-888fd59ddbc4,1789817195.187,1789817195.187,1789817195.191,1789817195.196,1789817195.197,1789817195.202,15.77
2026-09-19 16:56:35.273,onvif-e9b03eab-61a3-46bd-9f42-888fd59ddbc4,1789817195.245,1789817195.254,1789817195.259,1789817195.263,1789817195.263,1789817195.273,28.42
2026-09-19 16:56:35.368,onvif-e9b03eab-61a3-46bd-9f42-888fd59ddbc4,1789817195.344,1789817195.347,1789817195.351,1789817195.356,1789817195.356,1789817195.368,24.32
2026-09-19 16:56:35.431,onvif-e9b03eab-61a3-46bd-9f42-888fd59ddbc4,1789817195.408,1789817195.414,1789817195.418,1789817195.423,1789817195.423,1789817195.431,23.09
2026-09-19 16:56:35.518,onvif-e9b03eab-61a3-46bd-9f42-888fd59ddbc4,1789817195.497,1789817195.502,1789817195.507,1789817195.511,1789817195.511,1789817195.519,21.73
2026-09-19 16:56:35.590,onvif-e9b03eab-61a3-46bd-9f42-888fd59ddbc4,1789817195.570,1789817195.571,1789817195.574,1789817195.580,1789817195.580,1789817195.591,20.40
2026-09-19 16:56:35.673,onvif-e9b03eab-61a3-46bd-9f42-888fd59ddbc4,1789817195.655,1789817195.659,1789817195.663,1789817195.667,1789817195.667,1789817195.673,18.80
2026-09-19 16:56:35.750,onvif-e9b03eab-61a3-46bd-9f42-888fd59ddbc4,1789817195.731,1789817195.736,1789817195.740,1789817195.743,1789817195.743,1789817195.750,19.14
2026-09-19 16:56:35.826,onvif-e9b03eab-61a3-46bd-9f42-888fd59ddbc4,1789817195.790,1789817195.803,1789817195.807,1789817195.813,1789817195.813,1789817195.826,36.68
2026-09-19 16:56:35.915,onvif-e9b03eab-61a3-46bd-9f42-888fd59ddbc4,1789817195.901,1789817195.901,1789817195.905,1789817195.910,1789817195.910,1789817195.916,15.10
2026-09-19 16:56:35.992,onvif-e9b03eab-61a3-46bd-9f42-888fd59ddbc4,1789817195.974,1789817195.978,1789817195.982,1789817195.986,1789817195.986,1789817195.993,18.74
2026-09-19 16:56:37.344,onvif-e9b03eab-61a3-46bd-9f42-888fd59ddbc4,1789817197.311,1789817197.314,1789817197.320,1789817197.322,1789817197.322,1789817197.344,33.16
2026-09-19 16:56:37.411,onvif-e9b03eab-61a3-46bd-9f42-888fd59ddbc4,1789817197.374,1789817197.381,1789817197.390,1789817197.395,1789817197.395,1789817197.412,37.74
2026-09-19 16:56:37.498,onvif-e9b03eab-61a3-46bd-9f42-888fd59ddbc4,1789817197.441,1789817197.448,1789817197.457,1789817197.458,1789817197.459,1789817197.499,57.95
2026-09-19 16:56:37.569,onvif-e9b03eab-61a3-46bd-9f42-888fd59ddbc4,1789817197.518,1789817197.525,1789817197.535,1789817197.541,1789817197.541,1789817197.569,51.30
2026-09-19 16:56:37.631,onvif-e9b03eab-61a3-46bd-9f42-888fd59ddbc4,1789817197.572,1789817197.575,1789817197.587,1789817197.593,1789817197.593,1789817197.632,59.54
2026-09-19 16:56:37.717,onvif-e9b03eab-61a3-46bd-9f42-888fd59ddbc4,1789817197.663,1789817197.668,1789817197.674,1789817197.681,1789817197.681,1789817197.717,54.62
2026-09-19 16:56:37.806,onvif-e9b03eab-61a3-46bd-9f42-888fd59ddbc4,1789817197.715,1789817197.717,1789817197.728,1789817197.732,1789817197.732,1789817197.806,91.33
2026-09-19 16:56:37.866,onvif-e9b03eab-61a3-46bd-9f42-888fd59ddbc4,1789817197.780,1789817197.784,1789817197.793,1789817197.798,1789817197.798,1789817197.866,86.22
2026-09-19 16:56:37.872,onvif-e9b03eab-61a3-46bd-9f42-888fd59ddbc4,1789817197.844,1789817197.849,1789817197.853,1789817197.858,1789817197.858,1789817197.873,29.11
2026-09-19 16:56:37.931,onvif-e9b03eab-61a3-46bd-9f42-888fd59ddbc4,1789817197.911,1789817197.916,1789817197.919,1789817197.923,1789817197.923,1789817197.931,20.23
2026-09-19 16:56:37.992,onvif-e9b03eab-61a3-46bd-9f42-888fd59ddbc4,1789817197.979,1789817197.983,1789817197.986,1789817197.987,1789817197.987,1789817197.993,13.33
2026-09-19 16:56:38.048,onvif-e9b03eab-61a3-46bd-9f42-888fd59ddbc4,1789817198.027,1789817198.031,1789817198.035,1789817198.041,1789817198.041,1789817198.048,21.64
2026-09-19 16:56:38.114,onvif-e9b03eab-61a3-46bd-9f42-888fd59ddbc4,1789817198.097,1789817198.098,1789817198.102,1789817198.106,1789817198.106,1789817198.115,17.63
2026-09-19 16:56:38.168,onvif-e9b03eab-61a3-46bd-9f42-888fd59ddbc4,1789817198.148,1789817198.153,1789817198.156,1789817198.158,1789817198.158,1789817198.168,20.14
2026-09-19 16:56:38.244,onvif-e9b03eab-61a3-46bd-9f42-888fd59ddbc4,1789817198.229,1789817198.230,1789817198.233,1789817198.238,1789817198.238,1789817198.245,15.51
2026-09-19 16:56:38.331,onvif-e9b03eab-61a3-46bd-9f42-888fd59ddbc4,1789817198.315,1789817198.319,1789817198.323,1789817198.324,1789817198.324,1789817198.332,17.04
2026-09-19 16:56:38.405,onvif-e9b03eab-61a3-46bd-9f42-888fd59ddbc4,1789817198.382,1789817198.386,1789817198.389,1789817198.395,1789817198.395,1789817198.405,23.01
2026-09-19 16:56:38.460,onvif-e9b03eab-61a3-46bd-9f42-888fd59ddbc4,1789817198.436,1789817198.440,1789817198.444,1789817198.450,1789817198.450,1789817198.460,24.21
2026-09-19 16:56:38.575,onvif-e9b03eab-61a3-46bd-9f42-888fd59ddbc4,1789817198.558,1789817198.558,1789817198.561,1789817198.567,1789817198.567,1789817198.575,17.38
2026-09-19 16:56:38.672,onvif-e9b03eab-61a3-46bd-9f42-888fd59ddbc4,1789817198.655,1789817198.657,1789817198.659,1789817198.664,1789817198.664,1789817198.672,17.17
2026-09-19 16:56:38.755,onvif-e9b03eab-61a3-46bd-9f42-888fd59ddbc4,1789817198.720,1789817198.734,1789817198.740,1789817198.745,1789817198.745,1789817198.756,35.78
2026-09-19 16:56:38.829,onvif-e9b03eab-61a3-46bd-9f42-888fd59ddbc4,1789817198.810,1789817198.811,1789817198.816,1789817198.820,1789817198.820,1789817198.829,19.20
2026-09-19 16:56:38.890,onvif-e9b03eab-61a3-46bd-9f42-888fd59ddbc4,1789817198.870,1789817198.878,1789817198.882,1789817198.884,1789817198.885,1789817198.891,21.04
2026-09-19 16:56:38.983,onvif-e9b03eab-61a3-46bd-9f42-888fd59ddbc4,1789817198.969,1789817198.970,1789817198.974,1789817198.976,1789817198.976,1789817198.983,13.75
2026-09-19 16:56:39.060,onvif-e9b03eab-61a3-46bd-9f42-888fd59ddbc4,1789817199.038,1789817199.042,1789817199.046,1789817199.051,1789817199.051,1789817199.061,22.50
2026-09-19 16:56:39.169,onvif-e9b03eab-61a3-46bd-9f42-888fd59ddbc4,1789817199.147,1789817199.151,1789817199.154,1789817199.159,1789817199.159,1789817199.170,22.44
2026-09-19 16:56:39.232,onvif-e9b03eab-61a3-46bd-9f42-888fd59ddbc4,1789817199.216,1789817199.218,1789817199.222,1789817199.225,1789817199.225,1789817199.232,15.76
2026-09-19 16:56:39.292,onvif-e9b03eab-61a3-46bd-9f42-888fd59ddbc4,1789817199.268,1789817199.273,1789817199.276,1789817199.279,1789817199.279,1789817199.292,24.73
2026-09-19 16:56:39.364,onvif-e9b03eab-61a3-46bd-9f42-888fd59ddbc4,1789817199.345,1789817199.350,1789817199.354,1789817199.359,1789817199.359,1789817199.364,19.06
2026-09-19 16:56:39.431,onvif-e9b03eab-61a3-46bd-9f42-888fd59ddbc4,1789817199.417,1789817199.417,1789817199.422,1789817199.423,1789817199.423,1789817199.432,15.07
2026-09-19 16:56:39.487,onvif-e9b03eab-61a3-46bd-9f42-888fd59ddbc4,1789817199.471,1789817199.476,1789817199.480,1789817199.482,1789817199.482,1789817199.488,16.53
2026-09-19 16:56:39.559,onvif-e9b03eab-61a3-46bd-9f42-888fd59ddbc4,1789817199.541,1789817199.543,1789817199.548,1789817199.551,1789817199.551,1789817199.559,18.17
2026-09-19 16:56:39.659,onvif-e9b03eab-61a3-46bd-9f42-888fd59ddbc4,1789817199.640,1789817199.641,1789817199.643,1789817199.648,1789817199.648,1789817199.659,18.68
2026-09-19 16:56:39.733,onvif-e9b03eab-61a3-46bd-9f42-888fd59ddbc4,1789817199.719,1789817199.723,1789817199.727,1789817199.728,1789817199.728,1789817199.734,14.32
2026-09-19 16:56:39.841,onvif-e9b03eab-61a3-46bd-9f42-888fd59ddbc4,1789817199.824,1789817199.826,1789817199.829,1789817199.835,1789817199.835,1789817199.842,17.72
2026-09-19 16:56:39.908,onvif-e9b03eab-61a3-46bd-9f42-888fd59ddbc4,1789817199.893,1789817199.893,1789817199.898,1789817199.900,1789817199.900,1789817199.908,15.70
2026-09-19 16:56:40.013,onvif-e9b03eab-61a3-46bd-9f42-888fd59ddbc4,1789817199.991,1789817199.996,1789817199.999,1789817200.002,1789817200.002,1789817200.014,22.98
2026-09-19 16:56:40.079,onvif-e9b03eab-61a3-46bd-9f42-888fd59ddbc4,1789817200.053,1789817200.063,1789817200.067,1789817200.073,1789817200.073,1789817200.079,26.25
2026-09-19 16:56:40.169,onvif-e9b03eab-61a3-46bd-9f42-888fd59ddbc4,1789817200.153,1789817200.156,1789817200.159,1789817200.163,1789817200.163,1789817200.170,16.32
2026-09-19 16:56:40.239,onvif-e9b03eab-61a3-46bd-9f42-888fd59ddbc4,1789817200.222,1789817200.223,1789817200.226,1789817200.229,1789817200.229,1789817200.239,17.67
2026-09-19 16:56:40.290,onvif-e9b03eab-61a3-46bd-9f42-888fd59ddbc4,1789817200.275,1789817200.276,1789817200.280,1789817200.283,1789817200.283,1789817200.290,15.39
2026-09-19 16:56:40.395,onvif-e9b03eab-61a3-46bd-9f42-888fd59ddbc4,1789817200.375,1789817200.377,1789817200.381,1789817200.384,1789817200.385,1789817200.396,20.23
2026-09-19 16:56:40.449,onvif-e9b03eab-61a3-46bd-9f42-888fd59ddbc4,1789817200.435,1789817200.437,1789817200.440,1789817200.443,1789817200.443,1789817200.449,14.56
2026-09-19 16:56:40.666,onvif-e9b03eab-61a3-46bd-9f42-888fd59ddbc4,1789817200.647,1789817200.649,1789817200.652,1789817200.655,1789817200.655,1789817200.666,19.08
2026-09-19 16:56:40.874,onvif-e9b03eab-61a3-46bd-9f42-888fd59ddbc4,1789817200.854,1789817200.856,1789817200.860,1789817200.863,1789817200.864,1789817200.874,20.07
2026-09-19 16:56:40.957,onvif-e9b03eab-61a3-46bd-9f42-888fd59ddbc4,1789817200.941,1789817200.944,1789817200.946,1789817200.949,1789817200.949,1789817200.958,16.46
2026-09-19 16:56:41.026,onvif-e9b03eab-61a3-46bd-9f42-888fd59ddbc4,1789817201.010,1789817201.011,1789817201.016,1789817201.019,1789817201.019,1789817201.027,16.43
2026-09-19 16:56:41.101,onvif-e9b03eab-61a3-46bd-9f42-888fd59ddbc4,1789817201.081,1789817201.083,1789817201.086,1789817201.089,1789817201.089,1789817201.101,20.58
2026-09-19 16:56:41.217,onvif-e9b03eab-61a3-46bd-9f42-888fd59ddbc4,1789817201.201,1789817201.201,1789817201.204,1789817201.207,1789817201.207,1789817201.218,17.04
2026-09-19 16:56:41.322,onvif-e9b03eab-61a3-46bd-9f42-888fd59ddbc4,1789817201.302,1789817201.304,1789817201.307,1789817201.313,1789817201.313,1789817201.322,20.31
2026-09-19 16:56:41.383,onvif-e9b03eab-61a3-46bd-9f42-888fd59ddbc4,1789817201.363,1789817201.371,1789817201.375,1789817201.377,1789817201.377,1789817201.383,19.89
2026-09-19 16:56:41.497,onvif-e9b03eab-61a3-46bd-9f42-888fd59ddbc4,1789817201.479,1789817201.484,1789817201.487,1789817201.490,1789817201.490,1789817201.497,18.10
2026-09-19 16:56:41.566,onvif-e9b03eab-61a3-46bd-9f42-888fd59ddbc4,1789817201.542,1789817201.551,1789817201.556,1789817201.560,1789817201.560,1789817201.567,25.02
2026-09-19 16:56:41.683,onvif-e9b03eab-61a3-46bd-9f42-888fd59ddbc4,1789817201.663,1789817201.664,1789817201.668,1789817201.672,1789817201.672,1789817201.684,20.11
2026-09-19 16:56:41.745,onvif-e9b03eab-61a3-46bd-9f42-888fd59ddbc4,1789817201.729,1789817201.731,1789817201.735,1789817201.737,1789817201.737,1789817201.746,17.03
2026-09-19 16:56:41.901,onvif-e9b03eab-61a3-46bd-9f42-888fd59ddbc4,1789817201.883,1789817201.883,1789817201.887,1789817201.890,1789817201.890,1789817201.902,19.16
2026-09-19 16:56:41.966,onvif-e9b03eab-61a3-46bd-9f42-888fd59ddbc4,1789817201.928,1789817201.950,1789817201.954,1789817201.959,1789817201.960,1789817201.966,37.93
2026-09-19 16:56:42.082,onvif-e9b03eab-61a3-46bd-9f42-888fd59ddbc4,1789817202.067,1789817202.068,1789817202.072,1789817202.076,1789817202.076,1789817202.082,15.80
2026-09-19 16:56:42.196,onvif-e9b03eab-61a3-46bd-9f42-888fd59ddbc4,1789817202.177,1789817202.182,1789817202.185,1789817202.189,1789817202.189,1789817202.197,19.49
2026-09-19 16:56:42.282,onvif-e9b03eab-61a3-46bd-9f42-888fd59ddbc4,1789817202.268,1789817202.269,1789817202.273,1789817202.275,1789817202.275,1789817202.282,14.07
2026-09-19 16:56:42.419,onvif-e9b03eab-61a3-46bd-9f42-888fd59ddbc4,1789817202.397,1789817202.401,1789817202.404,1789817202.407,1789817202.407,1789817202.419,21.71
2026-09-19 16:56:42.485,onvif-e9b03eab-61a3-46bd-9f42-888fd59ddbc4,1789817202.452,1789817202.468,1789817202.471,1789817202.477,1789817202.477,1789817202.486,33.77
2026-09-19 16:56:42.553,onvif-e9b03eab-61a3-46bd-9f42-888fd59ddbc4,1789817202.526,1789817202.535,1789817202.540,1789817202.547,1789817202.547,1789817202.554,27.47
2026-09-19 16:56:42.634,onvif-e9b03eab-61a3-46bd-9f42-888fd59ddbc4,1789817202.614,1789817202.617,1789817202.620,1789817202.622,1789817202.622,1789817202.635,20.47
2026-09-19 16:56:42.699,onvif-e9b03eab-61a3-46bd-9f42-888fd59ddbc4,1789817202.681,1789817202.684,1789817202.687,1789817202.693,1789817202.693,1789817202.699,18.30
2026-09-19 16:56:42.757,onvif-e9b03eab-61a3-46bd-9f42-888fd59ddbc4,1789817202.737,1789817202.738,1789817202.741,1789817202.746,1789817202.746,1789817202.758,21.02
2026-09-19 16:56:42.837,onvif-e9b03eab-61a3-46bd-9f42-888fd59ddbc4,1789817202.818,1789817202.821,1789817202.825,1789817202.827,1789817202.827,1789817202.837,18.78
2026-09-19 16:56:42.905,onvif-e9b03eab-61a3-46bd-9f42-888fd59ddbc4,1789817202.856,1789817202.888,1789817202.893,1789817202.898,1789817202.898,1789817202.906,49.33
2026-09-19 16:56:42.964,onvif-e9b03eab-61a3-46bd-9f42-888fd59ddbc4,1789817202.944,1789817202.947,1789817202.950,1789817202.957,1789817202.957,1789817202.964,20.28
2026-09-19 16:56:43.082,onvif-e9b03eab-61a3-46bd-9f42-888fd59ddbc4,1789817203.063,1789817203.065,1789817203.068,1789817203.075,1789817203.075,1789817203.082,19.30
2026-09-19 16:56:43.150,onvif-e9b03eab-61a3-46bd-9f42-888fd59ddbc4,1789817203.111,1789817203.132,1789817203.138,1789817203.140,1789817203.140,1789817203.150,38.76
2026-09-19 16:56:43.215,onvif-e9b03eab-61a3-46bd-9f42-888fd59ddbc4,1789817203.191,1789817203.200,1789817203.203,1789817203.206,1789817203.206,1789817203.216,25.13
2026-09-19 16:56:43.324,onvif-e9b03eab-61a3-46bd-9f42-888fd59ddbc4,1789817203.306,1789817203.308,1789817203.310,1789817203.313,1789817203.313,1789817203.324,17.87
2026-09-19 16:56:43.416,onvif-e9b03eab-61a3-46bd-9f42-888fd59ddbc4,1789817203.396,1789817203.400,1789817203.404,1789817203.410,1789817203.410,1789817203.417,20.87
2026-09-19 16:56:43.479,onvif-e9b03eab-61a3-46bd-9f42-888fd59ddbc4,1789817203.458,1789817203.459,1789817203.463,1789817203.468,1789817203.468,1789817203.480,21.32
2026-09-19 16:56:43.667,onvif-e9b03eab-61a3-46bd-9f42-888fd59ddbc4,1789817203.642,1789817203.645,1789817203.649,1789817203.654,1789817203.654,1789817203.668,25.75
2026-09-19 16:56:43.804,onvif-e9b03eab-61a3-46bd-9f42-888fd59ddbc4,1789817203.784,1789817203.784,1789817203.788,1789817203.793,1789817203.793,1789817203.805,20.79
2026-09-19 16:56:43.873,onvif-e9b03eab-61a3-46bd-9f42-888fd59ddbc4,1789817203.841,1789817203.856,1789817203.861,1789817203.867,1789817203.867,1789817203.873,32.35
2026-09-19 16:56:43.940,onvif-e9b03eab-61a3-46bd-9f42-888fd59ddbc4,1789817203.907,1789817203.923,1789817203.929,1789817203.932,1789817203.932,1789817203.941,33.40
2026-09-19 16:56:44.009,onvif-e9b03eab-61a3-46bd-9f42-888fd59ddbc4,1789817203.987,1789817203.990,1789817203.995,1789817203.997,1789817203.998,1789817204.009,21.86
2026-09-19 16:56:44.100,onvif-e9b03eab-61a3-46bd-9f42-888fd59ddbc4,1789817204.085,1789817204.088,1789817204.092,1789817204.094,1789817204.094,1789817204.100,14.78
2026-09-19 16:56:44.184,onvif-e9b03eab-61a3-46bd-9f42-888fd59ddbc4,1789817204.167,1789817204.170,1789817204.175,1789817204.177,1789817204.177,1789817204.184,17.16
2026-09-19 16:56:44.253,onvif-e9b03eab-61a3-46bd-9f42-888fd59ddbc4,1789817204.216,1789817204.237,1789817204.240,1789817204.243,1789817204.243,1789817204.254,38.34
2026-09-19 16:56:44.323,onvif-e9b03eab-61a3-46bd-9f42-888fd59ddbc4,1789817204.282,1789817204.304,1789817204.308,1789817204.314,1789817204.314,1789817204.324,41.51
2026-09-19 16:56:44.407,onvif-e9b03eab-61a3-46bd-9f42-888fd59ddbc4,1789817204.390,1789817204.392,1789817204.396,1789817204.400,1789817204.400,1789817204.408,17.82
2026-09-19 16:56:44.477,onvif-e9b03eab-61a3-46bd-9f42-888fd59ddbc4,1789817204.449,1789817204.459,1789817204.463,1789817204.465,1789817204.465,1789817204.477,28.15
2026-09-19 16:56:44.551,onvif-e9b03eab-61a3-46bd-9f42-888fd59ddbc4,1789817204.535,1789817204.537,1789817204.540,1789817204.545,1789817204.545,1789817204.551,16.52
2026-09-19 16:56:44.629,onvif-e9b03eab-61a3-46bd-9f42-888fd59ddbc4,1789817204.602,1789817204.609,1789817204.615,1789817204.621,1789817204.621,1789817204.630,27.59
2026-09-19 16:56:44.735,onvif-e9b03eab-61a3-46bd-9f42-888fd59ddbc4,1789817204.713,1789817204.717,1789817204.721,1789817204.724,1789817204.724,1789817204.735,21.83
2026-09-19 16:56:44.812,onvif-e9b03eab-61a3-46bd-9f42-888fd59ddbc4,1789817204.796,1789817204.800,1789817204.803,1789817204.806,1789817204.806,1789817204.812,15.69
2026-09-19 16:56:44.895,onvif-e9b03eab-61a3-46bd-9f42-888fd59ddbc4,1789817204.880,1789817204.882,1789817204.886,1789817204.889,1789817204.889,1789817204.896,15.99
2026-09-19 16:56:44.970,onvif-e9b03eab-61a3-46bd-9f42-888fd59ddbc4,1789817204.936,1789817204.949,1789817204.953,1789817204.959,1789817204.959,1789817204.970,34.58
2026-09-19 16:56:45.056,onvif-e9b03eab-61a3-46bd-9f42-888fd59ddbc4,1789817205.037,1789817205.041,1789817205.045,1789817205.050,1789817205.051,1789817205.057,19.80
2026-09-19 16:56:45.139,onvif-e9b03eab-61a3-46bd-9f42-888fd59ddbc4,1789817205.119,1789817205.124,1789817205.127,1789817205.132,1789817205.132,1789817205.140,20.39
2026-09-19 16:56:45.237,onvif-e9b03eab-61a3-46bd-9f42-888fd59ddbc4,1789817205.212,1789817205.217,1789817205.220,1789817205.224,1789817205.224,1789817205.238,25.63
2026-09-19 16:56:45.306,onvif-e9b03eab-61a3-46bd-9f42-888fd59ddbc4,1789817205.293,1789817205.294,1789817205.298,1789817205.300,1789817205.300,1789817205.307,14.14
2026-09-19 16:56:45.400,onvif-e9b03eab-61a3-46bd-9f42-888fd59ddbc4,1789817205.383,1789817205.386,1789817205.390,1789817205.392,1789817205.392,1789817205.400,17.37
2026-09-19 16:56:45.458,onvif-e9b03eab-61a3-46bd-9f42-888fd59ddbc4,1789817205.438,1789817205.441,1789817205.444,1789817205.446,1789817205.446,1789817205.459,20.99
2026-09-19 16:56:45.523,onvif-e9b03eab-61a3-46bd-9f42-888fd59ddbc4,1789817205.478,1789817205.508,1789817205.511,1789817205.517,1789817205.517,1789817205.524,46.02
2026-09-19 16:56:45.590,onvif-e9b03eab-61a3-46bd-9f42-888fd59ddbc4,1789817205.570,1789817205.574,1789817205.580,1789817205.582,1789817205.582,1789817205.591,20.72
2026-09-19 16:56:45.649,onvif-e9b03eab-61a3-46bd-9f42-888fd59ddbc4,1789817205.629,1789817205.634,1789817205.637,1789817205.641,1789817205.642,1789817205.649,20.33
2026-09-19 16:56:45.724,onvif-e9b03eab-61a3-46bd-9f42-888fd59ddbc4,1789817205.708,1789817205.711,1789817205.715,1789817205.718,1789817205.718,1789817205.725,17.10
2026-09-19 16:56:45.799,onvif-e9b03eab-61a3-46bd-9f42-888fd59ddbc4,1789817205.778,1789817205.783,1789817205.786,1789817205.789,1789817205.789,1789817205.800,21.63
2026-09-19 16:56:45.900,onvif-e9b03eab-61a3-46bd-9f42-888fd59ddbc4,1789817205.882,1789817205.886,1789817205.889,1789817205.891,1789817205.891,1789817205.900,18.36
2026-09-19 16:56:45.970,onvif-e9b03eab-61a3-46bd-9f42-888fd59ddbc4,1789817205.949,1789817205.953,1789817205.957,1789817205.963,1789817205.963,1789817205.971,21.24
2026-09-19 16:56:46.027,onvif-e9b03eab-61a3-46bd-9f42-888fd59ddbc4,1789817206.003,1789817206.007,1789817206.011,1789817206.016,1789817206.016,1789817206.027,24.13
2026-09-19 16:56:46.097,onvif-e9b03eab-61a3-46bd-9f42-888fd59ddbc4,1789817206.077,1789817206.084,1789817206.087,1789817206.092,1789817206.092,1789817206.098,20.94
2026-09-19 16:56:46.178,onvif-e9b03eab-61a3-46bd-9f42-888fd59ddbc4,1789817206.159,1789817206.161,1789817206.166,1789817206.172,1789817206.172,1789817206.179,20.27
2026-09-19 16:56:46.263,onvif-e9b03eab-61a3-46bd-9f42-888fd59ddbc4,1789817206.238,1789817206.243,1789817206.247,1789817206.253,1789817206.253,1789817206.263,24.80
2026-09-19 16:56:46.329,onvif-e9b03eab-61a3-46bd-9f42-888fd59ddbc4,1789817206.311,1789817206.315,1789817206.320,1789817206.323,1789817206.323,1789817206.330,19.11
2026-09-19 16:56:46.400,onvif-e9b03eab-61a3-46bd-9f42-888fd59ddbc4,1789817206.378,1789817206.379,1789817206.383,1789817206.387,1789817206.387,1789817206.400,21.76
2026-09-19 16:56:46.460,onvif-e9b03eab-61a3-46bd-9f42-888fd59ddbc4,1789817206.441,1789817206.446,1789817206.450,1789817206.453,1789817206.454,1789817206.461,19.71
2026-09-19 16:56:46.561,onvif-e9b03eab-61a3-46bd-9f42-888fd59ddbc4,1789817206.545,1789817206.549,1789817206.553,1789817206.556,1789817206.556,1789817206.562,16.64
2026-09-19 16:56:46.633,onvif-e9b03eab-61a3-46bd-9f42-888fd59ddbc4,1789817206.608,1789817206.616,1789817206.622,1789817206.626,1789817206.626,1789817206.634,26.13
2026-09-19 16:56:46.733,onvif-e9b03eab-61a3-46bd-9f42-888fd59ddbc4,1789817206.714,1789817206.714,1789817206.717,1789817206.723,1789817206.724,1789817206.734,20.01
2026-09-19 16:56:46.799,onvif-e9b03eab-61a3-46bd-9f42-888fd59ddbc4,1789817206.770,1789817206.786,1789817206.789,1789817206.793,1789817206.793,1789817206.800,29.81
2026-09-19 16:56:46.905,onvif-e9b03eab-61a3-46bd-9f42-888fd59ddbc4,1789817206.890,1789817206.894,1789817206.897,1789817206.900,1789817206.900,1789817206.906,15.34
2026-09-19 16:56:46.984,onvif-e9b03eab-61a3-46bd-9f42-888fd59ddbc4,1789817206.962,1789817206.966,1789817206.971,1789817206.976,1789817206.976,1789817206.984,21.96
2026-09-19 16:56:47.097,onvif-e9b03eab-61a3-46bd-9f42-888fd59ddbc4,1789817207.075,1789817207.079,1789817207.082,1789817207.085,1789817207.085,1789817207.098,23.09
2026-09-19 16:56:47.147,onvif-e9b03eab-61a3-46bd-9f42-888fd59ddbc4,1789817207.124,1789817207.128,1789817207.133,1789817207.138,1789817207.138,1789817207.147,23.90
2026-09-19 16:56:47.214,onvif-e9b03eab-61a3-46bd-9f42-888fd59ddbc4,1789817207.191,1789817207.195,1789817207.198,1789817207.204,1789817207.204,1789817207.214,23.36
2026-09-19 16:56:47.298,onvif-e9b03eab-61a3-46bd-9f42-888fd59ddbc4,1789817207.280,1789817207.282,1789817207.286,1789817207.292,1789817207.292,1789817207.299,18.67
2026-09-19 16:56:47.367,onvif-e9b03eab-61a3-46bd-9f42-888fd59ddbc4,1789817207.336,1789817207.349,1789817207.355,1789817207.357,1789817207.357,1789817207.367,31.81
2026-09-19 16:56:47.433,onvif-e9b03eab-61a3-46bd-9f42-888fd59ddbc4,1789817207.406,1789817207.417,1789817207.420,1789817207.422,1789817207.422,1789817207.433,26.99
2026-09-19 16:56:47.499,onvif-e9b03eab-61a3-46bd-9f42-888fd59ddbc4,1789817207.473,1789817207.483,1789817207.487,1789817207.493,1789817207.493,1789817207.499,26.52
2026-09-19 16:56:47.577,onvif-e9b03eab-61a3-46bd-9f42-888fd59ddbc4,1789817207.558,1789817207.558,1789817207.563,1789817207.568,1789817207.568,1789817207.578,20.44
2026-09-19 16:56:47.641,onvif-e9b03eab-61a3-46bd-9f42-888fd59ddbc4,1789817207.606,1789817207.625,1789817207.630,1789817207.635,1789817207.635,1789817207.642,35.26
2026-09-19 16:56:47.728,onvif-e9b03eab-61a3-46bd-9f42-888fd59ddbc4,1789817207.710,1789817207.713,1789817207.716,1789817207.720,1789817207.720,1789817207.728,18.08
2026-09-19 16:56:47.798,onvif-e9b03eab-61a3-46bd-9f42-888fd59ddbc4,1789817207.785,1789817207.785,1789817207.788,1789817207.791,1789817207.791,1789817207.799,13.78
2026-09-19 16:56:47.916,onvif-e9b03eab-61a3-46bd-9f42-888fd59ddbc4,1789817207.901,1789817207.904,1789817207.906,1789817207.910,1789817207.910,1789817207.917,16.11
2026-09-19 16:56:47.989,onvif-e9b03eab-61a3-46bd-9f42-888fd59ddbc4,1789817207.950,1789817207.971,1789817207.976,1789817207.981,1789817207.981,1789817207.989,39.49
2026-09-19 16:56:48.124,onvif-e9b03eab-61a3-46bd-9f42-888fd59ddbc4,1789817208.100,1789817208.105,1789817208.108,1789817208.114,1789817208.114,1789817208.125,24.24
2026-09-19 16:56:48.185,onvif-e9b03eab-61a3-46bd-9f42-888fd59ddbc4,1789817208.158,1789817208.172,1789817208.176,1789817208.179,1789817208.179,1789817208.186,27.79
2026-09-19 16:56:48.269,onvif-e9b03eab-61a3-46bd-9f42-888fd59ddbc4,1789817208.239,1789817208.249,1789817208.255,1789817208.261,1789817208.261,1789817208.269,30.80
2026-09-19 16:56:48.339,onvif-e9b03eab-61a3-46bd-9f42-888fd59ddbc4,1789817208.321,1789817208.321,1789817208.324,1789817208.327,1789817208.327,1789817208.340,18.86
2026-09-19 16:56:48.425,onvif-e9b03eab-61a3-46bd-9f42-888fd59ddbc4,1789817208.409,1789817208.409,1789817208.413,1789817208.419,1789817208.419,1789817208.425,16.29
2026-09-19 16:56:48.503,onvif-e9b03eab-61a3-46bd-9f42-888fd59ddbc4,1789817208.482,1789817208.486,1789817208.491,1789817208.495,1789817208.495,1789817208.503,21.38
2026-09-19 16:56:48.559,onvif-e9b03eab-61a3-46bd-9f42-888fd59ddbc4,1789817208.541,1789817208.545,1789817208.549,1789817208.554,1789817208.554,1789817208.560,18.42
2026-09-19 16:56:48.632,onvif-e9b03eab-61a3-46bd-9f42-888fd59ddbc4,1789817208.607,1789817208.612,1789817208.618,1789817208.624,1789817208.624,1789817208.633,25.38
2026-09-19 16:56:48.726,onvif-e9b03eab-61a3-46bd-9f42-888fd59ddbc4,1789817208.710,1789817208.710,1789817208.713,1789817208.716,1789817208.716,1789817208.727,17.05
2026-09-19 16:56:48.794,onvif-e9b03eab-61a3-46bd-9f42-888fd59ddbc4,1789817208.776,1789817208.777,1789817208.781,1789817208.788,1789817208.788,1789817208.794,18.36
2026-09-19 16:56:48.885,onvif-e9b03eab-61a3-46bd-9f42-888fd59ddbc4,1789817208.874,1789817208.874,1789817208.878,1789817208.879,1789817208.879,1789817208.886,11.33
2026-09-19 16:56:48.960,onvif-e9b03eab-61a3-46bd-9f42-888fd59ddbc4,1789817208.938,1789817208.941,1789817208.945,1789817208.950,1789817208.950,1789817208.961,22.46
2026-09-19 16:56:49.069,onvif-e9b03eab-61a3-46bd-9f42-888fd59ddbc4,1789817209.047,1789817209.050,1789817209.053,1789817209.057,1789817209.057,1789817209.069,21.86
2026-09-19 16:56:49.129,onvif-e9b03eab-61a3-46bd-9f42-888fd59ddbc4,1789817209.114,1789817209.117,1789817209.121,1789817209.122,1789817209.122,1789817209.129,15.64
2026-09-19 16:56:49.224,onvif-e9b03eab-61a3-46bd-9f42-888fd59ddbc4,1789817209.205,1789817209.209,1789817209.214,1789817209.218,1789817209.218,1789817209.225,19.61
2026-09-19 16:56:49.306,onvif-e9b03eab-61a3-46bd-9f42-888fd59ddbc4,1789817209.284,1789817209.287,1789817209.290,1789817209.293,1789817209.293,1789817209.306,22.31
2026-09-19 16:56:49.396,onvif-e9b03eab-61a3-46bd-9f42-888fd59ddbc4,1789817209.381,1789817209.385,1789817209.388,1789817209.390,1789817209.390,1789817209.396,14.89
2026-09-19 16:56:49.469,onvif-e9b03eab-61a3-46bd-9f42-888fd59ddbc4,1789817209.440,1789817209.451,1789817209.457,1789817209.461,1789817209.461,1789817209.469,29.28
2026-09-19 16:56:49.572,onvif-e9b03eab-61a3-46bd-9f42-888fd59ddbc4,1789817209.546,1789817209.549,1789817209.554,1789817209.558,1789817209.558,1789817209.572,26.45
2026-09-19 16:56:49.640,onvif-e9b03eab-61a3-46bd-9f42-888fd59ddbc4,1789817209.615,1789817209.616,1789817209.622,1789817209.627,1789817209.627,1789817209.640,25.21
2026-09-19 16:56:49.736,onvif-e9b03eab-61a3-46bd-9f42-888fd59ddbc4,1789817209.719,1789817209.724,1789817209.727,1789817209.728,1789817209.729,1789817209.737,17.44
2026-09-19 16:56:49.808,onvif-e9b03eab-61a3-46bd-9f42-888fd59ddbc4,1789817209.771,1789817209.791,1789817209.797,1789817209.799,1789817209.799,1789817209.809,38.41
2026-09-19 16:56:49.900,onvif-e9b03eab-61a3-46bd-9f42-888fd59ddbc4,1789817209.879,1789817209.884,1789817209.888,1789817209.891,1789817209.891,1789817209.901,22.35
2026-09-19 16:56:49.967,onvif-e9b03eab-61a3-46bd-9f42-888fd59ddbc4,1789817209.948,1789817209.956,1789817209.960,1789817209.961,1789817209.961,1789817209.968,19.48
2026-09-19 16:56:50.066,onvif-e9b03eab-61a3-46bd-9f42-888fd59ddbc4,1789817210.050,1789817210.053,1789817210.057,1789817210.060,1789817210.060,1789817210.066,16.64
2026-09-19 16:56:50.139,onvif-e9b03eab-61a3-46bd-9f42-888fd59ddbc4,1789817210.121,1789817210.125,1789817210.129,1789817210.130,1789817210.130,1789817210.139,18.80
2026-09-19 16:56:50.230,onvif-e9b03eab-61a3-46bd-9f42-888fd59ddbc4,1789817210.210,1789817210.213,1789817210.217,1789817210.222,1789817210.222,1789817210.231,20.81
2026-09-19 16:56:50.300,onvif-e9b03eab-61a3-46bd-9f42-888fd59ddbc4,1789817210.267,1789817210.280,1789817210.285,1789817210.289,1789817210.289,1789817210.301,34.01
2026-09-19 16:56:50.401,onvif-e9b03eab-61a3-46bd-9f42-888fd59ddbc4,1789817210.380,1789817210.383,1789817210.386,1789817210.391,1789817210.391,1789817210.401,20.74
2026-09-19 16:56:50.471,onvif-e9b03eab-61a3-46bd-9f42-888fd59ddbc4,1789817210.451,1789817210.455,1789817210.459,1789817210.462,1789817210.462,1789817210.471,20.28
2026-09-19 16:56:50.558,onvif-e9b03eab-61a3-46bd-9f42-888fd59ddbc4,1789817210.541,1789817210.543,1789817210.547,1789817210.548,1789817210.548,1789817210.558,17.45
2026-09-19 16:56:50.635,onvif-e9b03eab-61a3-46bd-9f42-888fd59ddbc4,1789817210.610,1789817210.615,1789817210.619,1789817210.624,1789817210.624,1789817210.635,25.58
2026-09-19 16:56:50.737,onvif-e9b03eab-61a3-46bd-9f42-888fd59ddbc4,1789817210.717,1789817210.718,1789817210.721,1789817210.726,1789817210.726,1789817210.738,21.09
2026-09-19 16:56:50.799,onvif-e9b03eab-61a3-46bd-9f42-888fd59ddbc4,1789817210.780,1789817210.785,1789817210.789,1789817210.792,1789817210.792,1789817210.800,19.57
2026-09-19 16:56:50.899,onvif-e9b03eab-61a3-46bd-9f42-888fd59ddbc4,1789817210.883,1789817210.888,1789817210.892,1789817210.894,1789817210.894,1789817210.900,16.56
2026-09-19 16:56:50.965,onvif-e9b03eab-61a3-46bd-9f42-888fd59ddbc4,1789817210.944,1789817210.947,1789817210.950,1789817210.952,1789817210.952,1789817210.965,21.26
2026-09-19 16:56:51.070,onvif-e9b03eab-61a3-46bd-9f42-888fd59ddbc4,1789817211.046,1789817211.050,1789817211.053,1789817211.060,1789817211.060,1789817211.071,25.14
2026-09-19 16:56:51.133,onvif-e9b03eab-61a3-46bd-9f42-888fd59ddbc4,1789817211.112,1789817211.117,1789817211.121,1789817211.126,1789817211.126,1789817211.133,21.25
2026-09-19 16:56:51.219,onvif-e9b03eab-61a3-46bd-9f42-888fd59ddbc4,1789817211.203,1789817211.204,1789817211.208,1789817211.212,1789817211.212,1789817211.219,16.06
2026-09-19 16:56:51.296,onvif-e9b03eab-61a3-46bd-9f42-888fd59ddbc4,1789817211.275,1789817211.276,1789817211.280,1789817211.284,1789817211.284,1789817211.297,21.93
2026-09-19 16:56:51.401,onvif-e9b03eab-61a3-46bd-9f42-888fd59ddbc4,1789817211.378,1789817211.380,1789817211.383,1789817211.386,1789817211.386,1789817211.401,22.65
2026-09-19 16:56:51.464,onvif-e9b03eab-61a3-46bd-9f42-888fd59ddbc4,1789817211.441,1789817211.447,1789817211.451,1789817211.457,1789817211.457,1789817211.464,23.36
2026-09-19 16:56:51.565,onvif-e9b03eab-61a3-46bd-9f42-888fd59ddbc4,1789817211.546,1789817211.550,1789817211.554,1789817211.559,1789817211.559,1789817211.566,19.43
2026-09-19 16:56:51.636,onvif-e9b03eab-61a3-46bd-9f42-888fd59ddbc4,1789817211.606,1789817211.617,1789817211.620,1789817211.625,1789817211.625,1789817211.637,30.74
2026-09-19 16:56:51.730,onvif-e9b03eab-61a3-46bd-9f42-888fd59ddbc4,1789817211.712,1789817211.714,1789817211.719,1789817211.722,1789817211.722,1789817211.730,18.41
2026-09-19 16:56:51.801,onvif-e9b03eab-61a3-46bd-9f42-888fd59ddbc4,1789817211.778,1789817211.781,1789817211.787,1789817211.794,1789817211.794,1789817211.802,23.56
2026-09-19 16:56:51.897,onvif-e9b03eab-61a3-46bd-9f42-888fd59ddbc4,1789817211.879,1789817211.879,1789817211.882,1789817211.885,1789817211.885,1789817211.898,18.49
2026-09-19 16:56:51.968,onvif-e9b03eab-61a3-46bd-9f42-888fd59ddbc4,1789817211.945,1789817211.951,1789817211.955,1789817211.961,1789817211.961,1789817211.969,23.24
2026-09-19 16:56:52.064,onvif-e9b03eab-61a3-46bd-9f42-888fd59ddbc4,1789817212.046,1789817212.049,1789817212.053,1789817212.058,1789817212.058,1789817212.064,17.90
2026-09-19 16:56:52.136,onvif-e9b03eab-61a3-46bd-9f42-888fd59ddbc4,1789817212.109,1789817212.116,1789817212.120,1789817212.124,1789817212.124,1789817212.136,27.67
2026-09-19 16:56:52.222,onvif-e9b03eab-61a3-46bd-9f42-888fd59ddbc4,1789817212.207,1789817212.209,1789817212.212,1789817212.215,1789817212.216,1789817212.222,15.09
2026-09-19 16:56:52.294,onvif-e9b03eab-61a3-46bd-9f42-888fd59ddbc4,1789817212.269,1789817212.276,1789817212.281,1789817212.286,1789817212.286,1789817212.294,24.95
2026-09-19 16:56:52.388,onvif-e9b03eab-61a3-46bd-9f42-888fd59ddbc4,1789817212.368,1789817212.369,1789817212.372,1789817212.378,1789817212.378,1789817212.389,20.31
2026-09-19 16:56:52.468,onvif-e9b03eab-61a3-46bd-9f42-888fd59ddbc4,1789817212.445,1789817212.451,1789817212.454,1789817212.459,1789817212.459,1789817212.468,23.38
2026-09-19 16:56:52.563,onvif-e9b03eab-61a3-46bd-9f42-888fd59ddbc4,1789817212.545,1789817212.549,1789817212.552,1789817212.556,1789817212.556,1789817212.563,18.17
2026-09-19 16:56:52.630,onvif-e9b03eab-61a3-46bd-9f42-888fd59ddbc4,1789817212.607,1789817212.615,1789817212.619,1789817212.622,1789817212.622,1789817212.630,23.06
2026-09-19 16:56:52.720,onvif-e9b03eab-61a3-46bd-9f42-888fd59ddbc4,1789817212.707,1789817212.709,1789817212.713,1789817212.715,1789817212.715,1789817212.720,13.05
2026-09-19 16:56:52.819,onvif-e9b03eab-61a3-46bd-9f42-888fd59ddbc4,1789817212.805,1789817212.806,1789817212.810,1789817212.812,1789817212.812,1789817212.819,14.64
2026-09-19 16:56:52.902,onvif-e9b03eab-61a3-46bd-9f42-888fd59ddbc4,1789817212.881,1789817212.884,1789817212.888,1789817212.893,1789817212.893,1789817212.903,21.59
2026-09-19 16:56:52.966,onvif-e9b03eab-61a3-46bd-9f42-888fd59ddbc4,1789817212.941,1789817212.951,1789817212.955,1789817212.959,1789817212.959,1789817212.967,25.85
2026-09-19 16:56:53.059,onvif-e9b03eab-61a3-46bd-9f42-888fd59ddbc4,1789817213.043,1789817213.043,1789817213.046,1789817213.050,1789817213.050,1789817213.060,16.64
2026-09-19 16:56:53.137,onvif-e9b03eab-61a3-46bd-9f42-888fd59ddbc4,1789817213.114,1789817213.120,1789817213.125,1789817213.131,1789817213.131,1789817213.137,23.24
2026-09-19 16:56:53.231,onvif-e9b03eab-61a3-46bd-9f42-888fd59ddbc4,1789817213.210,1789817213.213,1789817213.217,1789817213.222,1789817213.222,1789817213.232,21.68
2026-09-19 16:56:53.305,onvif-e9b03eab-61a3-46bd-9f42-888fd59ddbc4,1789817213.285,1789817213.285,1789817213.289,1789817213.293,1789817213.293,1789817213.305,20.49
2026-09-19 16:56:53.391,onvif-e9b03eab-61a3-46bd-9f42-888fd59ddbc4,1789817213.376,1789817213.378,1789817213.381,1789817213.385,1789817213.385,1789817213.391,15.18
2026-09-19 16:56:53.466,onvif-e9b03eab-61a3-46bd-9f42-888fd59ddbc4,1789817213.441,1789817213.445,1789817213.450,1789817213.456,1789817213.456,1789817213.466,25.43
2026-09-19 16:56:53.570,onvif-e9b03eab-61a3-46bd-9f42-888fd59ddbc4,1789817213.551,1789817213.553,1789817213.556,1789817213.558,1789817213.558,1789817213.571,19.91
2026-09-19 16:56:53.641,onvif-e9b03eab-61a3-46bd-9f42-888fd59ddbc4,1789817213.607,1789817213.625,1789817213.629,1789817213.634,1789817213.634,1789817213.641,33.77
2026-09-19 16:56:53.739,onvif-e9b03eab-61a3-46bd-9f42-888fd59ddbc4,1789817213.722,1789817213.723,1789817213.726,1789817213.731,1789817213.731,1789817213.739,17.50
2026-09-19 16:56:53.808,onvif-e9b03eab-61a3-46bd-9f42-888fd59ddbc4,1789817213.780,1789817213.790,1789817213.793,1789817213.797,1789817213.797,1789817213.809,28.45
2026-09-19 16:56:53.919,onvif-e9b03eab-61a3-46bd-9f42-888fd59ddbc4,1789817213.900,1789817213.904,1789817213.908,1789817213.909,1789817213.910,1789817213.919,19.64
2026-09-19 16:56:53.997,onvif-e9b03eab-61a3-46bd-9f42-888fd59ddbc4,1789817213.970,1789817213.981,1789817213.985,1789817213.991,1789817213.991,1789817213.997,26.84
2026-09-19 16:56:54.071,onvif-e9b03eab-61a3-46bd-9f42-888fd59ddbc4,1789817214.051,1789817214.053,1789817214.058,1789817214.061,1789817214.061,1789817214.072,21.02
2026-09-19 16:56:54.142,onvif-e9b03eab-61a3-46bd-9f42-888fd59ddbc4,1789817214.119,1789817214.125,1789817214.129,1789817214.132,1789817214.132,1789817214.143,23.42
2026-09-19 16:56:54.257,onvif-e9b03eab-61a3-46bd-9f42-888fd59ddbc4,1789817214.237,1789817214.238,1789817214.242,1789817214.245,1789817214.245,1789817214.257,20.83
2026-09-19 16:56:54.322,onvif-e9b03eab-61a3-46bd-9f42-888fd59ddbc4,1789817214.293,1789817214.305,1789817214.310,1789817214.315,1789817214.315,1789817214.322,29.46
2026-09-19 16:56:54.408,onvif-e9b03eab-61a3-46bd-9f42-888fd59ddbc4,1789817214.389,1789817214.393,1789817214.397,1789817214.402,1789817214.402,1789817214.408,19.21
2026-09-19 16:56:54.478,onvif-e9b03eab-61a3-46bd-9f42-888fd59ddbc4,1789817214.450,1789817214.460,1789817214.464,1789817214.466,1789817214.467,1789817214.479,28.92
2026-09-19 16:56:54.564,onvif-e9b03eab-61a3-46bd-9f42-888fd59ddbc4,1789817214.550,1789817214.552,1789817214.556,1789817214.559,1789817214.559,1789817214.565,15.07
2026-09-19 16:56:54.629,onvif-e9b03eab-61a3-46bd-9f42-888fd59ddbc4,1789817214.607,1789817214.611,1789817214.615,1789817214.617,1789817214.617,1789817214.629,22.38
2026-09-19 16:56:54.694,onvif-e9b03eab-61a3-46bd-9f42-888fd59ddbc4,1789817214.672,1789817214.678,1789817214.682,1789817214.688,1789817214.688,1789817214.695,23.09
2026-09-19 16:56:54.792,onvif-e9b03eab-61a3-46bd-9f42-888fd59ddbc4,1789817214.773,1789817214.776,1789817214.780,1789817214.786,1789817214.786,1789817214.792,19.86
2026-09-19 16:56:54.867,onvif-e9b03eab-61a3-46bd-9f42-888fd59ddbc4,1789817214.833,1789817214.848,1789817214.852,1789817214.857,1789817214.857,1789817214.868,34.91
2026-09-19 16:56:54.956,onvif-e9b03eab-61a3-46bd-9f42-888fd59ddbc4,1789817214.936,1789817214.941,1789817214.945,1789817214.949,1789817214.950,1789817214.956,20.12
2026-09-19 16:56:55.024,onvif-e9b03eab-61a3-46bd-9f42-888fd59ddbc4,1789817214.988,1789817215.008,1789817215.013,1789817215.015,1789817215.015,1789817215.024,36.46
2026-09-19 16:56:55.115,onvif-e9b03eab-61a3-46bd-9f42-888fd59ddbc4,1789817215.091,1789817215.096,1789817215.100,1789817215.103,1789817215.103,1789817215.115,24.30
2026-09-19 16:56:55.175,onvif-e9b03eab-61a3-46bd-9f42-888fd59ddbc4,1789817215.145,1789817215.163,1789817215.167,1789817215.169,1789817215.169,1789817215.175,30.56
2026-09-19 16:56:55.257,onvif-e9b03eab-61a3-46bd-9f42-888fd59ddbc4,1789817215.242,1789817215.245,1789817215.249,1789817215.250,1789817215.250,1789817215.258,15.25
2026-09-19 16:56:55.310,onvif-e9b03eab-61a3-46bd-9f42-888fd59ddbc4,1789817215.289,1789817215.294,1789817215.299,1789817215.304,1789817215.304,1789817215.310,21.22
2026-09-19 16:56:55.403,onvif-e9b03eab-61a3-46bd-9f42-888fd59ddbc4,1789817215.384,1789817215.387,1789817215.390,1789817215.397,1789817215.397,1789817215.404,19.13
2026-09-19 16:56:55.479,onvif-e9b03eab-61a3-46bd-9f42-888fd59ddbc4,1789817215.455,1789817215.459,1789817215.462,1789817215.467,1789817215.467,1789817215.480,24.56
2026-09-19 16:56:55.560,onvif-e9b03eab-61a3-46bd-9f42-888fd59ddbc4,1789817215.545,1789817215.546,1789817215.550,1789817215.554,1789817215.554,1789817215.560,15.74
2026-09-19 16:56:55.633,onvif-e9b03eab-61a3-46bd-9f42-888fd59ddbc4,1789817215.603,1789817215.613,1789817215.619,1789817215.626,1789817215.626,1789817215.634,30.36
2026-09-19 16:56:55.743,onvif-e9b03eab-61a3-46bd-9f42-888fd59ddbc4,1789817215.716,1789817215.721,1789817215.726,1789817215.732,1789817215.732,1789817215.744,27.37
2026-09-19 16:56:55.809,onvif-e9b03eab-61a3-46bd-9f42-888fd59ddbc4,1789817215.789,1789817215.793,1789817215.797,1789817215.802,1789817215.802,1789817215.809,20.81
2026-09-19 16:56:55.897,onvif-e9b03eab-61a3-46bd-9f42-888fd59ddbc4,1789817215.878,1789817215.881,1789817215.885,1789817215.890,1789817215.890,1789817215.898,19.55
2026-09-19 16:56:55.982,onvif-e9b03eab-61a3-46bd-9f42-888fd59ddbc4,1789817215.962,1789817215.963,1789817215.966,1789817215.970,1789817215.970,1789817215.983,20.75
2026-09-19 16:56:56.057,onvif-e9b03eab-61a3-46bd-9f42-888fd59ddbc4,1789817216.041,1789817216.045,1789817216.048,1789817216.051,1789817216.051,1789817216.058,16.21
2026-09-19 16:56:56.134,onvif-e9b03eab-61a3-46bd-9f42-888fd59ddbc4,1789817216.116,1789817216.118,1789817216.123,1789817216.126,1789817216.126,1789817216.134,18.94
2026-09-19 16:56:56.241,onvif-e9b03eab-61a3-46bd-9f42-888fd59ddbc4,1789817216.220,1789817216.221,1789817216.224,1789817216.229,1789817216.229,1789817216.241,21.15
2026-09-19 16:56:56.301,onvif-e9b03eab-61a3-46bd-9f42-888fd59ddbc4,1789817216.274,1789817216.288,1789817216.292,1789817216.294,1789817216.294,1789817216.301,27.08
2026-09-19 16:56:56.396,onvif-e9b03eab-61a3-46bd-9f42-888fd59ddbc4,1789817216.382,1789817216.385,1789817216.389,1789817216.391,1789817216.391,1789817216.397,14.51
2026-09-19 16:56:56.471,onvif-e9b03eab-61a3-46bd-9f42-888fd59ddbc4,1789817216.448,1789817216.452,1789817216.456,1789817216.461,1789817216.461,1789817216.471,22.88
2026-09-19 16:56:56.564,onvif-e9b03eab-61a3-46bd-9f42-888fd59ddbc4,1789817216.545,1789817216.550,1789817216.554,1789817216.558,1789817216.558,1789817216.564,19.14
2026-09-19 16:56:56.638,onvif-e9b03eab-61a3-46bd-9f42-888fd59ddbc4,1789817216.614,1789817216.617,1789817216.623,1789817216.629,1789817216.629,1789817216.638,23.95
2026-09-19 16:56:56.737,onvif-e9b03eab-61a3-46bd-9f42-888fd59ddbc4,1789817216.719,1789817216.720,1789817216.723,1789817216.727,1789817216.727,1789817216.737,18.15
2026-09-19 16:56:56.803,onvif-e9b03eab-61a3-46bd-9f42-888fd59ddbc4,1789817216.792,1789817216.792,1789817216.796,1789817216.797,1789817216.797,1789817216.803,11.35
2026-09-19 16:56:56.928,onvif-e9b03eab-61a3-46bd-9f42-888fd59ddbc4,1789817216.906,1789817216.911,1789817216.915,1789817216.920,1789817216.920,1789817216.929,22.57
2026-09-19 16:56:56.998,onvif-e9b03eab-61a3-46bd-9f42-888fd59ddbc4,1789817216.978,1789817216.983,1789817216.987,1789817216.991,1789817216.991,1789817216.999,20.64
2026-09-19 16:56:57.070,onvif-e9b03eab-61a3-46bd-9f42-888fd59ddbc4,1789817217.050,1789817217.052,1789817217.056,1789817217.060,1789817217.060,1789817217.071,20.70
2026-09-19 16:56:57.136,onvif-e9b03eab-61a3-46bd-9f42-888fd59ddbc4,1789817217.123,1789817217.124,1789817217.127,1789817217.131,1789817217.131,1789817217.137,14.08
2026-09-19 16:56:57.229,onvif-e9b03eab-61a3-46bd-9f42-888fd59ddbc4,1789817217.209,1789817217.212,1789817217.216,1789817217.222,1789817217.222,1789817217.229,20.64
2026-09-19 16:56:57.303,onvif-e9b03eab-61a3-46bd-9f42-888fd59ddbc4,1789817217.282,1789817217.284,1789817217.289,1789817217.293,1789817217.293,1789817217.304,22.04
2026-09-19 16:56:57.403,onvif-e9b03eab-61a3-46bd-9f42-888fd59ddbc4,1789817217.386,1789817217.387,1789817217.390,1789817217.393,1789817217.394,1789817217.404,18.33
2026-09-19 16:56:57.466,onvif-e9b03eab-61a3-46bd-9f42-888fd59ddbc4,1789817217.452,1789817217.453,1789817217.457,1789817217.459,1789817217.459,1789817217.466,14.27
2026-09-19 16:56:57.564,onvif-e9b03eab-61a3-46bd-9f42-888fd59ddbc4,1789817217.542,1789817217.546,1789817217.550,1789817217.557,1789817217.557,1789817217.564,21.80
2026-09-19 16:56:57.633,onvif-e9b03eab-61a3-46bd-9f42-888fd59ddbc4,1789817217.605,1789817217.613,1789817217.616,1789817217.621,1789817217.621,1789817217.634,28.92
2026-09-19 16:56:57.740,onvif-e9b03eab-61a3-46bd-9f42-888fd59ddbc4,1789817217.717,1789817217.721,1789817217.725,1789817217.730,1789817217.730,1789817217.741,24.23
2026-09-19 16:56:57.802,onvif-e9b03eab-61a3-46bd-9f42-888fd59ddbc4,1789817217.779,1789817217.788,1789817217.792,1789817217.796,1789817217.796,1789817217.803,23.85
2026-09-19 16:56:57.899,onvif-e9b03eab-61a3-46bd-9f42-888fd59ddbc4,1789817217.876,1789817217.881,1789817217.885,1789817217.887,1789817217.887,1789817217.899,23.01
2026-09-19 16:56:57.964,onvif-e9b03eab-61a3-46bd-9f42-888fd59ddbc4,1789817217.939,1789817217.953,1789817217.956,1789817217.958,1789817217.958,1789817217.964,24.87
2026-09-19 16:56:58.061,onvif-e9b03eab-61a3-46bd-9f42-888fd59ddbc4,1789817218.044,1789817218.045,1789817218.049,1789817218.055,1789817218.055,1789817218.062,17.66
2026-09-19 16:56:58.140,onvif-e9b03eab-61a3-46bd-9f42-888fd59ddbc4,1789817218.119,1789817218.123,1789817218.126,1789817218.130,1789817218.130,1789817218.141,22.29
2026-09-19 16:56:58.223,onvif-e9b03eab-61a3-46bd-9f42-888fd59ddbc4,1789817218.206,1789817218.210,1789817218.214,1789817218.217,1789817218.217,1789817218.224,17.18
2026-09-19 16:56:58.298,onvif-e9b03eab-61a3-46bd-9f42-888fd59ddbc4,1789817218.274,1789817218.277,1789817218.283,1789817218.288,1789817218.288,1789817218.299,24.26
2026-09-19 16:56:58.388,onvif-e9b03eab-61a3-46bd-9f42-888fd59ddbc4,1789817218.368,1789817218.370,1789817218.373,1789817218.379,1789817218.379,1789817218.388,20.38
2026-09-19 16:56:58.457,onvif-e9b03eab-61a3-46bd-9f42-888fd59ddbc4,1789817218.433,1789817218.442,1789817218.446,1789817218.451,1789817218.451,1789817218.458,24.74
2026-09-19 16:56:58.553,onvif-e9b03eab-61a3-46bd-9f42-888fd59ddbc4,1789817218.539,1789817218.540,1789817218.543,1789817218.547,1789817218.547,1789817218.554,15.22
2026-09-19 16:56:58.621,onvif-e9b03eab-61a3-46bd-9f42-888fd59ddbc4,1789817218.602,1789817218.607,1789817218.610,1789817218.612,1789817218.613,1789817218.621,18.92
2026-09-19 16:56:58.674,onvif-e9b03eab-61a3-46bd-9f42-888fd59ddbc4,1789817218.654,1789817218.655,1789817218.660,1789817218.666,1789817218.666,1789817218.675,20.97
2026-09-19 16:56:58.735,onvif-e9b03eab-61a3-46bd-9f42-888fd59ddbc4,1789817218.715,1789817218.720,1789817218.723,1789817218.724,1789817218.725,1789817218.736,21.11
2026-09-19 16:56:58.803,onvif-e9b03eab-61a3-46bd-9f42-888fd59ddbc4,1789817218.786,1789817218.787,1789817218.791,1789817218.795,1789817218.795,1789817218.803,17.68
2026-09-19 16:56:58.894,onvif-e9b03eab-61a3-46bd-9f42-888fd59ddbc4,1789817218.876,1789817218.879,1789817218.883,1789817218.888,1789817218.888,1789817218.895,18.21
2026-09-19 16:56:58.966,onvif-e9b03eab-61a3-46bd-9f42-888fd59ddbc4,1789817218.943,1789817218.946,1789817218.949,1789817218.954,1789817218.954,1789817218.967,24.39
2026-09-19 16:56:59.075,onvif-e9b03eab-61a3-46bd-9f42-888fd59ddbc4,1789817219.055,1789817219.060,1789817219.064,1789817219.067,1789817219.067,1789817219.076,20.15
2026-09-19 16:56:59.140,onvif-e9b03eab-61a3-46bd-9f42-888fd59ddbc4,1789817219.122,1789817219.126,1789817219.130,1789817219.133,1789817219.133,1789817219.140,18.20
2026-09-19 16:56:59.223,onvif-e9b03eab-61a3-46bd-9f42-888fd59ddbc4,1789817219.207,1789817219.209,1789817219.212,1789817219.215,1789817219.215,1789817219.224,16.53
2026-09-19 16:56:59.300,onvif-e9b03eab-61a3-46bd-9f42-888fd59ddbc4,1789817219.282,1789817219.286,1789817219.290,1789817219.292,1789817219.292,1789817219.301,18.99
2026-09-19 16:56:59.400,onvif-e9b03eab-61a3-46bd-9f42-888fd59ddbc4,1789817219.382,1789817219.384,1789817219.387,1789817219.390,1789817219.390,1789817219.400,17.61
2026-09-19 16:56:59.471,onvif-e9b03eab-61a3-46bd-9f42-888fd59ddbc4,1789817219.434,1789817219.451,1789817219.455,1789817219.460,1789817219.461,1789817219.472,37.88
2026-09-19 16:56:59.582,onvif-e9b03eab-61a3-46bd-9f42-888fd59ddbc4,1789817219.555,1789817219.559,1789817219.563,1789817219.568,1789817219.568,1789817219.583,27.68
2026-09-19 16:56:59.642,onvif-e9b03eab-61a3-46bd-9f42-888fd59ddbc4,1789817219.608,1789817219.626,1789817219.630,1789817219.634,1789817219.634,1789817219.642,33.98
2026-09-19 16:56:59.727,onvif-e9b03eab-61a3-46bd-9f42-888fd59ddbc4,1789817219.710,1789817219.713,1789817219.717,1789817219.721,1789817219.721,1789817219.727,17.09
2026-09-19 16:56:59.803,onvif-e9b03eab-61a3-46bd-9f42-888fd59ddbc4,1789817219.783,1789817219.785,1789817219.789,1789817219.791,1789817219.791,1789817219.804,20.93
2026-09-19 16:56:59.895,onvif-e9b03eab-61a3-46bd-9f42-888fd59ddbc4,1789817219.880,1789817219.883,1789817219.887,1789817219.889,1789817219.889,1789817219.895,15.43
2026-09-19 16:56:59.972,onvif-e9b03eab-61a3-46bd-9f42-888fd59ddbc4,1789817219.951,1789817219.955,1789817219.961,1789817219.965,1789817219.965,1789817219.973,21.36
2026-09-19 16:57:00.057,onvif-e9b03eab-61a3-46bd-9f42-888fd59ddbc4,1789817220.035,1789817220.038,1789817220.041,1789817220.046,1789817220.046,1789817220.058,22.96
2026-09-19 16:57:00.119,onvif-e9b03eab-61a3-46bd-9f42-888fd59ddbc4,1789817220.099,1789817220.104,1789817220.108,1789817220.112,1789817220.112,1789817220.119,20.65
2026-09-19 16:57:00.225,onvif-e9b03eab-61a3-46bd-9f42-888fd59ddbc4,1789817220.208,1789817220.213,1789817220.216,1789817220.219,1789817220.220,1789817220.226,18.37
2026-09-19 16:57:00.293,onvif-e9b03eab-61a3-46bd-9f42-888fd59ddbc4,1789817220.274,1789817220.280,1789817220.283,1789817220.284,1789817220.284,1789817220.294,19.54
2026-09-19 16:57:00.402,onvif-e9b03eab-61a3-46bd-9f42-888fd59ddbc4,1789817220.378,1789817220.383,1789817220.386,1789817220.391,1789817220.391,1789817220.402,24.62
2026-09-19 16:57:00.462,onvif-e9b03eab-61a3-46bd-9f42-888fd59ddbc4,1789817220.433,1789817220.450,1789817220.453,1789817220.456,1789817220.456,1789817220.462,29.28
2026-09-19 16:57:00.560,onvif-e9b03eab-61a3-46bd-9f42-888fd59ddbc4,1789817220.544,1789817220.547,1789817220.551,1789817220.553,1789817220.553,1789817220.560,15.87
2026-09-19 16:57:00.637,onvif-e9b03eab-61a3-46bd-9f42-888fd59ddbc4,1789817220.602,1789817220.614,1789817220.618,1789817220.623,1789817220.623,1789817220.637,35.48
2026-09-19 16:57:00.725,onvif-e9b03eab-61a3-46bd-9f42-888fd59ddbc4,1789817220.711,1789817220.712,1789817220.715,1789817220.720,1789817220.720,1789817220.726,14.55
2026-09-19 16:57:00.798,onvif-e9b03eab-61a3-46bd-9f42-888fd59ddbc4,1789817220.781,1789817220.784,1789817220.789,1789817220.791,1789817220.791,1789817220.798,16.89
2026-09-19 16:57:00.905,onvif-e9b03eab-61a3-46bd-9f42-888fd59ddbc4,1789817220.877,1789817220.882,1789817220.886,1789817220.892,1789817220.892,1789817220.905,28.16
2026-09-19 16:57:00.964,onvif-e9b03eab-61a3-46bd-9f42-888fd59ddbc4,1789817220.941,1789817220.949,1789817220.953,1789817220.958,1789817220.958,1789817220.964,23.07
2026-09-19 16:57:01.061,onvif-e9b03eab-61a3-46bd-9f42-888fd59ddbc4,1789817221.043,1789817221.047,1789817221.050,1789817221.055,1789817221.055,1789817221.062,18.47
2026-09-19 16:57:01.143,onvif-e9b03eab-61a3-46bd-9f42-888fd59ddbc4,1789817221.121,1789817221.124,1789817221.127,1789817221.130,1789817221.130,1789817221.143,22.23
2026-09-19 16:57:01.223,onvif-e9b03eab-61a3-46bd-9f42-888fd59ddbc4,1789817221.207,1789817221.211,1789817221.215,1789817221.217,1789817221.217,1789817221.224,16.78
2026-09-19 16:57:01.306,onvif-e9b03eab-61a3-46bd-9f42-888fd59ddbc4,1789817221.282,1789817221.288,1789817221.295,1789817221.298,1789817221.298,1789817221.307,24.22
2026-09-19 16:57:01.394,onvif-e9b03eab-61a3-46bd-9f42-888fd59ddbc4,1789817221.379,1789817221.381,1789817221.384,1789817221.386,1789817221.386,1789817221.394,15.03
2026-09-19 16:57:01.470,onvif-e9b03eab-61a3-46bd-9f42-888fd59ddbc4,1789817221.448,1789817221.453,1789817221.456,1789817221.462,1789817221.462,1789817221.471,22.27
2026-09-19 16:57:01.561,onvif-e9b03eab-61a3-46bd-9f42-888fd59ddbc4,1789817221.544,1789817221.546,1789817221.550,1789817221.554,1789817221.554,1789817221.561,16.80
2026-09-19 16:57:01.639,onvif-e9b03eab-61a3-46bd-9f42-888fd59ddbc4,1789817221.609,1789817221.618,1789817221.621,1789817221.625,1789817221.625,1789817221.639,29.76
2026-09-19 16:57:01.729,onvif-e9b03eab-61a3-46bd-9f42-888fd59ddbc4,1789817221.712,1789817221.716,1789817221.720,1789817221.723,1789817221.723,1789817221.730,18.04
2026-09-19 16:57:01.801,onvif-e9b03eab-61a3-46bd-9f42-888fd59ddbc4,1789817221.776,1789817221.783,1789817221.788,1789817221.794,1789817221.794,1789817221.801,24.66
2026-09-19 16:57:01.891,onvif-e9b03eab-61a3-46bd-9f42-888fd59ddbc4,1789817221.872,1789817221.876,1789817221.879,1789817221.880,1789817221.881,1789817221.892,19.94
2026-09-19 16:57:01.967,onvif-e9b03eab-61a3-46bd-9f42-888fd59ddbc4,1789817221.949,1789817221.953,1789817221.957,1789817221.961,1789817221.961,1789817221.968,18.94
2026-09-19 16:57:02.059,onvif-e9b03eab-61a3-46bd-9f42-888fd59ddbc4,1789817222.045,1789817222.046,1789817222.049,1789817222.052,1789817222.052,1789817222.060,15.08
2026-09-19 16:57:02.141,onvif-e9b03eab-61a3-46bd-9f42-888fd59ddbc4,1789817222.122,1789817222.123,1789817222.125,1789817222.129,1789817222.129,1789817222.141,18.85
2026-09-19 16:57:02.222,onvif-e9b03eab-61a3-46bd-9f42-888fd59ddbc4,1789817222.210,1789817222.210,1789817222.213,1789817222.215,1789817222.215,1789817222.223,13.01
2026-09-19 16:57:02.295,onvif-e9b03eab-61a3-46bd-9f42-888fd59ddbc4,1789817222.276,1789817222.277,1789817222.283,1789817222.286,1789817222.286,1789817222.295,19.58
2026-09-19 16:57:02.394,onvif-e9b03eab-61a3-46bd-9f42-888fd59ddbc4,1789817222.373,1789817222.375,1789817222.378,1789817222.383,1789817222.383,1789817222.395,22.00
2026-09-19 16:57:02.460,onvif-e9b03eab-61a3-46bd-9f42-888fd59ddbc4,1789817222.440,1789817222.442,1789817222.447,1789817222.453,1789817222.453,1789817222.460,19.99
2026-09-19 16:57:02.572,onvif-e9b03eab-61a3-46bd-9f42-888fd59ddbc4,1789817222.551,1789817222.555,1789817222.559,1789817222.566,1789817222.566,1789817222.573,21.42
2026-09-19 16:57:02.643,onvif-e9b03eab-61a3-46bd-9f42-888fd59ddbc4,1789817222.614,1789817222.622,1789817222.629,1789817222.632,1789817222.632,1789817222.644,29.24
2026-09-19 16:57:02.729,onvif-e9b03eab-61a3-46bd-9f42-888fd59ddbc4,1789817222.709,1789817222.710,1789817222.713,1789817222.718,1789817222.718,1789817222.730,20.52
2026-09-19 16:57:02.795,onvif-e9b03eab-61a3-46bd-9f42-888fd59ddbc4,1789817222.772,1789817222.782,1789817222.786,1789817222.789,1789817222.789,1789817222.795,22.59
2026-09-19 16:57:02.894,onvif-e9b03eab-61a3-46bd-9f42-888fd59ddbc4,1789817222.877,1789817222.880,1789817222.884,1789817222.887,1789817222.887,1789817222.894,17.49
2026-09-19 16:57:02.969,onvif-e9b03eab-61a3-46bd-9f42-888fd59ddbc4,1789817222.943,1789817222.952,1789817222.957,1789817222.959,1789817222.959,1789817222.969,26.18
2026-09-19 16:57:03.066,onvif-e9b03eab-61a3-46bd-9f42-888fd59ddbc4,1789817223.049,1789817223.050,1789817223.053,1789817223.057,1789817223.057,1789817223.066,17.68
2026-09-19 16:57:03.140,onvif-e9b03eab-61a3-46bd-9f42-888fd59ddbc4,1789817223.119,1789817223.122,1789817223.126,1789817223.133,1789817223.133,1789817223.140,21.46
2026-09-19 16:57:03.227,onvif-e9b03eab-61a3-46bd-9f42-888fd59ddbc4,1789817223.208,1789817223.209,1789817223.213,1789817223.219,1789817223.219,1789817223.228,19.42
2026-09-19 16:57:03.311,onvif-e9b03eab-61a3-46bd-9f42-888fd59ddbc4,1789817223.277,1789817223.291,1789817223.298,1789817223.300,1789817223.300,1789817223.311,34.87
2026-09-19 16:57:03.395,onvif-e9b03eab-61a3-46bd-9f42-888fd59ddbc4,1789817223.372,1789817223.374,1789817223.377,1789817223.382,1789817223.382,1789817223.396,23.79
2026-09-19 16:57:03.461,onvif-e9b03eab-61a3-46bd-9f42-888fd59ddbc4,1789817223.442,1789817223.446,1789817223.450,1789817223.454,1789817223.454,1789817223.461,19.71
2026-09-19 16:57:03.556,onvif-e9b03eab-61a3-46bd-9f42-888fd59ddbc4,1789817223.542,1789817223.544,1789817223.547,1789817223.550,1789817223.550,1789817223.557,15.11
2026-09-19 16:57:03.629,onvif-e9b03eab-61a3-46bd-9f42-888fd59ddbc4,1789817223.602,1789817223.611,1789817223.614,1789817223.620,1789817223.620,1789817223.630,27.82
2026-09-19 16:57:03.687,onvif-e9b03eab-61a3-46bd-9f42-888fd59ddbc4,1789817223.667,1789817223.670,1789817223.673,1789817223.679,1789817223.679,1789817223.688,21.00
2026-09-19 16:57:03.771,onvif-e9b03eab-61a3-46bd-9f42-888fd59ddbc4,1789817223.751,1789817223.752,1789817223.755,1789817223.761,1789817223.761,1789817223.772,20.54
2026-09-19 16:57:03.838,onvif-e9b03eab-61a3-46bd-9f42-888fd59ddbc4,1789817223.813,1789817223.824,1789817223.828,1789817223.831,1789817223.832,1789817223.838,25.28
2026-09-19 16:57:03.926,onvif-e9b03eab-61a3-46bd-9f42-888fd59ddbc4,1789817223.909,1789817223.912,1789817223.916,1789817223.918,1789817223.918,1789817223.926,17.11
2026-09-19 16:57:04.035,onvif-e9b03eab-61a3-46bd-9f42-888fd59ddbc4,1789817224.017,1789817224.020,1789817224.023,1789817224.025,1789817224.025,1789817224.036,18.42
2026-09-19 16:57:04.108,onvif-e9b03eab-61a3-46bd-9f42-888fd59ddbc4,1789817224.087,1789817224.092,1789817224.096,1789817224.101,1789817224.101,1789817224.108,20.80
2026-09-19 16:57:04.198,onvif-e9b03eab-61a3-46bd-9f42-888fd59ddbc4,1789817224.181,1789817224.185,1789817224.188,1789817224.192,1789817224.192,1789817224.199,17.49
2026-09-19 16:57:04.277,onvif-e9b03eab-61a3-46bd-9f42-888fd59ddbc4,1789817224.248,1789817224.257,1789817224.260,1789817224.264,1789817224.264,1789817224.277,29.53
2026-09-19 16:57:04.353,onvif-e9b03eab-61a3-46bd-9f42-888fd59ddbc4,1789817224.337,1789817224.339,1789817224.343,1789817224.345,1789817224.345,1789817224.353,15.75
2026-09-19 16:57:04.429,onvif-e9b03eab-61a3-46bd-9f42-888fd59ddbc4,1789817224.408,1789817224.411,1789817224.416,1789817224.421,1789817224.421,1789817224.430,21.85
2026-09-19 16:57:04.554,onvif-e9b03eab-61a3-46bd-9f42-888fd59ddbc4,1789817224.533,1789817224.535,1789817224.538,1789817224.544,1789817224.544,1789817224.554,21.24
2026-09-19 16:57:04.617,onvif-e9b03eab-61a3-46bd-9f42-888fd59ddbc4,1789817224.570,1789817224.602,1789817224.606,1789817224.610,1789817224.610,1789817224.618,47.37
2026-09-19 16:57:04.701,onvif-e9b03eab-61a3-46bd-9f42-888fd59ddbc4,1789817224.684,1789817224.684,1789817224.688,1789817224.691,1789817224.691,1789817224.701,17.55
2026-09-19 16:57:04.758,onvif-e9b03eab-61a3-46bd-9f42-888fd59ddbc4,1789817224.733,1789817224.739,1789817224.743,1789817224.745,1789817224.745,1789817224.758,24.89
2026-09-19 16:57:04.822,onvif-e9b03eab-61a3-46bd-9f42-888fd59ddbc4,1789817224.788,1789817224.806,1789817224.810,1789817224.816,1789817224.816,1789817224.822,33.83
2026-09-19 16:57:04.905,onvif-e9b03eab-61a3-46bd-9f42-888fd59ddbc4,1789817224.886,1789817224.888,1789817224.892,1789817224.897,1789817224.897,1789817224.905,19.39
2026-09-19 16:57:04.973,onvif-e9b03eab-61a3-46bd-9f42-888fd59ddbc4,1789817224.951,1789817224.955,1789817224.958,1789817224.963,1789817224.963,1789817224.973,22.03
2026-09-19 16:57:05.044,onvif-e9b03eab-61a3-46bd-9f42-888fd59ddbc4,1789817225.025,1789817225.029,1789817225.034,1789817225.038,1789817225.038,1789817225.044,19.90
2026-09-19 16:57:05.119,onvif-e9b03eab-61a3-46bd-9f42-888fd59ddbc4,1789817225.086,1789817225.096,1789817225.102,1789817225.109,1789817225.109,1789817225.119,33.27
2026-09-19 16:57:05.208,onvif-e9b03eab-61a3-46bd-9f42-888fd59ddbc4,1789817225.186,1789817225.189,1789817225.192,1789817225.196,1789817225.196,1789817225.208,21.89
2026-09-19 16:57:05.275,onvif-e9b03eab-61a3-46bd-9f42-888fd59ddbc4,1789817225.259,1789817225.261,1789817225.265,1789817225.267,1789817225.267,1789817225.275,16.21
2026-09-19 16:57:05.387,onvif-e9b03eab-61a3-46bd-9f42-888fd59ddbc4,1789817225.365,1789817225.369,1789817225.374,1789817225.380,1789817225.380,1789817225.388,22.64
2026-09-19 16:57:05.472,onvif-e9b03eab-61a3-46bd-9f42-888fd59ddbc4,1789817225.435,1789817225.452,1789817225.458,1789817225.462,1789817225.463,1789817225.472,37.36
2026-09-19 16:57:05.546,onvif-e9b03eab-61a3-46bd-9f42-888fd59ddbc4,1789817225.528,1789817225.529,1789817225.532,1789817225.533,1789817225.533,1789817225.547,18.53
2026-09-19 16:57:05.613,onvif-e9b03eab-61a3-46bd-9f42-888fd59ddbc4,1789817225.567,1789817225.596,1789817225.601,1789817225.605,1789817225.605,1789817225.613,46.66
2026-09-19 16:57:05.687,onvif-e9b03eab-61a3-46bd-9f42-888fd59ddbc4,1789817225.669,1789817225.673,1789817225.678,1789817225.680,1789817225.680,1789817225.688,18.82
2026-09-19 16:57:05.760,onvif-e9b03eab-61a3-46bd-9f42-888fd59ddbc4,1789817225.738,1789817225.745,1789817225.749,1789817225.751,1789817225.751,1789817225.760,22.06
2026-09-19 16:57:05.868,onvif-e9b03eab-61a3-46bd-9f42-888fd59ddbc4,1789817225.845,1789817225.848,1789817225.851,1789817225.858,1789817225.858,1789817225.868,23.89
2026-09-19 16:57:05.935,onvif-e9b03eab-61a3-46bd-9f42-888fd59ddbc4,1789817225.916,1789817225.920,1789817225.923,1789817225.928,1789817225.928,1789817225.935,18.79
2026-09-19 16:57:06.025,onvif-e9b03eab-61a3-46bd-9f42-888fd59ddbc4,1789817226.012,1789817226.013,1789817226.017,1789817226.019,1789817226.019,1789817226.026,13.90
2026-09-19 16:57:06.100,onvif-e9b03eab-61a3-46bd-9f42-888fd59ddbc4,1789817226.073,1789817226.080,1789817226.084,1789817226.089,1789817226.089,1789817226.100,26.96
2026-09-19 16:57:06.202,onvif-e9b03eab-61a3-46bd-9f42-888fd59ddbc4,1789817226.181,1789817226.183,1789817226.186,1789817226.190,1789817226.191,1789817226.202,21.06
2026-09-19 16:57:06.263,onvif-e9b03eab-61a3-46bd-9f42-888fd59ddbc4,1789817226.247,1789817226.250,1789817226.254,1789817226.256,1789817226.256,1789817226.264,16.95
2026-09-19 16:57:06.355,onvif-e9b03eab-61a3-46bd-9f42-888fd59ddbc4,1789817226.341,1789817226.342,1789817226.346,1789817226.349,1789817226.349,1789817226.356,15.00
2026-09-19 16:57:06.435,onvif-e9b03eab-61a3-46bd-9f42-888fd59ddbc4,1789817226.399,1789817226.415,1789817226.418,1789817226.423,1789817226.423,1789817226.435,36.29
2026-09-19 16:57:06.526,onvif-e9b03eab-61a3-46bd-9f42-888fd59ddbc4,1789817226.511,1789817226.513,1789817226.516,1789817226.520,1789817226.520,1789817226.527,15.86
2026-09-19 16:57:06.599,onvif-e9b03eab-61a3-46bd-9f42-888fd59ddbc4,1789817226.578,1789817226.580,1789817226.585,1789817226.591,1789817226.591,1789817226.599,21.73
2026-09-19 16:57:06.692,onvif-e9b03eab-61a3-46bd-9f42-888fd59ddbc4,1789817226.675,1789817226.678,1789817226.682,1789817226.683,1789817226.683,1789817226.693,17.83
2026-09-19 16:57:06.767,onvif-e9b03eab-61a3-46bd-9f42-888fd59ddbc4,1789817226.743,1789817226.750,1789817226.754,1789817226.760,1789817226.760,1789817226.767,24.04
2026-09-19 16:57:06.868,onvif-e9b03eab-61a3-46bd-9f42-888fd59ddbc4,1789817226.848,1789817226.852,1789817226.856,1789817226.861,1789817226.861,1789817226.869,20.19
2026-09-19 16:57:06.937,onvif-e9b03eab-61a3-46bd-9f42-888fd59ddbc4,1789817226.910,1789817226.919,1789817226.923,1789817226.927,1789817226.927,1789817226.938,27.37
2026-09-19 16:57:07.033,onvif-e9b03eab-61a3-46bd-9f42-888fd59ddbc4,1789817227.013,1789817227.018,1789817227.021,1789817227.025,1789817227.025,1789817227.033,20.24
2026-09-19 16:57:07.103,onvif-e9b03eab-61a3-46bd-9f42-888fd59ddbc4,1789817227.070,1789817227.085,1789817227.091,1789817227.095,1789817227.095,1789817227.103,33.70
2026-09-19 16:57:07.208,onvif-e9b03eab-61a3-46bd-9f42-888fd59ddbc4,1789817227.185,1789817227.188,1789817227.191,1789817227.197,1789817227.197,1789817227.209,24.15
2026-09-19 16:57:07.269,onvif-e9b03eab-61a3-46bd-9f42-888fd59ddbc4,1789817227.243,1789817227.255,1789817227.259,1789817227.262,1789817227.262,1789817227.269,26.41
2026-09-19 16:57:07.369,onvif-e9b03eab-61a3-46bd-9f42-888fd59ddbc4,1789817227.349,1789817227.353,1789817227.357,1789817227.363,1789817227.363,1789817227.369,20.77
2026-09-19 16:57:07.439,onvif-e9b03eab-61a3-46bd-9f42-888fd59ddbc4,1789817227.409,1789817227.420,1789817227.423,1789817227.429,1789817227.429,1789817227.439,30.04
2026-09-19 16:57:07.527,onvif-e9b03eab-61a3-46bd-9f42-888fd59ddbc4,1789817227.510,1789817227.513,1789817227.516,1789817227.522,1789817227.522,1789817227.528,17.78
2026-09-19 16:57:07.601,onvif-e9b03eab-61a3-46bd-9f42-888fd59ddbc4,1789817227.578,1789817227.579,1789817227.586,1789817227.592,1789817227.592,1789817227.601,22.71
2026-09-19 16:57:07.720,onvif-e9b03eab-61a3-46bd-9f42-888fd59ddbc4,1789817227.693,1789817227.698,1789817227.702,1789817227.705,1789817227.705,1789817227.720,26.98
2026-09-19 16:57:07.778,onvif-e9b03eab-61a3-46bd-9f42-888fd59ddbc4,1789817227.738,1789817227.765,1789817227.768,1789817227.770,1789817227.771,1789817227.778,40.64
2026-09-19 16:57:07.859,onvif-e9b03eab-61a3-46bd-9f42-888fd59ddbc4,1789817227.840,1789817227.842,1789817227.846,1789817227.852,1789817227.852,1789817227.860,19.78
2026-09-19 16:57:07.939,onvif-e9b03eab-61a3-46bd-9f42-888fd59ddbc4,1789817227.907,1789817227.919,1789817227.922,1789817227.928,1789817227.928,1789817227.940,32.67
2026-09-19 16:57:08.020,onvif-e9b03eab-61a3-46bd-9f42-888fd59ddbc4,1789817228.004,1789817228.006,1789817228.011,1789817228.014,1789817228.014,1789817228.021,16.16
2026-09-19 16:57:08.098,onvif-e9b03eab-61a3-46bd-9f42-888fd59ddbc4,1789817228.075,1789817228.079,1789817228.084,1789817228.090,1789817228.090,1789817228.098,23.14
2026-09-19 16:57:08.200,onvif-e9b03eab-61a3-46bd-9f42-888fd59ddbc4,1789817228.182,1789817228.182,1789817228.185,1789817228.188,1789817228.188,1789817228.201,19.18
2026-09-19 16:57:08.265,onvif-e9b03eab-61a3-46bd-9f42-888fd59ddbc4,1789817228.242,1789817228.249,1789817228.253,1789817228.259,1789817228.260,1789817228.265,22.99
2026-09-19 16:57:08.372,onvif-e9b03eab-61a3-46bd-9f42-888fd59ddbc4,1789817228.352,1789817228.357,1789817228.361,1789817228.366,1789817228.367,1789817228.373,20.88
2026-09-19 16:57:08.445,onvif-e9b03eab-61a3-46bd-9f42-888fd59ddbc4,1789817228.414,1789817228.424,1789817228.427,1789817228.432,1789817228.432,1789817228.445,31.51
2026-09-19 16:57:08.524,onvif-e9b03eab-61a3-46bd-9f42-888fd59ddbc4,1789817228.510,1789817228.512,1789817228.515,1789817228.518,1789817228.518,1789817228.524,13.90
2026-09-19 16:57:08.596,onvif-e9b03eab-61a3-46bd-9f42-888fd59ddbc4,1789817228.566,1789817228.579,1789817228.584,1789817228.589,1789817228.589,1789817228.597,30.68
2026-09-19 16:57:08.697,onvif-e9b03eab-61a3-46bd-9f42-888fd59ddbc4,1789817228.675,1789817228.677,1789817228.680,1789817228.686,1789817228.686,1789817228.697,22.54
2026-09-19 16:57:08.770,onvif-e9b03eab-61a3-46bd-9f42-888fd59ddbc4,1789817228.750,1789817228.754,1789817228.758,1789817228.762,1789817228.762,1789817228.771,20.81
2026-09-19 16:57:08.860,onvif-e9b03eab-61a3-46bd-9f42-888fd59ddbc4,1789817228.845,1789817228.846,1789817228.850,1789817228.854,1789817228.854,1789817228.861,15.63
2026-09-19 16:57:08.928,onvif-e9b03eab-61a3-46bd-9f42-888fd59ddbc4,1789817228.903,1789817228.913,1789817228.917,1789817228.919,1789817228.919,1789817228.929,25.89
2026-09-19 16:57:09.021,onvif-e9b03eab-61a3-46bd-9f42-888fd59ddbc4,1789817229.008,1789817229.011,1789817229.014,1789817229.015,1789817229.015,1789817229.021,12.69
2026-09-19 16:57:09.100,onvif-e9b03eab-61a3-46bd-9f42-888fd59ddbc4,1789817229.082,1789817229.083,1789817229.088,1789817229.092,1789817229.092,1789817229.100,17.79
2026-09-19 16:57:09.200,onvif-e9b03eab-61a3-46bd-9f42-888fd59ddbc4,1789817229.180,1789817229.181,1789817229.183,1789817229.189,1789817229.189,1789817229.200,20.98
2026-09-19 16:57:09.272,onvif-e9b03eab-61a3-46bd-9f42-888fd59ddbc4,1789817229.255,1789817229.258,1789817229.262,1789817229.265,1789817229.265,1789817229.272,16.57
2026-09-19 16:57:09.359,onvif-e9b03eab-61a3-46bd-9f42-888fd59ddbc4,1789817229.338,1789817229.340,1789817229.345,1789817229.351,1789817229.351,1789817229.360,21.71
2026-09-19 16:57:09.426,onvif-e9b03eab-61a3-46bd-9f42-888fd59ddbc4,1789817229.406,1789817229.407,1789817229.411,1789817229.417,1789817229.417,1789817229.426,20.50
2026-09-19 16:57:09.534,onvif-e9b03eab-61a3-46bd-9f42-888fd59ddbc4,1789817229.511,1789817229.516,1789817229.519,1789817229.524,1789817229.524,1789817229.535,23.65
2026-09-19 16:57:09.601,onvif-e9b03eab-61a3-46bd-9f42-888fd59ddbc4,1789817229.581,1789817229.588,1789817229.592,1789817229.594,1789817229.594,1789817229.602,20.87
2026-09-19 16:57:09.698,onvif-e9b03eab-61a3-46bd-9f42-888fd59ddbc4,1789817229.678,1789817229.680,1789817229.684,1789817229.691,1789817229.691,1789817229.699,21.30
2026-09-19 16:57:09.767,onvif-e9b03eab-61a3-46bd-9f42-888fd59ddbc4,1789817229.740,1789817229.747,1789817229.751,1789817229.756,1789817229.757,1789817229.768,27.95
2026-09-19 16:57:09.859,onvif-e9b03eab-61a3-46bd-9f42-888fd59ddbc4,1789817229.844,1789817229.845,1789817229.849,1789817229.853,1789817229.853,1789817229.859,15.24
2026-09-19 16:57:09.934,onvif-e9b03eab-61a3-46bd-9f42-888fd59ddbc4,1789817229.907,1789817229.912,1789817229.918,1789817229.923,1789817229.923,1789817229.934,27.25
2026-09-19 16:57:10.029,onvif-e9b03eab-61a3-46bd-9f42-888fd59ddbc4,1789817230.010,1789817230.015,1789817230.019,1789817230.020,1789817230.020,1789817230.029,19.39
2026-09-19 16:57:10.100,onvif-e9b03eab-61a3-46bd-9f42-888fd59ddbc4,1789817230.079,1789817230.082,1789817230.087,1789817230.092,1789817230.092,1789817230.100,21.26
2026-09-19 16:57:10.194,onvif-e9b03eab-61a3-46bd-9f42-888fd59ddbc4,1789817230.178,1789817230.180,1789817230.185,1789817230.188,1789817230.188,1789817230.195,16.31
2026-09-19 16:57:10.264,onvif-e9b03eab-61a3-46bd-9f42-888fd59ddbc4,1789817230.245,1789817230.247,1789817230.251,1789817230.253,1789817230.253,1789817230.265,19.79
2026-09-19 16:57:10.352,onvif-e9b03eab-61a3-46bd-9f42-888fd59ddbc4,1789817230.336,1789817230.340,1789817230.345,1789817230.346,1789817230.346,1789817230.352,16.09
2026-09-19 16:57:10.435,onvif-e9b03eab-61a3-46bd-9f42-888fd59ddbc4,1789817230.414,1789817230.418,1789817230.422,1789817230.427,1789817230.427,1789817230.435,21.06
2026-09-19 16:57:10.535,onvif-e9b03eab-61a3-46bd-9f42-888fd59ddbc4,1789817230.514,1789817230.515,1789817230.519,1789817230.524,1789817230.524,1789817230.535,21.01
2026-09-19 16:57:10.597,onvif-e9b03eab-61a3-46bd-9f42-888fd59ddbc4,1789817230.568,1789817230.582,1789817230.587,1789817230.590,1789817230.590,1789817230.598,29.66
2026-09-19 16:57:10.685,onvif-e9b03eab-61a3-46bd-9f42-888fd59ddbc4,1789817230.669,1789817230.670,1789817230.674,1789817230.677,1789817230.677,1789817230.686,16.26
2026-09-19 16:57:10.775,onvif-e9b03eab-61a3-46bd-9f42-888fd59ddbc4,1789817230.757,1789817230.757,1789817230.761,1789817230.764,1789817230.764,1789817230.775,17.94
2026-09-19 16:57:10.867,onvif-e9b03eab-61a3-46bd-9f42-888fd59ddbc4,1789817230.846,1789817230.850,1789817230.855,1789817230.862,1789817230.862,1789817230.868,21.92
2026-09-19 16:57:10.947,onvif-e9b03eab-61a3-46bd-9f42-888fd59ddbc4,1789817230.930,1789817230.933,1789817230.936,1789817230.939,1789817230.939,1789817230.947,17.28
2026-09-19 16:57:11.018,onvif-e9b03eab-61a3-46bd-9f42-888fd59ddbc4,1789817231.001,1789817231.002,1789817231.005,1789817231.008,1789817231.008,1789817231.018,17.16
2026-09-19 16:57:11.101,onvif-e9b03eab-61a3-46bd-9f42-888fd59ddbc4,1789817231.083,1789817231.084,1789817231.088,1789817231.095,1789817231.095,1789817231.101,18.51
2026-09-19 16:57:11.199,onvif-e9b03eab-61a3-46bd-9f42-888fd59ddbc4,1789817231.178,1789817231.182,1789817231.187,1789817231.191,1789817231.191,1789817231.200,21.81
2026-09-19 16:57:11.267,onvif-e9b03eab-61a3-46bd-9f42-888fd59ddbc4,1789817231.243,1789817231.249,1789817231.252,1789817231.256,1789817231.256,1789817231.267,23.93
2026-09-19 16:57:11.360,onvif-e9b03eab-61a3-46bd-9f42-888fd59ddbc4,1789817231.344,1789817231.346,1789817231.350,1789817231.353,1789817231.353,1789817231.361,16.80
2026-09-19 16:57:11.444,onvif-e9b03eab-61a3-46bd-9f42-888fd59ddbc4,1789817231.413,1789817231.424,1789817231.429,1789817231.435,1789817231.435,1789817231.444,31.14
2026-09-19 16:57:11.529,onvif-e9b03eab-61a3-46bd-9f42-888fd59ddbc4,1789817231.509,1789817231.511,1789817231.514,1789817231.517,1789817231.517,1789817231.529,20.63
2026-09-19 16:57:11.601,onvif-e9b03eab-61a3-46bd-9f42-888fd59ddbc4,1789817231.581,1789817231.584,1789817231.587,1789817231.593,1789817231.593,1789817231.602,21.23
2026-09-19 16:57:11.695,onvif-e9b03eab-61a3-46bd-9f42-888fd59ddbc4,1789817231.677,1789817231.681,1789817231.685,1789817231.690,1789817231.690,1789817231.696,18.75
2026-09-19 16:57:11.769,onvif-e9b03eab-61a3-46bd-9f42-888fd59ddbc4,1789817231.739,1789817231.748,1789817231.752,1789817231.755,1789817231.755,1789817231.770,30.21
2026-09-19 16:57:11.857,onvif-e9b03eab-61a3-46bd-9f42-888fd59ddbc4,1789817231.843,1789817231.846,1789817231.849,1789817231.852,1789817231.852,1789817231.858,14.66
2026-09-19 16:57:11.952,onvif-e9b03eab-61a3-46bd-9f42-888fd59ddbc4,1789817231.931,1789817231.933,1789817231.938,1789817231.945,1789817231.945,1789817231.953,22.36
2026-09-19 16:57:12.025,onvif-e9b03eab-61a3-46bd-9f42-888fd59ddbc4,1789817232.006,1789817232.010,1789817232.013,1789817232.016,1789817232.016,1789817232.025,19.33
2026-09-19 16:57:12.093,onvif-e9b03eab-61a3-46bd-9f42-888fd59ddbc4,1789817232.076,1789817232.077,1789817232.081,1789817232.087,1789817232.087,1789817232.093,17.13
2026-09-19 16:57:12.203,onvif-e9b03eab-61a3-46bd-9f42-888fd59ddbc4,1789817232.184,1789817232.185,1789817232.189,1789817232.195,1789817232.195,1789817232.203,19.30
2026-09-19 16:57:12.259,onvif-e9b03eab-61a3-46bd-9f42-888fd59ddbc4,1789817232.241,1789817232.244,1789817232.248,1789817232.249,1789817232.249,1789817232.259,18.51
2026-09-19 16:57:12.367,onvif-e9b03eab-61a3-46bd-9f42-888fd59ddbc4,1789817232.343,1789817232.347,1789817232.351,1789817232.356,1789817232.356,1789817232.367,24.70
2026-09-19 16:57:12.438,onvif-e9b03eab-61a3-46bd-9f42-888fd59ddbc4,1789817232.406,1789817232.425,1789817232.429,1789817232.432,1789817232.433,1789817232.439,33.42
2026-09-19 16:57:12.537,onvif-e9b03eab-61a3-46bd-9f42-888fd59ddbc4,1789817232.522,1789817232.522,1789817232.525,1789817232.530,1789817232.530,1789817232.538,15.53
2026-09-19 16:57:12.608,onvif-e9b03eab-61a3-46bd-9f42-888fd59ddbc4,1789817232.580,1789817232.589,1789817232.593,1789817232.597,1789817232.597,1789817232.608,28.09
2026-09-19 16:57:12.700,onvif-e9b03eab-61a3-46bd-9f42-888fd59ddbc4,1789817232.683,1789817232.688,1789817232.691,1789817232.694,1789817232.694,1789817232.700,17.37
2026-09-19 16:57:12.778,onvif-e9b03eab-61a3-46bd-9f42-888fd59ddbc4,1789817232.758,1789817232.760,1789817232.764,1789817232.767,1789817232.767,1789817232.778,20.22
2026-09-19 16:57:12.829,onvif-e9b03eab-61a3-46bd-9f42-888fd59ddbc4,1789817232.813,1789817232.814,1789817232.817,1789817232.820,1789817232.820,1789817232.830,16.78
2026-09-19 16:57:12.904,onvif-e9b03eab-61a3-46bd-9f42-888fd59ddbc4,1789817232.885,1789817232.886,1789817232.891,1789817232.897,1789817232.897,1789817232.905,19.59
2026-09-19 16:57:12.972,onvif-e9b03eab-61a3-46bd-9f42-888fd59ddbc4,1789817232.942,1789817232.953,1789817232.957,1789817232.963,1789817232.963,1789817232.973,31.32
2026-09-19 16:57:13.021,onvif-e9b03eab-61a3-46bd-9f42-888fd59ddbc4,1789817233.002,1789817233.007,1789817233.012,1789817233.015,1789817233.015,1789817233.022,19.73
2026-09-19 16:57:13.107,onvif-e9b03eab-61a3-46bd-9f42-888fd59ddbc4,1789817233.077,1789817233.089,1789817233.094,1789817233.097,1789817233.097,1789817233.107,30.85
2026-09-19 16:57:13.206,onvif-e9b03eab-61a3-46bd-9f42-888fd59ddbc4,1789817233.184,1789817233.187,1789817233.191,1789817233.195,1789817233.195,1789817233.207,23.09
2026-09-19 16:57:13.272,onvif-e9b03eab-61a3-46bd-9f42-888fd59ddbc4,1789817233.245,1789817233.254,1789817233.257,1789817233.262,1789817233.262,1789817233.272,26.91
2026-09-19 16:57:13.376,onvif-e9b03eab-61a3-46bd-9f42-888fd59ddbc4,1789817233.355,1789817233.357,1789817233.360,1789817233.364,1789817233.364,1789817233.376,21.57
2026-09-19 16:57:13.448,onvif-e9b03eab-61a3-46bd-9f42-888fd59ddbc4,1789817233.418,1789817233.434,1789817233.438,1789817233.440,1789817233.440,1789817233.449,31.19
2026-09-19 16:57:13.530,onvif-e9b03eab-61a3-46bd-9f42-888fd59ddbc4,1789817233.510,1789817233.511,1789817233.516,1789817233.521,1789817233.522,1789817233.531,20.52
2026-09-19 16:57:13.616,onvif-e9b03eab-61a3-46bd-9f42-888fd59ddbc4,1789817233.592,1789817233.594,1789817233.597,1789817233.602,1789817233.602,1789817233.616,24.80
2026-09-19 16:57:13.697,onvif-e9b03eab-61a3-46bd-9f42-888fd59ddbc4,1789817233.680,1789817233.681,1789817233.685,1789817233.689,1789817233.690,1789817233.698,18.19
2026-09-19 16:57:13.764,onvif-e9b03eab-61a3-46bd-9f42-888fd59ddbc4,1789817233.744,1789817233.748,1789817233.754,1789817233.756,1789817233.756,1789817233.765,20.67
2026-09-19 16:57:13.873,onvif-e9b03eab-61a3-46bd-9f42-888fd59ddbc4,1789817233.852,1789817233.856,1789817233.859,1789817233.863,1789817233.863,1789817233.874,21.49
2026-09-19 16:57:13.935,onvif-e9b03eab-61a3-46bd-9f42-888fd59ddbc4,1789817233.914,1789817233.923,1789817233.927,1789817233.929,1789817233.929,1789817233.936,21.90
2026-09-19 16:57:14.030,onvif-e9b03eab-61a3-46bd-9f42-888fd59ddbc4,1789817234.009,1789817234.010,1789817234.015,1789817234.021,1789817234.022,1789817234.031,21.34
2026-09-19 16:57:14.105,onvif-e9b03eab-61a3-46bd-9f42-888fd59ddbc4,1789817234.087,1789817234.088,1789817234.091,1789817234.097,1789817234.098,1789817234.106,19.22
2026-09-19 16:57:14.200,onvif-e9b03eab-61a3-46bd-9f42-888fd59ddbc4,1789817234.183,1789817234.186,1789817234.189,1789817234.194,1789817234.194,1789817234.201,17.79
2026-09-19 16:57:14.273,onvif-e9b03eab-61a3-46bd-9f42-888fd59ddbc4,1789817234.245,1789817234.253,1789817234.258,1789817234.264,1789817234.264,1789817234.274,28.40
2026-09-19 16:57:14.354,onvif-e9b03eab-61a3-46bd-9f42-888fd59ddbc4,1789817234.336,1789817234.340,1789817234.344,1789817234.345,1789817234.345,1789817234.354,18.48
2026-09-19 16:57:14.407,onvif-e9b03eab-61a3-46bd-9f42-888fd59ddbc4,1789817234.385,1789817234.389,1789817234.393,1789817234.400,1789817234.400,1789817234.407,21.59
2026-09-19 16:57:14.478,onvif-e9b03eab-61a3-46bd-9f42-888fd59ddbc4,1789817234.457,1789817234.461,1789817234.465,1789817234.470,1789817234.470,1789817234.478,20.84
2026-09-19 16:57:14.535,onvif-e9b03eab-61a3-46bd-9f42-888fd59ddbc4,1789817234.515,1789817234.520,1789817234.526,1789817234.528,1789817234.529,1789817234.536,20.27
2026-09-19 16:57:14.620,onvif-e9b03eab-61a3-46bd-9f42-888fd59ddbc4,1789817234.601,1789817234.603,1789817234.607,1789817234.609,1789817234.609,1789817234.620,19.54
2026-09-19 16:57:14.685,onvif-e9b03eab-61a3-46bd-9f42-888fd59ddbc4,1789817234.670,1789817234.672,1789817234.676,1789817234.678,1789817234.678,1789817234.685,14.81
2026-09-19 16:57:14.741,onvif-e9b03eab-61a3-46bd-9f42-888fd59ddbc4,1789817234.724,1789817234.726,1789817234.730,1789817234.732,1789817234.732,1789817234.741,17.86
2026-09-19 16:57:14.809,onvif-e9b03eab-61a3-46bd-9f42-888fd59ddbc4,1789817234.783,1789817234.793,1789817234.797,1789817234.803,1789817234.803,1789817234.810,27.06
2026-09-19 16:57:14.867,onvif-e9b03eab-61a3-46bd-9f42-888fd59ddbc4,1789817234.846,1789817234.847,1789817234.850,1789817234.856,1789817234.856,1789817234.868,22.10
2026-09-19 16:57:14.931,onvif-e9b03eab-61a3-46bd-9f42-888fd59ddbc4,1789817234.916,1789817234.916,1789817234.920,1789817234.925,1789817234.925,1789817234.932,15.32
2026-09-19 16:57:15.026,onvif-e9b03eab-61a3-46bd-9f42-888fd59ddbc4,1789817235.008,1789817235.009,1789817235.013,1789817235.018,1789817235.018,1789817235.026,17.91
2026-09-19 16:57:15.095,onvif-e9b03eab-61a3-46bd-9f42-888fd59ddbc4,1789817235.071,1789817235.076,1789817235.079,1789817235.082,1789817235.083,1789817235.096,24.55
2026-09-19 16:57:15.193,onvif-e9b03eab-61a3-46bd-9f42-888fd59ddbc4,1789817235.174,1789817235.179,1789817235.183,1789817235.184,1789817235.185,1789817235.194,19.75
2026-09-19 16:57:15.262,onvif-e9b03eab-61a3-46bd-9f42-888fd59ddbc4,1789817235.243,1789817235.246,1789817235.249,1789817235.255,1789817235.255,1789817235.263,19.34
2026-09-19 16:57:15.363,onvif-e9b03eab-61a3-46bd-9f42-888fd59ddbc4,1789817235.345,1789817235.348,1789817235.353,1789817235.357,1789817235.357,1789817235.364,18.99
2026-09-19 16:57:15.432,onvif-e9b03eab-61a3-46bd-9f42-888fd59ddbc4,1789817235.405,1789817235.415,1789817235.419,1789817235.423,1789817235.423,1789817235.433,27.84
2026-09-19 16:57:15.537,onvif-e9b03eab-61a3-46bd-9f42-888fd59ddbc4,1789817235.515,1789817235.519,1789817235.523,1789817235.526,1789817235.526,1789817235.537,22.54
2026-09-19 16:57:15.603,onvif-e9b03eab-61a3-46bd-9f42-888fd59ddbc4,1789817235.580,1789817235.586,1789817235.591,1789817235.597,1789817235.597,1789817235.604,23.90
2026-09-19 16:57:15.700,onvif-e9b03eab-61a3-46bd-9f42-888fd59ddbc4,1789817235.681,1789817235.683,1789817235.688,1789817235.693,1789817235.693,1789817235.700,19.53
2026-09-19 16:57:15.769,onvif-e9b03eab-61a3-46bd-9f42-888fd59ddbc4,1789817235.744,1789817235.750,1789817235.754,1789817235.758,1789817235.758,1789817235.769,25.51
2026-09-19 16:57:15.861,onvif-e9b03eab-61a3-46bd-9f42-888fd59ddbc4,1789817235.848,1789817235.849,1789817235.852,1789817235.855,1789817235.855,1789817235.861,12.88
2026-09-19 16:57:15.940,onvif-e9b03eab-61a3-46bd-9f42-888fd59ddbc4,1789817235.918,1789817235.921,1789817235.925,1789817235.932,1789817235.932,1789817235.940,22.17
2026-09-19 16:57:16.037,onvif-e9b03eab-61a3-46bd-9f42-888fd59ddbc4,1789817236.011,1789817236.014,1789817236.018,1789817236.023,1789817236.023,1789817236.037,25.83
2026-09-19 16:57:16.106,onvif-e9b03eab-61a3-46bd-9f42-888fd59ddbc4,1789817236.082,1789817236.091,1789817236.095,1789817236.100,1789817236.100,1789817236.106,24.19
2026-09-19 16:57:16.193,onvif-e9b03eab-61a3-46bd-9f42-888fd59ddbc4,1789817236.178,1789817236.179,1789817236.182,1789817236.187,1789817236.187,1789817236.194,15.95
2026-09-19 16:57:16.271,onvif-e9b03eab-61a3-46bd-9f42-888fd59ddbc4,1789817236.247,1789817236.251,1789817236.254,1789817236.257,1789817236.257,1789817236.271,23.79
2026-09-19 16:57:16.371,onvif-e9b03eab-61a3-46bd-9f42-888fd59ddbc4,1789817236.349,1789817236.354,1789817236.358,1789817236.360,1789817236.360,1789817236.371,21.79
2026-09-19 16:57:16.438,onvif-e9b03eab-61a3-46bd-9f42-888fd59ddbc4,1789817236.419,1789817236.426,1789817236.429,1789817236.431,1789817236.431,1789817236.438,19.33
2026-09-19 16:57:16.538,onvif-e9b03eab-61a3-46bd-9f42-888fd59ddbc4,1789817236.515,1789817236.518,1789817236.522,1789817236.529,1789817236.529,1789817236.538,23.69
2026-09-19 16:57:16.606,onvif-e9b03eab-61a3-46bd-9f42-888fd59ddbc4,1789817236.578,1789817236.585,1789817236.589,1789817236.594,1789817236.594,1789817236.606,28.25
2026-09-19 16:57:16.688,onvif-e9b03eab-61a3-46bd-9f42-888fd59ddbc4,1789817236.672,1789817236.673,1789817236.676,1789817236.680,1789817236.680,1789817236.688,15.78
2026-09-19 16:57:16.763,onvif-e9b03eab-61a3-46bd-9f42-888fd59ddbc4,1789817236.742,1789817236.745,1789817236.750,1789817236.756,1789817236.756,1789817236.764,21.67
2026-09-19 16:57:16.856,onvif-e9b03eab-61a3-46bd-9f42-888fd59ddbc4,1789817236.836,1789817236.838,1789817236.841,1789817236.843,1789817236.843,1789817236.856,20.18
2026-09-19 16:57:16.906,onvif-e9b03eab-61a3-46bd-9f42-888fd59ddbc4,1789817236.883,1789817236.886,1789817236.891,1789817236.897,1789817236.897,1789817236.907,23.38
2026-09-19 16:57:16.983,onvif-e9b03eab-61a3-46bd-9f42-888fd59ddbc4,1789817236.955,1789817236.964,1789817236.967,1789817236.972,1789817236.973,1789817236.983,28.78
2026-09-19 16:57:17.048,onvif-e9b03eab-61a3-46bd-9f42-888fd59ddbc4,1789817237.029,1789817237.033,1789817237.038,1789817237.042,1789817237.042,1789817237.048,19.27
2026-09-19 16:57:17.135,onvif-e9b03eab-61a3-46bd-9f42-888fd59ddbc4,1789817237.093,1789817237.115,1789817237.122,1789817237.128,1789817237.128,1789817237.136,43.15
2026-09-19 16:57:17.204,onvif-e9b03eab-61a3-46bd-9f42-888fd59ddbc4,1789817237.183,1789817237.188,1789817237.192,1789817237.194,1789817237.194,1789817237.204,21.54
2026-09-19 16:57:17.288,onvif-e9b03eab-61a3-46bd-9f42-888fd59ddbc4,1789817237.270,1789817237.271,1789817237.274,1789817237.281,1789817237.281,1789817237.289,19.06
2026-09-19 16:57:17.388,onvif-e9b03eab-61a3-46bd-9f42-888fd59ddbc4,1789817237.363,1789817237.368,1789817237.373,1789817237.379,1789817237.379,1789817237.388,24.80
2026-09-19 16:57:17.457,onvif-e9b03eab-61a3-46bd-9f42-888fd59ddbc4,1789817237.421,1789817237.435,1789817237.439,1789817237.444,1789817237.445,1789817237.457,36.22
2026-09-19 16:57:17.527,onvif-e9b03eab-61a3-46bd-9f42-888fd59ddbc4,1789817237.512,1789817237.512,1789817237.516,1789817237.520,1789817237.520,1789817237.527,14.82
2026-09-19 16:57:17.608,onvif-e9b03eab-61a3-46bd-9f42-888fd59ddbc4,1789817237.585,1789817237.590,1789817237.595,1789817237.596,1789817237.596,1789817237.609,24.04
2026-09-19 16:57:17.731,onvif-e9b03eab-61a3-46bd-9f42-888fd59ddbc4,1789817237.713,1789817237.713,1789817237.716,1789817237.720,1789817237.720,1789817237.731,18.46
2026-09-19 16:57:17.790,onvif-e9b03eab-61a3-46bd-9f42-888fd59ddbc4,1789817237.768,1789817237.772,1789817237.776,1789817237.779,1789817237.779,1789817237.791,22.67
2026-09-19 16:57:17.858,onvif-e9b03eab-61a3-46bd-9f42-888fd59ddbc4,1789817237.816,1789817237.839,1789817237.842,1789817237.845,1789817237.845,1789817237.858,42.12
2026-09-19 16:57:17.928,onvif-e9b03eab-61a3-46bd-9f42-888fd59ddbc4,1789817237.908,1789817237.911,1789817237.915,1789817237.921,1789817237.921,1789817237.928,19.95
2026-09-19 16:57:17.996,onvif-e9b03eab-61a3-46bd-9f42-888fd59ddbc4,1789817237.974,1789817237.978,1789817237.984,1789817237.986,1789817237.986,1789817237.996,22.53
2026-09-19 16:57:18.053,onvif-e9b03eab-61a3-46bd-9f42-888fd59ddbc4,1789817238.034,1789817238.037,1789817238.041,1789817238.045,1789817238.045,1789817238.053,18.81
2026-09-19 16:57:18.127,onvif-e9b03eab-61a3-46bd-9f42-888fd59ddbc4,1789817238.081,1789817238.104,1789817238.110,1789817238.116,1789817238.117,1789817238.127,46.84
2026-09-19 16:57:18.194,onvif-e9b03eab-61a3-46bd-9f42-888fd59ddbc4,1789817238.174,1789817238.176,1789817238.180,1789817238.182,1789817238.182,1789817238.195,21.39
2026-09-19 16:57:18.275,onvif-e9b03eab-61a3-46bd-9f42-888fd59ddbc4,1789817238.254,1789817238.259,1789817238.263,1789817238.268,1789817238.268,1789817238.275,21.53
2026-09-19 16:57:18.363,onvif-e9b03eab-61a3-46bd-9f42-888fd59ddbc4,1789817238.345,1789817238.346,1789817238.350,1789817238.355,1789817238.355,1789817238.364,18.32
2026-09-19 16:57:18.432,onvif-e9b03eab-61a3-46bd-9f42-888fd59ddbc4,1789817238.403,1789817238.413,1789817238.417,1789817238.421,1789817238.421,1789817238.433,29.67
2026-09-19 16:57:18.524,onvif-e9b03eab-61a3-46bd-9f42-888fd59ddbc4,1789817238.510,1789817238.511,1789817238.515,1789817238.518,1789817238.518,1789817238.524,13.60
2026-09-19 16:57:18.603,onvif-e9b03eab-61a3-46bd-9f42-888fd59ddbc4,1789817238.575,1789817238.583,1789817238.589,1789817238.594,1789817238.594,1789817238.604,29.37
2026-09-19 16:57:18.695,onvif-e9b03eab-61a3-46bd-9f42-888fd59ddbc4,1789817238.672,1789817238.676,1789817238.680,1789817238.685,1789817238.686,1789817238.695,23.86
2026-09-19 16:57:18.772,onvif-e9b03eab-61a3-46bd-9f42-888fd59ddbc4,1789817238.755,1789817238.758,1789817238.761,1789817238.767,1789817238.767,1789817238.773,17.76
2026-09-19 16:57:18.860,onvif-e9b03eab-61a3-46bd-9f42-888fd59ddbc4,1789817238.844,1789817238.846,1789817238.850,1789817238.853,1789817238.853,1789817238.860,15.96
2026-09-19 16:57:18.941,onvif-e9b03eab-61a3-46bd-9f42-888fd59ddbc4,1789817238.910,1789817238.923,1789817238.926,1789817238.929,1789817238.929,1789817238.941,31.83
2026-09-19 16:57:19.026,onvif-e9b03eab-61a3-46bd-9f42-888fd59ddbc4,1789817239.006,1789817239.011,1789817239.014,1789817239.021,1789817239.021,1789817239.027,20.66
2026-09-19 16:57:19.103,onvif-e9b03eab-61a3-46bd-9f42-888fd59ddbc4,1789817239.077,1789817239.083,1789817239.088,1789817239.091,1789817239.091,1789817239.103,26.15
2026-09-19 16:57:19.205,onvif-e9b03eab-61a3-46bd-9f42-888fd59ddbc4,1789817239.183,1789817239.186,1789817239.190,1789817239.194,1789817239.194,1789817239.205,21.91
2026-09-19 16:57:19.266,onvif-e9b03eab-61a3-46bd-9f42-888fd59ddbc4,1789817239.246,1789817239.253,1789817239.257,1789817239.259,1789817239.259,1789817239.267,20.58
2026-09-19 16:57:19.378,onvif-e9b03eab-61a3-46bd-9f42-888fd59ddbc4,1789817239.354,1789817239.356,1789817239.360,1789817239.366,1789817239.366,1789817239.378,24.15
2026-09-19 16:57:19.443,onvif-e9b03eab-61a3-46bd-9f42-888fd59ddbc4,1789817239.410,1789817239.428,1789817239.432,1789817239.437,1789817239.437,1789817239.444,33.88
2026-09-19 16:57:19.522,onvif-e9b03eab-61a3-46bd-9f42-888fd59ddbc4,1789817239.503,1789817239.505,1789817239.510,1789817239.514,1789817239.514,1789817239.523,20.04
2026-09-19 16:57:19.575,onvif-e9b03eab-61a3-46bd-9f42-888fd59ddbc4,1789817239.558,1789817239.559,1789817239.563,1789817239.568,1789817239.568,1789817239.575,17.72
2026-09-19 16:57:19.682,onvif-e9b03eab-61a3-46bd-9f42-888fd59ddbc4,1789817239.666,1789817239.668,1789817239.671,1789817239.676,1789817239.676,1789817239.683,16.36
2026-09-19 16:57:19.741,onvif-e9b03eab-61a3-46bd-9f42-888fd59ddbc4,1789817239.721,1789817239.722,1789817239.724,1789817239.729,1789817239.729,1789817239.741,20.11
2026-09-19 16:57:19.812,onvif-e9b03eab-61a3-46bd-9f42-888fd59ddbc4,1789817239.798,1789817239.799,1789817239.802,1789817239.806,1789817239.806,1789817239.813,14.54
2026-09-19 16:57:19.869,onvif-e9b03eab-61a3-46bd-9f42-888fd59ddbc4,1789817239.850,1789817239.853,1789817239.857,1789817239.859,1789817239.859,1789817239.870,19.52
2026-09-19 16:57:19.937,onvif-e9b03eab-61a3-46bd-9f42-888fd59ddbc4,1789817239.907,1789817239.920,1789817239.925,1789817239.930,1789817239.931,1789817239.938,30.61
2026-09-19 16:57:20.013,onvif-e9b03eab-61a3-46bd-9f42-888fd59ddbc4,1789817239.998,1789817239.998,1789817240.002,1789817240.006,1789817240.006,1789817240.014,16.09
2026-09-19 16:57:20.066,onvif-e9b03eab-61a3-46bd-9f42-888fd59ddbc4,1789817240.048,1789817240.052,1789817240.055,1789817240.060,1789817240.060,1789817240.066,17.99
2026-09-19 16:57:20.134,onvif-e9b03eab-61a3-46bd-9f42-888fd59ddbc4,1789817240.115,1789817240.119,1789817240.124,1789817240.125,1789817240.125,1789817240.135,20.19
2026-09-19 16:57:20.196,onvif-e9b03eab-61a3-46bd-9f42-888fd59ddbc4,1789817240.181,1789817240.183,1789817240.186,1789817240.190,1789817240.190,1789817240.197,16.25
2026-09-19 16:57:20.271,onvif-e9b03eab-61a3-46bd-9f42-888fd59ddbc4,1789817240.245,1789817240.250,1789817240.254,1789817240.261,1789817240.261,1789817240.272,26.55
2026-09-19 16:57:20.364,onvif-e9b03eab-61a3-46bd-9f42-888fd59ddbc4,1789817240.345,1789817240.348,1789817240.351,1789817240.353,1789817240.353,1789817240.365,19.51
2026-09-19 16:57:20.431,onvif-e9b03eab-61a3-46bd-9f42-888fd59ddbc4,1789817240.413,1789817240.415,1789817240.419,1789817240.424,1789817240.424,1789817240.431,17.87
2026-09-19 16:57:20.528,onvif-e9b03eab-61a3-46bd-9f42-888fd59ddbc4,1789817240.511,1789817240.512,1789817240.516,1789817240.521,1789817240.521,1789817240.529,17.79
2026-09-19 16:57:20.602,onvif-e9b03eab-61a3-46bd-9f42-888fd59ddbc4,1789817240.580,1789817240.584,1789817240.588,1789817240.592,1789817240.592,1789817240.602,22.10
2026-09-19 16:57:20.679,onvif-e9b03eab-61a3-46bd-9f42-888fd59ddbc4,1789817240.665,1789817240.667,1789817240.671,1789817240.673,1789817240.673,1789817240.679,14.77
2026-09-19 16:57:20.762,onvif-e9b03eab-61a3-46bd-9f42-888fd59ddbc4,1789817240.739,1789817240.744,1789817240.750,1789817240.754,1789817240.754,1789817240.762,23.46
2026-09-19 16:57:20.876,onvif-e9b03eab-61a3-46bd-9f42-888fd59ddbc4,1789817240.855,1789817240.858,1789817240.861,1789817240.866,1789817240.866,1789817240.876,21.29
2026-09-19 16:57:20.939,onvif-e9b03eab-61a3-46bd-9f42-888fd59ddbc4,1789817240.911,1789817240.925,1789817240.929,1789817240.932,1789817240.932,1789817240.940,28.93
2026-09-19 16:57:21.030,onvif-e9b03eab-61a3-46bd-9f42-888fd59ddbc4,1789817241.014,1789817241.018,1789817241.021,1789817241.024,1789817241.024,1789817241.030,15.90
2026-09-19 16:57:21.120,onvif-e9b03eab-61a3-46bd-9f42-888fd59ddbc4,1789817241.083,1789817241.100,1789817241.110,1789817241.112,1789817241.112,1789817241.120,37.64
2026-09-19 16:57:21.192,onvif-e9b03eab-61a3-46bd-9f42-888fd59ddbc4,1789817241.175,1789817241.177,1789817241.181,1789817241.182,1789817241.182,1789817241.193,18.04
2026-09-19 16:57:21.264,onvif-e9b03eab-61a3-46bd-9f42-888fd59ddbc4,1789817241.229,1789817241.249,1789817241.253,1789817241.258,1789817241.258,1789817241.265,35.76
2026-09-19 16:57:21.368,onvif-e9b03eab-61a3-46bd-9f42-888fd59ddbc4,1789817241.351,1789817241.352,1789817241.356,1789817241.361,1789817241.361,1789817241.368,17.24
2026-09-19 16:57:21.448,onvif-e9b03eab-61a3-46bd-9f42-888fd59ddbc4,1789817241.414,1789817241.429,1789817241.435,1789817241.437,1789817241.437,1789817241.448,34.50
2026-09-19 16:57:21.537,onvif-e9b03eab-61a3-46bd-9f42-888fd59ddbc4,1789817241.522,1789817241.522,1789817241.525,1789817241.528,1789817241.529,1789817241.538,16.08
2026-09-19 16:57:21.614,onvif-e9b03eab-61a3-46bd-9f42-888fd59ddbc4,1789817241.596,1789817241.599,1789817241.603,1789817241.606,1789817241.606,1789817241.615,18.20
2026-09-19 16:57:21.694,onvif-e9b03eab-61a3-46bd-9f42-888fd59ddbc4,1789817241.678,1789817241.679,1789817241.682,1789817241.686,1789817241.686,1789817241.694,16.02
2026-09-19 16:57:21.765,onvif-e9b03eab-61a3-46bd-9f42-888fd59ddbc4,1789817241.747,1789817241.751,1789817241.755,1789817241.757,1789817241.757,1789817241.766,19.10
2026-09-19 16:57:21.855,onvif-e9b03eab-61a3-46bd-9f42-888fd59ddbc4,1789817241.843,1789817241.844,1789817241.847,1789817241.849,1789817241.849,1789817241.856,13.13
2026-09-19 16:57:21.932,onvif-e9b03eab-61a3-46bd-9f42-888fd59ddbc4,1789817241.908,1789817241.911,1789817241.914,1789817241.919,1789817241.919,1789817241.933,24.96
2026-09-19 16:57:22.017,onvif-e9b03eab-61a3-46bd-9f42-888fd59ddbc4,1789817241.999,1789817242.003,1789817242.007,1789817242.012,1789817242.012,1789817242.018,18.59
2026-09-19 16:57:22.104,onvif-e9b03eab-61a3-46bd-9f42-888fd59ddbc4,1789817242.082,1789817242.086,1789817242.090,1789817242.093,1789817242.093,1789817242.104,21.74
2026-09-19 16:57:22.204,onvif-e9b03eab-61a3-46bd-9f42-888fd59ddbc4,1789817242.179,1789817242.184,1789817242.189,1789817242.194,1789817242.194,1789817242.205,25.76
2026-09-19 16:57:22.266,onvif-e9b03eab-61a3-46bd-9f42-888fd59ddbc4,1789817242.241,1789817242.251,1789817242.255,1789817242.260,1789817242.260,1789817242.266,25.37
2026-09-19 16:57:22.366,onvif-e9b03eab-61a3-46bd-9f42-888fd59ddbc4,1789817242.345,1789817242.350,1789817242.354,1789817242.357,1789817242.357,1789817242.366,21.50
2026-09-19 16:57:22.432,onvif-e9b03eab-61a3-46bd-9f42-888fd59ddbc4,1789817242.409,1789817242.417,1789817242.421,1789817242.422,1789817242.422,1789817242.433,23.44
2026-09-19 16:57:22.533,onvif-e9b03eab-61a3-46bd-9f42-888fd59ddbc4,1789817242.515,1789817242.519,1789817242.523,1789817242.525,1789817242.525,1789817242.533,18.93
2026-09-19 16:57:22.606,onvif-e9b03eab-61a3-46bd-9f42-888fd59ddbc4,1789817242.571,1789817242.586,1789817242.591,1789817242.595,1789817242.595,1789817242.607,35.89
2026-09-19 16:57:22.688,onvif-e9b03eab-61a3-46bd-9f42-888fd59ddbc4,1789817242.669,1789817242.674,1789817242.677,1789817242.681,1789817242.681,1789817242.688,18.92
2026-09-19 16:57:22.770,onvif-e9b03eab-61a3-46bd-9f42-888fd59ddbc4,1789817242.748,1789817242.751,1789817242.757,1789817242.762,1789817242.762,1789817242.771,22.84
2026-09-19 16:57:22.860,onvif-e9b03eab-61a3-46bd-9f42-888fd59ddbc4,1789817242.844,1789817242.844,1789817242.848,1789817242.849,1789817242.849,1789817242.861,17.05
2026-09-19 16:57:22.927,onvif-e9b03eab-61a3-46bd-9f42-888fd59ddbc4,1789817242.903,1789817242.911,1789817242.915,1789817242.921,1789817242.921,1789817242.928,24.34
2026-09-19 16:57:23.025,onvif-e9b03eab-61a3-46bd-9f42-888fd59ddbc4,1789817243.010,1789817243.014,1789817243.017,1789817243.019,1789817243.019,1789817243.025,15.30
2026-09-19 16:57:23.109,onvif-e9b03eab-61a3-46bd-9f42-888fd59ddbc4,1789817243.088,1789817243.091,1789817243.094,1789817243.099,1789817243.099,1789817243.110,22.23
2026-09-19 16:57:23.187,onvif-e9b03eab-61a3-46bd-9f42-888fd59ddbc4,1789817243.172,1789817243.173,1789817243.177,1789817243.180,1789817243.181,1789817243.188,16.31
2026-09-19 16:57:23.258,onvif-e9b03eab-61a3-46bd-9f42-888fd59ddbc4,1789817243.238,1789817243.240,1789817243.245,1789817243.251,1789817243.251,1789817243.258,20.58
2026-09-19 16:57:23.381,onvif-e9b03eab-61a3-46bd-9f42-888fd59ddbc4,1789817243.344,1789817243.348,1789817243.352,1789817243.359,1789817243.361,1789817243.382,37.38
2026-09-19 16:57:23.445,onvif-e9b03eab-61a3-46bd-9f42-888fd59ddbc4,1789817243.416,1789817243.420,1789817243.431,1789817243.435,1789817243.435,1789817243.446,29.34
2026-09-19 16:57:23.529,onvif-e9b03eab-61a3-46bd-9f42-888fd59ddbc4,1789817243.509,1789817243.513,1789817243.517,1789817243.522,1789817243.522,1789817243.529,20.07
2026-09-19 16:57:23.595,onvif-e9b03eab-61a3-46bd-9f42-888fd59ddbc4,1789817243.574,1789817243.580,1789817243.584,1789817243.587,1789817243.587,1789817243.596,21.67
2026-09-19 16:57:23.703,onvif-e9b03eab-61a3-46bd-9f42-888fd59ddbc4,1789817243.685,1789817243.688,1789817243.691,1789817243.695,1789817243.695,1789817243.704,19.04
2026-09-19 16:57:23.769,onvif-e9b03eab-61a3-46bd-9f42-888fd59ddbc4,1789817243.743,1789817243.755,1789817243.759,1789817243.761,1789817243.761,1789817243.769,26.10
2026-09-19 16:57:23.871,onvif-e9b03eab-61a3-46bd-9f42-888fd59ddbc4,1789817243.854,1789817243.857,1789817243.862,1789817243.864,1789817243.864,1789817243.871,17.18
2026-09-19 16:57:23.944,onvif-e9b03eab-61a3-46bd-9f42-888fd59ddbc4,1789817243.904,1789817243.924,1789817243.930,1789817243.935,1789817243.935,1789817243.944,39.99
2026-09-19 16:57:24.038,onvif-e9b03eab-61a3-46bd-9f42-888fd59ddbc4,1789817244.013,1789817244.017,1789817244.020,1789817244.026,1789817244.026,1789817244.038,25.08
2026-09-19 16:57:24.103,onvif-e9b03eab-61a3-46bd-9f42-888fd59ddbc4,1789817244.085,1789817244.089,1789817244.093,1789817244.096,1789817244.096,1789817244.104,18.92
2026-09-19 16:57:24.189,onvif-e9b03eab-61a3-46bd-9f42-888fd59ddbc4,1789817244.169,1789817244.172,1789817244.176,1789817244.183,1789817244.183,1789817244.190,20.83
2026-09-19 16:57:24.257,onvif-e9b03eab-61a3-46bd-9f42-888fd59ddbc4,1789817244.240,1789817244.244,1789817244.247,1789817244.248,1789817244.248,1789817244.257,17.62
2026-09-19 16:57:24.310,onvif-e9b03eab-61a3-46bd-9f42-888fd59ddbc4,1789817244.289,1789817244.293,1789817244.297,1789817244.302,1789817244.303,1789817244.310,21.34
2026-09-19 16:57:24.368,onvif-e9b03eab-61a3-46bd-9f42-888fd59ddbc4,1789817244.343,1789817244.347,1789817244.350,1789817244.356,1789817244.356,1789817244.369,25.65
2026-09-19 16:57:24.429,onvif-e9b03eab-61a3-46bd-9f42-888fd59ddbc4,1789817244.402,1789817244.414,1789817244.418,1789817244.422,1789817244.422,1789817244.429,27.28
2026-09-19 16:57:24.525,onvif-e9b03eab-61a3-46bd-9f42-888fd59ddbc4,1789817244.509,1789817244.511,1789817244.514,1789817244.518,1789817244.519,1789817244.525,16.29
2026-09-19 16:57:24.610,onvif-e9b03eab-61a3-46bd-9f42-888fd59ddbc4,1789817244.572,1789817244.588,1789817244.593,1789817244.600,1789817244.600,1789817244.610,38.03
2026-09-19 16:57:24.693,onvif-e9b03eab-61a3-46bd-9f42-888fd59ddbc4,1789817244.672,1789817244.676,1789817244.680,1789817244.686,1789817244.686,1789817244.694,21.97
2026-09-19 16:57:24.766,onvif-e9b03eab-61a3-46bd-9f42-888fd59ddbc4,1789817244.737,1789817244.748,1789817244.752,1789817244.757,1789817244.757,1789817244.766,29.47
2026-09-19 16:57:24.855,onvif-e9b03eab-61a3-46bd-9f42-888fd59ddbc4,1789817244.839,1789817244.841,1789817244.845,1789817244.849,1789817244.849,1789817244.856,17.36
2026-09-19 16:57:24.929,onvif-e9b03eab-61a3-46bd-9f42-888fd59ddbc4,1789817244.910,1789817244.913,1789817244.917,1789817244.919,1789817244.919,1789817244.930,19.69
2026-09-19 16:57:24.980,onvif-e9b03eab-61a3-46bd-9f42-888fd59ddbc4,1789817244.962,1789817244.962,1789817244.966,1789817244.973,1789817244.973,1789817244.980,18.32
2026-09-19 16:57:25.039,onvif-e9b03eab-61a3-46bd-9f42-888fd59ddbc4,1789817245.018,1789817245.021,1789817245.024,1789817245.027,1789817245.027,1789817245.040,21.80
2026-09-19 16:57:25.106,onvif-e9b03eab-61a3-46bd-9f42-888fd59ddbc4,1789817245.069,1789817245.088,1789817245.092,1789817245.099,1789817245.099,1789817245.106,36.75
2026-09-19 16:57:25.205,onvif-e9b03eab-61a3-46bd-9f42-888fd59ddbc4,1789817245.188,1789817245.191,1789817245.195,1789817245.196,1789817245.197,1789817245.205,16.88
2026-09-19 16:57:25.282,onvif-e9b03eab-61a3-46bd-9f42-888fd59ddbc4,1789817245.245,1789817245.263,1789817245.269,1789817245.273,1789817245.273,1789817245.282,37.56
2026-09-19 16:57:25.360,onvif-e9b03eab-61a3-46bd-9f42-888fd59ddbc4,1789817245.339,1789817245.340,1789817245.343,1789817245.349,1789817245.349,1789817245.360,21.49
2026-09-19 16:57:25.447,onvif-e9b03eab-61a3-46bd-9f42-888fd59ddbc4,1789817245.431,1789817245.433,1789817245.436,1789817245.440,1789817245.440,1789817245.447,15.82
2026-09-19 16:57:25.527,onvif-e9b03eab-61a3-46bd-9f42-888fd59ddbc4,1789817245.505,1789817245.508,1789817245.511,1789817245.515,1789817245.515,1789817245.528,22.95
2026-09-19 16:57:25.593,onvif-e9b03eab-61a3-46bd-9f42-888fd59ddbc4,1789817245.578,1789817245.580,1789817245.583,1789817245.586,1789817245.586,1789817245.594,15.36
2026-09-19 16:57:25.685,onvif-e9b03eab-61a3-46bd-9f42-888fd59ddbc4,1789817245.671,1789817245.672,1789817245.676,1789817245.678,1789817245.678,1789817245.685,13.89
2026-09-19 16:57:25.764,onvif-e9b03eab-61a3-46bd-9f42-888fd59ddbc4,1789817245.736,1789817245.744,1789817245.748,1789817245.753,1789817245.753,1789817245.765,28.56
2026-09-19 16:57:25.872,onvif-e9b03eab-61a3-46bd-9f42-888fd59ddbc4,1789817245.847,1789817245.852,1789817245.856,1789817245.859,1789817245.860,1789817245.873,25.36
2026-09-19 16:57:25.931,onvif-e9b03eab-61a3-46bd-9f42-888fd59ddbc4,1789817245.905,1789817245.919,1789817245.923,1789817245.925,1789817245.925,1789817245.932,27.45
2026-09-19 16:57:26.024,onvif-e9b03eab-61a3-46bd-9f42-888fd59ddbc4,1789817246.001,1789817246.001,1789817246.005,1789817246.011,1789817246.011,1789817246.025,24.21
2026-09-19 16:57:26.099,onvif-e9b03eab-61a3-46bd-9f42-888fd59ddbc4,1789817246.065,1789817246.084,1789817246.088,1789817246.093,1789817246.093,1789817246.099,34.50
2026-09-19 16:57:26.186,onvif-e9b03eab-61a3-46bd-9f42-888fd59ddbc4,1789817246.169,1789817246.172,1789817246.176,1789817246.180,1789817246.180,1789817246.186,17.45
2026-09-19 16:57:26.266,onvif-e9b03eab-61a3-46bd-9f42-888fd59ddbc4,1789817246.246,1789817246.249,1789817246.252,1789817246.255,1789817246.255,1789817246.266,20.18
2026-09-19 16:57:26.369,onvif-e9b03eab-61a3-46bd-9f42-888fd59ddbc4,1789817246.348,1789817246.352,1789817246.356,1789817246.358,1789817246.358,1789817246.369,20.63
2026-09-19 16:57:26.431,onvif-e9b03eab-61a3-46bd-9f42-888fd59ddbc4,1789817246.418,1789817246.419,1789817246.423,1789817246.424,1789817246.424,1789817246.432,14.24
2026-09-19 16:57:26.517,onvif-e9b03eab-61a3-46bd-9f42-888fd59ddbc4,1789817246.501,1789817246.501,1789817246.505,1789817246.510,1789817246.511,1789817246.517,16.40
2026-09-19 16:57:26.593,onvif-e9b03eab-61a3-46bd-9f42-888fd59ddbc4,1789817246.571,1789817246.573,1789817246.576,1789817246.582,1789817246.582,1789817246.594,22.62
2026-09-19 16:57:26.696,onvif-e9b03eab-61a3-46bd-9f42-888fd59ddbc4,1789817246.675,1789817246.676,1789817246.679,1789817246.684,1789817246.684,1789817246.696,21.45
2026-09-19 16:57:26.772,onvif-e9b03eab-61a3-46bd-9f42-888fd59ddbc4,1789817246.750,1789817246.753,1789817246.757,1789817246.763,1789817246.763,1789817246.772,22.61
2026-09-19 16:57:26.861,onvif-e9b03eab-61a3-46bd-9f42-888fd59ddbc4,1789817246.845,1789817246.846,1789817246.851,1789817246.854,1789817246.854,1789817246.861,16.65
2026-09-19 16:57:26.930,onvif-e9b03eab-61a3-46bd-9f42-888fd59ddbc4,1789817246.908,1789817246.913,1789817246.916,1789817246.920,1789817246.920,1789817246.931,23.23
2026-09-19 16:57:27.045,onvif-e9b03eab-61a3-46bd-9f42-888fd59ddbc4,1789817247.023,1789817247.027,1789817247.030,1789817247.033,1789817247.033,1789817247.045,22.32
2026-09-19 16:57:27.149,onvif-e9b03eab-61a3-46bd-9f42-888fd59ddbc4,1789817247.125,1789817247.130,1789817247.133,1789817247.136,1789817247.136,1789817247.149,23.79
2026-09-19 16:57:27.212,onvif-e9b03eab-61a3-46bd-9f42-888fd59ddbc4,1789817247.182,1789817247.197,1789817247.201,1789817247.206,1789817247.206,1789817247.213,30.78
2026-09-19 16:57:27.282,onvif-e9b03eab-61a3-46bd-9f42-888fd59ddbc4,1789817247.255,1789817247.264,1789817247.268,1789817247.271,1789817247.272,1789817247.283,28.46
2026-09-19 16:57:27.365,onvif-e9b03eab-61a3-46bd-9f42-888fd59ddbc4,1789817247.345,1789817247.346,1789817247.349,1789817247.353,1789817247.353,1789817247.365,20.17
2026-09-19 16:57:27.435,onvif-e9b03eab-61a3-46bd-9f42-888fd59ddbc4,1789817247.414,1789817247.418,1789817247.423,1789817247.430,1789817247.430,1789817247.436,21.66
2026-09-19 16:57:27.547,onvif-e9b03eab-61a3-46bd-9f42-888fd59ddbc4,1789817247.533,1789817247.537,1789817247.540,1789817247.541,1789817247.541,1789817247.547,14.14
2026-09-19 16:57:27.623,onvif-e9b03eab-61a3-46bd-9f42-888fd59ddbc4,1789817247.596,1789817247.604,1789817247.610,1789817247.612,1789817247.612,1789817247.623,27.49
2026-09-19 16:57:27.700,onvif-e9b03eab-61a3-46bd-9f42-888fd59ddbc4,1789817247.678,1789817247.681,1789817247.684,1789817247.688,1789817247.688,1789817247.700,21.79
2026-09-19 16:57:27.774,onvif-e9b03eab-61a3-46bd-9f42-888fd59ddbc4,1789817247.755,1789817247.758,1789817247.762,1789817247.765,1789817247.765,1789817247.775,19.22
2026-09-19 16:57:27.863,onvif-e9b03eab-61a3-46bd-9f42-888fd59ddbc4,1789817247.847,1789817247.850,1789817247.855,1789817247.857,1789817247.857,1789817247.864,16.41
2026-09-19 16:57:27.947,onvif-e9b03eab-61a3-46bd-9f42-888fd59ddbc4,1789817247.928,1789817247.933,1789817247.936,1789817247.938,1789817247.938,1789817247.947,19.75
2026-09-19 16:57:28.035,onvif-e9b03eab-61a3-46bd-9f42-888fd59ddbc4,1789817248.020,1789817248.020,1789817248.024,1789817248.029,1789817248.029,1789817248.035,15.02
2026-09-19 16:57:28.115,onvif-e9b03eab-61a3-46bd-9f42-888fd59ddbc4,1789817248.095,1789817248.097,1789817248.103,1789817248.105,1789817248.105,1789817248.115,20.49
2026-09-19 16:57:28.198,onvif-e9b03eab-61a3-46bd-9f42-888fd59ddbc4,1789817248.179,1789817248.180,1789817248.182,1789817248.186,1789817248.186,1789817248.198,19.38
2026-09-19 16:57:28.268,onvif-e9b03eab-61a3-46bd-9f42-888fd59ddbc4,1789817248.252,1789817248.257,1789817248.260,1789817248.262,1789817248.262,1789817248.269,16.43
2026-09-19 16:57:28.358,onvif-e9b03eab-61a3-46bd-9f42-888fd59ddbc4,1789817248.339,1789817248.339,1789817248.343,1789817248.349,1789817248.349,1789817248.359,20.21
2026-09-19 16:57:28.446,onvif-e9b03eab-61a3-46bd-9f42-888fd59ddbc4,1789817248.424,1789817248.427,1789817248.430,1789817248.436,1789817248.436,1789817248.447,23.06
2026-09-19 16:57:28.517,onvif-e9b03eab-61a3-46bd-9f42-888fd59ddbc4,1789817248.501,1789817248.504,1789817248.508,1789817248.511,1789817248.512,1789817248.518,16.59
2026-09-19 16:57:28.599,onvif-e9b03eab-61a3-46bd-9f42-888fd59ddbc4,1789817248.576,1789817248.581,1789817248.585,1789817248.592,1789817248.592,1789817248.599,23.26
2026-09-19 16:57:28.696,onvif-e9b03eab-61a3-46bd-9f42-888fd59ddbc4,1789817248.677,1789817248.679,1789817248.682,1789817248.685,1789817248.685,1789817248.697,20.16
2026-09-19 16:57:28.762,onvif-e9b03eab-61a3-46bd-9f42-888fd59ddbc4,1789817248.737,1789817248.746,1789817248.750,1789817248.756,1789817248.756,1789817248.763,25.27
2026-09-19 16:57:28.864,onvif-e9b03eab-61a3-46bd-9f42-888fd59ddbc4,1789817248.845,1789817248.849,1789817248.853,1789817248.858,1789817248.858,1789817248.865,19.46
2026-09-19 16:57:28.935,onvif-e9b03eab-61a3-46bd-9f42-888fd59ddbc4,1789817248.903,1789817248.916,1789817248.920,1789817248.922,1789817248.922,1789817248.935,31.60
2026-09-19 16:57:29.020,onvif-e9b03eab-61a3-46bd-9f42-888fd59ddbc4,1789817249.004,1789817249.008,1789817249.012,1789817249.014,1789817249.014,1789817249.021,16.68
2026-09-19 16:57:29.098,onvif-e9b03eab-61a3-46bd-9f42-888fd59ddbc4,1789817249.084,1789817249.085,1789817249.089,1789817249.091,1789817249.091,1789817249.099,14.79
2026-09-19 16:57:29.190,onvif-e9b03eab-61a3-46bd-9f42-888fd59ddbc4,1789817249.177,1789817249.178,1789817249.181,1789817249.183,1789817249.183,1789817249.191,13.68
2026-09-19 16:57:29.260,onvif-e9b03eab-61a3-46bd-9f42-888fd59ddbc4,1789817249.242,1789817249.245,1789817249.249,1789817249.254,1789817249.254,1789817249.260,18.00
2026-09-19 16:57:29.358,onvif-e9b03eab-61a3-46bd-9f42-888fd59ddbc4,1789817249.342,1789817249.343,1789817249.347,1789817249.352,1789817249.352,1789817249.358,16.15
2026-09-19 16:57:29.441,onvif-e9b03eab-61a3-46bd-9f42-888fd59ddbc4,1789817249.404,1789817249.425,1789817249.431,1789817249.433,1789817249.433,1789817249.442,37.44
2026-09-19 16:57:29.540,onvif-e9b03eab-61a3-46bd-9f42-888fd59ddbc4,1789817249.519,1789817249.523,1789817249.527,1789817249.529,1789817249.529,1789817249.540,21.04
2026-09-19 16:57:29.606,onvif-e9b03eab-61a3-46bd-9f42-888fd59ddbc4,1789817249.568,1789817249.590,1789817249.594,1789817249.601,1789817249.601,1789817249.606,38.78
2026-09-19 16:57:29.699,onvif-e9b03eab-61a3-46bd-9f42-888fd59ddbc4,1789817249.675,1789817249.678,1789817249.681,1789817249.687,1789817249.687,1789817249.699,24.36
2026-09-19 16:57:29.768,onvif-e9b03eab-61a3-46bd-9f42-888fd59ddbc4,1789817249.734,1789817249.755,1789817249.759,1789817249.762,1789817249.762,1789817249.769,34.38
2026-09-19 16:57:29.870,onvif-e9b03eab-61a3-46bd-9f42-888fd59ddbc4,1789817249.853,1789817249.858,1789817249.861,1789817249.863,1789817249.863,1789817249.870,17.25
2026-09-19 16:57:29.941,onvif-e9b03eab-61a3-46bd-9f42-888fd59ddbc4,1789817249.906,1789817249.925,1789817249.930,1789817249.933,1789817249.933,1789817249.941,35.00
2026-09-19 16:57:30.036,onvif-e9b03eab-61a3-46bd-9f42-888fd59ddbc4,1789817250.016,1789817250.017,1789817250.020,1789817250.025,1789817250.025,1789817250.037,21.08
2026-09-19 16:57:30.101,onvif-e9b03eab-61a3-46bd-9f42-888fd59ddbc4,1789817250.088,1789817250.089,1789817250.092,1789817250.095,1789817250.095,1789817250.101,13.84
2026-09-19 16:57:30.198,onvif-e9b03eab-61a3-46bd-9f42-888fd59ddbc4,1789817250.178,1789817250.182,1789817250.185,1789817250.192,1789817250.192,1789817250.199,20.50
2026-09-19 16:57:30.269,onvif-e9b03eab-61a3-46bd-9f42-888fd59ddbc4,1789817250.246,1789817250.249,1789817250.252,1789817250.257,1789817250.257,1789817250.270,23.41
2026-09-19 16:57:30.350,onvif-e9b03eab-61a3-46bd-9f42-888fd59ddbc4,1789817250.332,1789817250.336,1789817250.340,1789817250.343,1789817250.343,1789817250.350,18.55
2026-09-19 16:57:30.438,onvif-e9b03eab-61a3-46bd-9f42-888fd59ddbc4,1789817250.406,1789817250.419,1789817250.425,1789817250.430,1789817250.430,1789817250.438,32.41
2026-09-19 16:57:30.526,onvif-e9b03eab-61a3-46bd-9f42-888fd59ddbc4,1789817250.501,1789817250.506,1789817250.510,1789817250.516,1789817250.517,1789817250.527,25.56
2026-09-19 16:57:30.603,onvif-e9b03eab-61a3-46bd-9f42-888fd59ddbc4,1789817250.588,1789817250.588,1789817250.592,1789817250.598,1789817250.598,1789817250.604,15.81
2026-09-19 16:57:30.688,onvif-e9b03eab-61a3-46bd-9f42-888fd59ddbc4,1789817250.668,1789817250.668,1789817250.672,1789817250.677,1789817250.677,1789817250.689,20.75
2026-09-19 16:57:30.751,onvif-e9b03eab-61a3-46bd-9f42-888fd59ddbc4,1789817250.719,1789817250.735,1789817250.738,1789817250.743,1789817250.743,1789817250.751,31.99
2026-09-19 16:57:30.821,onvif-e9b03eab-61a3-46bd-9f42-888fd59ddbc4,1789817250.777,1789817250.802,1789817250.807,1789817250.809,1789817250.809,1789817250.821,44.18
2026-09-19 16:57:30.889,onvif-e9b03eab-61a3-46bd-9f42-888fd59ddbc4,1789817250.871,1789817250.874,1789817250.877,1789817250.880,1789817250.880,1789817250.890,18.82
2026-09-19 16:57:30.973,onvif-e9b03eab-61a3-46bd-9f42-888fd59ddbc4,1789817250.956,1789817250.956,1789817250.960,1789817250.967,1789817250.967,1789817250.974,18.22
2026-09-19 16:57:31.028,onvif-e9b03eab-61a3-46bd-9f42-888fd59ddbc4,1789817251.014,1789817251.015,1789817251.019,1789817251.020,1789817251.020,1789817251.028,14.70
2026-09-19 16:57:31.101,onvif-e9b03eab-61a3-46bd-9f42-888fd59ddbc4,1789817251.071,1789817251.082,1789817251.086,1789817251.091,1789817251.091,1789817251.101,30.23
2026-09-19 16:57:31.190,onvif-e9b03eab-61a3-46bd-9f42-888fd59ddbc4,1789817251.171,1789817251.175,1789817251.180,1789817251.183,1789817251.183,1789817251.191,19.25
2026-09-19 16:57:31.262,onvif-e9b03eab-61a3-46bd-9f42-888fd59ddbc4,1789817251.243,1789817251.247,1789817251.251,1789817251.254,1789817251.254,1789817251.263,19.20
2026-09-19 16:57:31.356,onvif-e9b03eab-61a3-46bd-9f42-888fd59ddbc4,1789817251.341,1789817251.345,1789817251.349,1789817251.350,1789817251.350,1789817251.356,15.47
2026-09-19 16:57:31.429,onvif-e9b03eab-61a3-46bd-9f42-888fd59ddbc4,1789817251.397,1789817251.412,1789817251.418,1789817251.421,1789817251.421,1789817251.430,32.94
2026-09-19 16:57:31.536,onvif-e9b03eab-61a3-46bd-9f42-888fd59ddbc4,1789817251.510,1789817251.515,1789817251.518,1789817251.524,1789817251.524,1789817251.537,26.94
2026-09-19 16:57:31.611,onvif-e9b03eab-61a3-46bd-9f42-888fd59ddbc4,1789817251.597,1789817251.597,1789817251.602,1789817251.605,1789817251.605,1789817251.611,14.44
2026-09-19 16:57:31.683,onvif-e9b03eab-61a3-46bd-9f42-888fd59ddbc4,1789817251.666,1789817251.669,1789817251.673,1789817251.676,1789817251.676,1789817251.683,17.56
2026-09-19 16:57:31.759,onvif-e9b03eab-61a3-46bd-9f42-888fd59ddbc4,1789817251.735,1789817251.741,1789817251.745,1789817251.746,1789817251.747,1789817251.759,24.42
2026-09-19 16:57:31.865,onvif-e9b03eab-61a3-46bd-9f42-888fd59ddbc4,1789817251.840,1789817251.844,1789817251.848,1789817251.854,1789817251.854,1789817251.865,25.29
2026-09-19 16:57:31.926,onvif-e9b03eab-61a3-46bd-9f42-888fd59ddbc4,1789817251.896,1789817251.911,1789817251.915,1789817251.920,1789817251.920,1789817251.926,29.86
2026-09-19 16:57:32.022,onvif-e9b03eab-61a3-46bd-9f42-888fd59ddbc4,1789817252.007,1789817252.009,1789817252.013,1789817252.016,1789817252.016,1789817252.023,15.67
2026-09-19 16:57:32.106,onvif-e9b03eab-61a3-46bd-9f42-888fd59ddbc4,1789817252.076,1789817252.086,1789817252.092,1789817252.097,1789817252.097,1789817252.107,30.36
2026-09-19 16:57:32.196,onvif-e9b03eab-61a3-46bd-9f42-888fd59ddbc4,1789817252.176,1789817252.179,1789817252.183,1789817252.189,1789817252.189,1789817252.197,20.34
2026-09-19 16:57:32.260,onvif-e9b03eab-61a3-46bd-9f42-888fd59ddbc4,1789817252.240,1789817252.246,1789817252.250,1789817252.254,1789817252.254,1789817252.261,21.11
2026-09-19 16:57:32.360,onvif-e9b03eab-61a3-46bd-9f42-888fd59ddbc4,1789817252.343,1789817252.344,1789817252.347,1789817252.350,1789817252.350,1789817252.361,17.64
2026-09-19 16:57:32.439,onvif-e9b03eab-61a3-46bd-9f42-888fd59ddbc4,1789817252.423,1789817252.427,1789817252.430,1789817252.432,1789817252.432,1789817252.440,16.75
2026-09-19 16:57:32.525,onvif-e9b03eab-61a3-46bd-9f42-888fd59ddbc4,1789817252.507,1789817252.509,1789817252.514,1789817252.517,1789817252.517,1789817252.525,18.13
2026-09-19 16:57:32.596,onvif-e9b03eab-61a3-46bd-9f42-888fd59ddbc4,1789817252.567,1789817252.576,1789817252.579,1789817252.583,1789817252.583,1789817252.597,29.42
2026-09-19 16:57:32.688,onvif-e9b03eab-61a3-46bd-9f42-888fd59ddbc4,1789817252.671,1789817252.674,1789817252.677,1789817252.680,1789817252.680,1789817252.689,18.34
2026-09-19 16:57:32.760,onvif-e9b03eab-61a3-46bd-9f42-888fd59ddbc4,1789817252.734,1789817252.741,1789817252.747,1789817252.752,1789817252.752,1789817252.761,26.20
2026-09-19 16:57:32.868,onvif-e9b03eab-61a3-46bd-9f42-888fd59ddbc4,1789817252.846,1789817252.849,1789817252.853,1789817252.858,1789817252.859,1789817252.868,22.43
2026-09-19 16:57:32.931,onvif-e9b03eab-61a3-46bd-9f42-888fd59ddbc4,1789817252.909,1789817252.916,1789817252.920,1789817252.924,1789817252.925,1789817252.931,21.74
2026-09-19 16:57:33.023,onvif-e9b03eab-61a3-46bd-9f42-888fd59ddbc4,1789817253.006,1789817253.008,1789817253.012,1789817253.016,1789817253.016,1789817253.024,17.69
2026-09-19 16:57:33.117,onvif-e9b03eab-61a3-46bd-9f42-888fd59ddbc4,1789817253.097,1789817253.099,1789817253.103,1789817253.106,1789817253.107,1789817253.118,20.15
2026-09-19 16:57:33.178,onvif-e9b03eab-61a3-46bd-9f42-888fd59ddbc4,1789817253.154,1789817253.166,1789817253.170,1789817253.172,1789817253.172,1789817253.179,25.34
2026-09-19 16:57:33.253,onvif-e9b03eab-61a3-46bd-9f42-888fd59ddbc4,1789817253.212,1789817253.233,1789817253.238,1789817253.242,1789817253.242,1789817253.254,41.29
2026-09-19 16:57:33.314,onvif-e9b03eab-61a3-46bd-9f42-888fd59ddbc4,1789817253.267,1789817253.300,1789817253.303,1789817253.308,1789817253.308,1789817253.315,47.57
2026-09-19 16:57:33.391,onvif-e9b03eab-61a3-46bd-9f42-888fd59ddbc4,1789817253.375,1789817253.377,1789817253.381,1789817253.383,1789817253.383,1789817253.392,16.51
2026-09-19 16:57:33.474,onvif-e9b03eab-61a3-46bd-9f42-888fd59ddbc4,1789817253.453,1789817253.454,1789817253.457,1789817253.461,1789817253.461,1789817253.474,21.72
2026-09-19 16:57:33.528,onvif-e9b03eab-61a3-46bd-9f42-888fd59ddbc4,1789817253.512,1789817253.513,1789817253.517,1789817253.520,1789817253.520,1789817253.528,16.27
2026-09-19 16:57:33.600,onvif-e9b03eab-61a3-46bd-9f42-888fd59ddbc4,1789817253.569,1789817253.580,1789817253.584,1789817253.590,1789817253.590,1789817253.601,31.95
2026-09-19 16:57:33.693,onvif-e9b03eab-61a3-46bd-9f42-888fd59ddbc4,1789817253.676,1789817253.678,1789817253.682,1789817253.687,1789817253.687,1789817253.693,17.67
2026-09-19 16:57:33.774,onvif-e9b03eab-61a3-46bd-9f42-888fd59ddbc4,1789817253.744,1789817253.750,1789817253.756,1789817253.763,1789817253.763,1789817253.774,29.99
2026-09-19 16:57:33.866,onvif-e9b03eab-61a3-46bd-9f42-888fd59ddbc4,1789817253.845,1789817253.848,1789817253.852,1789817253.855,1789817253.855,1789817253.867,21.55
2026-09-19 16:57:33.934,onvif-e9b03eab-61a3-46bd-9f42-888fd59ddbc4,1789817253.917,1789817253.920,1789817253.923,1789817253.926,1789817253.926,1789817253.935,18.17
2026-09-19 16:57:33.990,onvif-e9b03eab-61a3-46bd-9f42-888fd59ddbc4,1789817253.970,1789817253.974,1789817253.978,1789817253.980,1789817253.980,1789817253.991,20.39
2026-09-19 16:57:34.064,onvif-e9b03eab-61a3-46bd-9f42-888fd59ddbc4,1789817254.042,1789817254.051,1789817254.055,1789817254.057,1789817254.057,1789817254.064,21.97
2026-09-19 16:57:34.137,onvif-e9b03eab-61a3-46bd-9f42-888fd59ddbc4,1789817254.114,1789817254.118,1789817254.124,1789817254.127,1789817254.127,1789817254.138,23.69
2026-09-19 16:57:34.192,onvif-e9b03eab-61a3-46bd-9f42-888fd59ddbc4,1789817254.175,1789817254.177,1789817254.181,1789817254.186,1789817254.186,1789817254.192,17.72
2026-09-19 16:57:34.267,onvif-e9b03eab-61a3-46bd-9f42-888fd59ddbc4,1789817254.242,1789817254.244,1789817254.250,1789817254.257,1789817254.257,1789817254.268,25.94
2026-09-19 16:57:34.366,onvif-e9b03eab-61a3-46bd-9f42-888fd59ddbc4,1789817254.343,1789817254.348,1789817254.352,1789817254.355,1789817254.355,1789817254.367,23.78
2026-09-19 16:57:34.436,onvif-e9b03eab-61a3-46bd-9f42-888fd59ddbc4,1789817254.400,1789817254.425,1789817254.428,1789817254.431,1789817254.431,1789817254.437,36.52
2026-09-19 16:57:34.526,onvif-e9b03eab-61a3-46bd-9f42-888fd59ddbc4,1789817254.503,1789817254.508,1789817254.512,1789817254.517,1789817254.518,1789817254.526,22.95
2026-09-19 16:57:34.604,onvif-e9b03eab-61a3-46bd-9f42-888fd59ddbc4,1789817254.575,1789817254.585,1789817254.588,1789817254.593,1789817254.593,1789817254.604,29.12
2026-09-19 16:57:34.692,onvif-e9b03eab-61a3-46bd-9f42-888fd59ddbc4,1789817254.676,1789817254.678,1789817254.680,1789817254.686,1789817254.686,1789817254.693,17.39
2026-09-19 16:57:34.770,onvif-e9b03eab-61a3-46bd-9f42-888fd59ddbc4,1789817254.750,1789817254.755,1789817254.759,1789817254.762,1789817254.762,1789817254.771,20.54
2026-09-19 16:57:34.861,onvif-e9b03eab-61a3-46bd-9f42-888fd59ddbc4,1789817254.841,1789817254.842,1789817254.845,1789817254.849,1789817254.849,1789817254.862,20.20
2026-09-19 16:57:34.936,onvif-e9b03eab-61a3-46bd-9f42-888fd59ddbc4,1789817254.906,1789817254.919,1789817254.923,1789817254.931,1789817254.931,1789817254.937,31.08
2026-09-19 16:57:35.019,onvif-e9b03eab-61a3-46bd-9f42-888fd59ddbc4,1789817255.006,1789817255.007,1789817255.010,1789817255.012,1789817255.012,1789817255.019,13.05
2026-09-19 16:57:35.098,onvif-e9b03eab-61a3-46bd-9f42-888fd59ddbc4,1789817255.077,1789817255.079,1789817255.082,1789817255.088,1789817255.088,1789817255.099,22.26
2026-09-19 16:57:35.203,onvif-e9b03eab-61a3-46bd-9f42-888fd59ddbc4,1789817255.178,1789817255.182,1789817255.185,1789817255.191,1789817255.191,1789817255.203,25.16
2026-09-19 16:57:35.263,onvif-e9b03eab-61a3-46bd-9f42-888fd59ddbc4,1789817255.235,1789817255.249,1789817255.253,1789817255.257,1789817255.257,1789817255.264,28.28
2026-09-19 16:57:35.350,onvif-e9b03eab-61a3-46bd-9f42-888fd59ddbc4,1789817255.332,1789817255.336,1789817255.340,1789817255.344,1789817255.344,1789817255.351,18.58
2026-09-19 16:57:35.451,onvif-e9b03eab-61a3-46bd-9f42-888fd59ddbc4,1789817255.434,1789817255.434,1789817255.438,1789817255.441,1789817255.441,1789817255.452,17.97
2026-09-19 16:57:35.528,onvif-e9b03eab-61a3-46bd-9f42-888fd59ddbc4,1789817255.513,1789817255.514,1789817255.518,1789817255.521,1789817255.521,1789817255.529,15.72
2026-09-19 16:57:35.599,onvif-e9b03eab-61a3-46bd-9f42-888fd59ddbc4,1789817255.555,1789817255.581,1789817255.586,1789817255.592,1789817255.592,1789817255.600,44.98
2026-09-19 16:57:35.666,onvif-e9b03eab-61a3-46bd-9f42-888fd59ddbc4,1789817255.629,1789817255.648,1789817255.651,1789817255.653,1789817255.653,1789817255.666,36.53
2026-09-19 16:57:35.735,onvif-e9b03eab-61a3-46bd-9f42-888fd59ddbc4,1789817255.720,1789817255.720,1789817255.724,1789817255.730,1789817255.730,1789817255.736,16.02
2026-09-19 16:57:35.808,onvif-e9b03eab-61a3-46bd-9f42-888fd59ddbc4,1789817255.786,1789817255.787,1789817255.794,1789817255.800,1789817255.800,1789817255.809,23.09
2026-09-19 16:57:35.865,onvif-e9b03eab-61a3-46bd-9f42-888fd59ddbc4,1789817255.847,1789817255.851,1789817255.855,1789817255.859,1789817255.859,1789817255.866,18.63
2026-09-19 16:57:35.938,onvif-e9b03eab-61a3-46bd-9f42-888fd59ddbc4,1789817255.915,1789817255.918,1789817255.925,1789817255.930,1789817255.930,1789817255.938,23.18
2026-09-19 16:57:36.029,onvif-e9b03eab-61a3-46bd-9f42-888fd59ddbc4,1789817256.006,1789817256.011,1789817256.015,1789817256.017,1789817256.017,1789817256.030,23.53
2026-09-19 16:57:36.104,onvif-e9b03eab-61a3-46bd-9f42-888fd59ddbc4,1789817256.076,1789817256.088,1789817256.092,1789817256.099,1789817256.099,1789817256.105,28.99
2026-09-19 16:57:36.197,onvif-e9b03eab-61a3-46bd-9f42-888fd59ddbc4,1789817256.178,1789817256.181,1789817256.185,1789817256.190,1789817256.190,1789817256.197,19.59
2026-09-19 16:57:36.267,onvif-e9b03eab-61a3-46bd-9f42-888fd59ddbc4,1789817256.238,1789817256.248,1789817256.252,1789817256.255,1789817256.255,1789817256.268,29.87
2026-09-19 16:57:36.367,onvif-e9b03eab-61a3-46bd-9f42-888fd59ddbc4,1789817256.348,1789817256.351,1789817256.354,1789817256.356,1789817256.356,1789817256.367,19.47
2026-09-19 16:57:36.434,onvif-e9b03eab-61a3-46bd-9f42-888fd59ddbc4,1789817256.417,1789817256.418,1789817256.421,1789817256.427,1789817256.427,1789817256.434,17.52
2026-09-19 16:57:36.525,onvif-e9b03eab-61a3-46bd-9f42-888fd59ddbc4,1789817256.508,1789817256.510,1789817256.514,1789817256.519,1789817256.519,1789817256.526,18.04
2026-09-19 16:57:36.598,onvif-e9b03eab-61a3-46bd-9f42-888fd59ddbc4,1789817256.563,1789817256.577,1789817256.581,1789817256.585,1789817256.585,1789817256.598,34.93
2026-09-19 16:57:36.683,onvif-e9b03eab-61a3-46bd-9f42-888fd59ddbc4,1789817256.668,1789817256.670,1789817256.673,1789817256.677,1789817256.677,1789817256.683,15.27
2026-09-19 16:57:36.771,onvif-e9b03eab-61a3-46bd-9f42-888fd59ddbc4,1789817256.742,1789817256.752,1789817256.758,1789817256.764,1789817256.764,1789817256.771,29.09
2026-09-19 16:57:36.869,onvif-e9b03eab-61a3-46bd-9f42-888fd59ddbc4,1789817256.847,1789817256.850,1789817256.854,1789817256.856,1789817256.856,1789817256.869,22.25
2026-09-19 16:57:36.933,onvif-e9b03eab-61a3-46bd-9f42-888fd59ddbc4,1789817256.914,1789817256.917,1789817256.922,1789817256.926,1789817256.926,1789817256.934,20.16
2026-09-19 16:57:37.015,onvif-e9b03eab-61a3-46bd-9f42-888fd59ddbc4,1789817256.997,1789817257.000,1789817257.004,1789817257.009,1789817257.009,1789817257.015,17.90
2026-09-19 16:57:37.101,onvif-e9b03eab-61a3-46bd-9f42-888fd59ddbc4,1789817257.078,1789817257.082,1789817257.085,1789817257.089,1789817257.089,1789817257.101,23.51
2026-09-19 16:57:37.190,onvif-e9b03eab-61a3-46bd-9f42-888fd59ddbc4,1789817257.173,1789817257.174,1789817257.177,1789817257.181,1789817257.182,1789817257.191,17.13
2026-09-19 16:57:37.265,onvif-e9b03eab-61a3-46bd-9f42-888fd59ddbc4,1789817257.242,1789817257.246,1789817257.251,1789817257.257,1789817257.257,1789817257.266,23.92
2026-09-19 16:57:37.358,onvif-e9b03eab-61a3-46bd-9f42-888fd59ddbc4,1789817257.341,1789817257.344,1789817257.347,1789817257.349,1789817257.349,1789817257.359,17.46
2026-09-19 16:57:37.432,onvif-e9b03eab-61a3-46bd-9f42-888fd59ddbc4,1789817257.411,1789817257.416,1789817257.419,1789817257.426,1789817257.426,1789817257.433,21.20
2026-09-19 16:57:37.524,onvif-e9b03eab-61a3-46bd-9f42-888fd59ddbc4,1789817257.508,1789817257.509,1789817257.512,1789817257.518,1789817257.518,1789817257.525,16.50
2026-09-19 16:57:37.616,onvif-e9b03eab-61a3-46bd-9f42-888fd59ddbc4,1789817257.594,1789817257.596,1789817257.600,1789817257.604,1789817257.604,1789817257.616,21.87
2026-09-19 16:57:37.690,onvif-e9b03eab-61a3-46bd-9f42-888fd59ddbc4,1789817257.675,1789817257.676,1789817257.680,1789817257.684,1789817257.684,1789817257.690,15.64
2026-09-19 16:57:37.765,onvif-e9b03eab-61a3-46bd-9f42-888fd59ddbc4,1789817257.716,1789817257.743,1789817257.748,1789817257.755,1789817257.755,1789817257.766,49.87
2026-09-19 16:57:37.829,onvif-e9b03eab-61a3-46bd-9f42-888fd59ddbc4,1789817257.780,1789817257.810,1789817257.814,1789817257.820,1789817257.820,1789817257.830,49.97
2026-09-19 16:57:37.902,onvif-e9b03eab-61a3-46bd-9f42-888fd59ddbc4,1789817257.882,1789817257.887,1789817257.890,1789817257.896,1789817257.896,1789817257.903,20.33
2026-09-19 16:57:37.976,onvif-e9b03eab-61a3-46bd-9f42-888fd59ddbc4,1789817257.955,1789817257.959,1789817257.965,1789817257.967,1789817257.967,1789817257.977,21.33
2026-09-19 16:57:38.027,onvif-e9b03eab-61a3-46bd-9f42-888fd59ddbc4,1789817258.013,1789817258.013,1789817258.016,1789817258.021,1789817258.021,1789817258.027,14.50
2026-09-19 16:57:38.104,onvif-e9b03eab-61a3-46bd-9f42-888fd59ddbc4,1789817258.079,1789817258.085,1789817258.090,1789817258.096,1789817258.097,1789817258.105,25.17
2026-09-19 16:57:38.197,onvif-e9b03eab-61a3-46bd-9f42-888fd59ddbc4,1789817258.182,1789817258.184,1789817258.187,1789817258.188,1789817258.188,1789817258.197,15.08
2026-09-19 16:57:38.285,onvif-e9b03eab-61a3-46bd-9f42-888fd59ddbc4,1789817258.266,1789817258.266,1789817258.270,1789817258.276,1789817258.276,1789817258.285,19.52
2026-09-19 16:57:38.369,onvif-e9b03eab-61a3-46bd-9f42-888fd59ddbc4,1789817258.349,1789817258.354,1789817258.358,1789817258.363,1789817258.363,1789817258.370,20.77
2026-09-19 16:57:38.443,onvif-e9b03eab-61a3-46bd-9f42-888fd59ddbc4,1789817258.420,1789817258.426,1789817258.429,1789817258.434,1789817258.434,1789817258.444,24.25
2026-09-19 16:57:38.583,onvif-e9b03eab-61a3-46bd-9f42-888fd59ddbc4,1789817258.562,1789817258.565,1789817258.568,1789817258.573,1789817258.573,1789817258.584,21.44
2026-09-19 16:57:38.655,onvif-e9b03eab-61a3-46bd-9f42-888fd59ddbc4,1789817258.634,1789817258.642,1789817258.646,1789817258.648,1789817258.648,1789817258.655,20.65
2026-09-19 16:57:38.721,onvif-e9b03eab-61a3-46bd-9f42-888fd59ddbc4,1789817258.697,1789817258.702,1789817258.705,1789817258.712,1789817258.712,1789817258.722,24.27
2026-09-19 16:57:38.789,onvif-e9b03eab-61a3-46bd-9f42-888fd59ddbc4,1789817258.769,1789817258.774,1789817258.778,1789817258.782,1789817258.782,1789817258.789,20.32
2026-09-19 16:57:38.871,onvif-e9b03eab-61a3-46bd-9f42-888fd59ddbc4,1789817258.855,1789817258.856,1789817258.860,1789817258.864,1789817258.864,1789817258.872,16.93
2026-09-19 16:57:38.962,onvif-e9b03eab-61a3-46bd-9f42-888fd59ddbc4,1789817258.940,1789817258.943,1789817258.947,1789817258.950,1789817258.950,1789817258.963,22.85
2026-09-19 16:57:39.021,onvif-e9b03eab-61a3-46bd-9f42-888fd59ddbc4,1789817259.009,1789817259.010,1789817259.014,1789817259.016,1789817259.016,1789817259.022,12.95
2026-09-19 16:57:39.102,onvif-e9b03eab-61a3-46bd-9f42-888fd59ddbc4,1789817259.069,1789817259.082,1789817259.088,1789817259.091,1789817259.091,1789817259.102,33.43
2026-09-19 16:57:39.194,onvif-e9b03eab-61a3-46bd-9f42-888fd59ddbc4,1789817259.173,1789817259.175,1789817259.179,1789817259.184,1789817259.184,1789817259.194,21.63
2026-09-19 16:57:39.270,onvif-e9b03eab-61a3-46bd-9f42-888fd59ddbc4,1789817259.242,1789817259.252,1789817259.257,1789817259.261,1789817259.261,1789817259.271,28.44
2026-09-19 16:57:39.364,onvif-e9b03eab-61a3-46bd-9f42-888fd59ddbc4,1789817259.345,1789817259.350,1789817259.354,1789817259.358,1789817259.358,1789817259.365,19.41
2026-09-19 16:57:39.453,onvif-e9b03eab-61a3-46bd-9f42-888fd59ddbc4,1789817259.435,1789817259.438,1789817259.442,1789817259.445,1789817259.445,1789817259.454,18.92
2026-09-19 16:57:39.526,onvif-e9b03eab-61a3-46bd-9f42-888fd59ddbc4,1789817259.504,1789817259.507,1789817259.510,1789817259.515,1789817259.515,1789817259.527,22.64
2026-09-19 16:57:39.593,onvif-e9b03eab-61a3-46bd-9f42-888fd59ddbc4,1789817259.577,1789817259.579,1789817259.583,1789817259.586,1789817259.586,1789817259.594,16.95
2026-09-19 16:57:39.689,onvif-e9b03eab-61a3-46bd-9f42-888fd59ddbc4,1789817259.672,1789817259.677,1789817259.680,1789817259.683,1789817259.683,1789817259.690,17.67
2026-09-19 16:57:39.758,onvif-e9b03eab-61a3-46bd-9f42-888fd59ddbc4,1789817259.738,1789817259.744,1789817259.747,1789817259.749,1789817259.749,1789817259.759,20.99
2026-09-19 16:57:39.872,onvif-e9b03eab-61a3-46bd-9f42-888fd59ddbc4,1789817259.847,1789817259.852,1789817259.856,1789817259.861,1789817259.861,1789817259.873,25.89
2026-09-19 16:57:39.933,onvif-e9b03eab-61a3-46bd-9f42-888fd59ddbc4,1789817259.902,1789817259.919,1789817259.922,1789817259.927,1789817259.927,1789817259.934,31.99
2026-09-19 16:57:40.026,onvif-e9b03eab-61a3-46bd-9f42-888fd59ddbc4,1789817260.007,1789817260.012,1789817260.016,1789817260.018,1789817260.018,1789817260.026,19.53
2026-09-19 16:57:40.107,onvif-e9b03eab-61a3-46bd-9f42-888fd59ddbc4,1789817260.085,1789817260.089,1789817260.092,1789817260.094,1789817260.094,1789817260.108,22.72
2026-09-19 16:57:40.190,onvif-e9b03eab-61a3-46bd-9f42-888fd59ddbc4,1789817260.175,1789817260.176,1789817260.179,1789817260.185,1789817260.185,1789817260.191,15.93
2026-09-19 16:57:40.263,onvif-e9b03eab-61a3-46bd-9f42-888fd59ddbc4,1789817260.241,1789817260.243,1789817260.250,1789817260.255,1789817260.256,1789817260.264,22.60
2026-09-19 16:57:40.370,onvif-e9b03eab-61a3-46bd-9f42-888fd59ddbc4,1789817260.352,1789817260.352,1789817260.355,1789817260.357,1789817260.358,1789817260.371,18.91
2026-09-19 16:57:40.434,onvif-e9b03eab-61a3-46bd-9f42-888fd59ddbc4,1789817260.405,1789817260.419,1789817260.423,1789817260.428,1789817260.428,1789817260.434,29.43
2026-09-19 16:57:40.522,onvif-e9b03eab-61a3-46bd-9f42-888fd59ddbc4,1789817260.504,1789817260.506,1789817260.510,1789817260.514,1789817260.514,1789817260.522,17.81
2026-09-19 16:57:40.607,onvif-e9b03eab-61a3-46bd-9f42-888fd59ddbc4,1789817260.587,1789817260.589,1789817260.593,1789817260.595,1789817260.595,1789817260.608,20.85
2026-09-19 16:57:40.707,onvif-e9b03eab-61a3-46bd-9f42-888fd59ddbc4,1789817260.691,1789817260.692,1789817260.696,1789817260.697,1789817260.697,1789817260.708,16.84
2026-09-19 16:57:40.774,onvif-e9b03eab-61a3-46bd-9f42-888fd59ddbc4,1789817260.755,1789817260.759,1789817260.764,1789817260.768,1789817260.768,1789817260.775,20.13
2026-09-19 16:57:40.871,onvif-e9b03eab-61a3-46bd-9f42-888fd59ddbc4,1789817260.853,1789817260.857,1789817260.861,1789817260.865,1789817260.865,1789817260.871,18.42
2026-09-19 16:57:40.945,onvif-e9b03eab-61a3-46bd-9f42-888fd59ddbc4,1789817260.921,1789817260.929,1789817260.934,1789817260.936,1789817260.936,1789817260.945,23.86
2026-09-19 16:57:41.027,onvif-e9b03eab-61a3-46bd-9f42-888fd59ddbc4,1789817261.009,1789817261.012,1789817261.015,1789817261.017,1789817261.017,1789817261.028,18.82
2026-09-19 16:57:41.079,onvif-e9b03eab-61a3-46bd-9f42-888fd59ddbc4,1789817261.056,1789817261.061,1789817261.065,1789817261.071,1789817261.071,1789817261.079,23.39
2026-09-19 16:57:41.147,onvif-e9b03eab-61a3-46bd-9f42-888fd59ddbc4,1789817261.122,1789817261.127,1789817261.132,1789817261.137,1789817261.137,1789817261.147,24.81
2026-09-19 16:57:41.223,onvif-e9b03eab-61a3-46bd-9f42-888fd59ddbc4,1789817261.202,1789817261.207,1789817261.210,1789817261.216,1789817261.216,1789817261.224,21.80
2026-09-19 16:57:41.293,onvif-e9b03eab-61a3-46bd-9f42-888fd59ddbc4,1789817261.252,1789817261.274,1789817261.280,1789817261.282,1789817261.282,1789817261.294,41.96
2026-09-19 16:57:41.384,onvif-e9b03eab-61a3-46bd-9f42-888fd59ddbc4,1789817261.363,1789817261.367,1789817261.370,1789817261.374,1789817261.374,1789817261.384,21.49
2026-09-19 16:57:41.461,onvif-e9b03eab-61a3-46bd-9f42-888fd59ddbc4,1789817261.449,1789817261.449,1789817261.452,1789817261.455,1789817261.455,1789817261.462,13.23
2026-09-19 16:57:41.540,onvif-e9b03eab-61a3-46bd-9f42-888fd59ddbc4,1789817261.514,1789817261.521,1789817261.527,1789817261.531,1789817261.531,1789817261.541,26.17
2026-09-19 16:57:41.616,onvif-e9b03eab-61a3-46bd-9f42-888fd59ddbc4,1789817261.597,1789817261.598,1789817261.602,1789817261.606,1789817261.606,1789817261.617,20.25
2026-09-19 16:57:41.741,onvif-e9b03eab-61a3-46bd-9f42-888fd59ddbc4,1789817261.720,1789817261.723,1789817261.727,1789817261.730,1789817261.730,1789817261.741,21.77
2026-09-19 16:57:41.803,onvif-e9b03eab-61a3-46bd-9f42-888fd59ddbc4,1789817261.760,1789817261.790,1789817261.793,1789817261.796,1789817261.796,1789817261.803,43.10
2026-09-19 16:57:41.859,onvif-e9b03eab-61a3-46bd-9f42-888fd59ddbc4,1789817261.843,1789817261.844,1789817261.847,1789817261.849,1789817261.849,1789817261.859,16.25
2026-09-19 16:57:41.927,onvif-e9b03eab-61a3-46bd-9f42-888fd59ddbc4,1789817261.908,1789817261.911,1789817261.915,1789817261.919,1789817261.919,1789817261.927,19.23
2026-09-19 16:57:42.013,onvif-e9b03eab-61a3-46bd-9f42-888fd59ddbc4,1789817261.997,1789817261.998,1789817262.002,1789817262.006,1789817262.006,1789817262.013,16.19
2026-09-19 16:57:42.100,onvif-e9b03eab-61a3-46bd-9f42-888fd59ddbc4,1789817262.081,1789817262.086,1789817262.089,1789817262.092,1789817262.092,1789817262.101,19.82
2026-09-19 16:57:42.154,onvif-e9b03eab-61a3-46bd-9f42-888fd59ddbc4,1789817262.130,1789817262.135,1789817262.139,1789817262.146,1789817262.146,1789817262.154,24.35
2026-09-19 16:57:42.212,onvif-e9b03eab-61a3-46bd-9f42-888fd59ddbc4,1789817262.192,1789817262.194,1789817262.198,1789817262.200,1789817262.200,1789817262.212,20.36
2026-09-19 16:57:42.274,onvif-e9b03eab-61a3-46bd-9f42-888fd59ddbc4,1789817262.244,1789817262.260,1789817262.264,1789817262.266,1789817262.266,1789817262.275,30.67
2026-09-19 16:57:42.349,onvif-e9b03eab-61a3-46bd-9f42-888fd59ddbc4,1789817262.332,1789817262.333,1789817262.339,1789817262.341,1789817262.341,1789817262.349,17.85
2026-09-19 16:57:42.401,onvif-e9b03eab-61a3-46bd-9f42-888fd59ddbc4,1789817262.385,1789817262.387,1789817262.390,1789817262.396,1789817262.396,1789817262.402,16.70
2026-09-19 16:57:42.470,onvif-e9b03eab-61a3-46bd-9f42-888fd59ddbc4,1789817262.447,1789817262.453,1789817262.459,1789817262.461,1789817262.461,1789817262.470,23.52
2026-09-19 16:57:42.530,onvif-e9b03eab-61a3-46bd-9f42-888fd59ddbc4,1789817262.513,1789817262.518,1789817262.521,1789817262.525,1789817262.525,1789817262.531,17.79
2026-09-19 16:57:42.605,onvif-e9b03eab-61a3-46bd-9f42-888fd59ddbc4,1789817262.582,1789817262.585,1789817262.590,1789817262.596,1789817262.596,1789817262.605,22.81
2026-09-19 16:57:42.694,onvif-e9b03eab-61a3-46bd-9f42-888fd59ddbc4,1789817262.671,1789817262.673,1789817262.676,1789817262.682,1789817262.682,1789817262.694,23.72
2026-09-19 16:57:42.764,onvif-e9b03eab-61a3-46bd-9f42-888fd59ddbc4,1789817262.749,1789817262.750,1789817262.754,1789817262.758,1789817262.758,1789817262.765,15.64
2026-09-19 16:57:42.856,onvif-e9b03eab-61a3-46bd-9f42-888fd59ddbc4,1789817262.842,1789817262.843,1789817262.846,1789817262.849,1789817262.849,1789817262.857,14.37
2026-09-19 16:57:42.932,onvif-e9b03eab-61a3-46bd-9f42-888fd59ddbc4,1789817262.912,1789817262.915,1789817262.918,1789817262.920,1789817262.920,1789817262.932,20.20
2026-09-19 16:57:43.032,onvif-e9b03eab-61a3-46bd-9f42-888fd59ddbc4,1789817263.013,1789817263.018,1789817263.022,1789817263.023,1789817263.024,1789817263.033,19.78
2026-09-19 16:57:43.100,onvif-e9b03eab-61a3-46bd-9f42-888fd59ddbc4,1789817263.067,1789817263.084,1789817263.088,1789817263.094,1789817263.094,1789817263.101,33.84
2026-09-19 16:57:43.187,onvif-e9b03eab-61a3-46bd-9f42-888fd59ddbc4,1789817263.171,1789817263.172,1789817263.176,1789817263.181,1789817263.181,1789817263.188,16.68
2026-09-19 16:57:43.269,onvif-e9b03eab-61a3-46bd-9f42-888fd59ddbc4,1789817263.239,1789817263.249,1789817263.253,1789817263.257,1789817263.257,1789817263.269,29.92
2026-09-19 16:57:43.349,onvif-e9b03eab-61a3-46bd-9f42-888fd59ddbc4,1789817263.333,1789817263.337,1789817263.341,1789817263.344,1789817263.344,1789817263.350,16.23
2026-09-19 16:57:43.428,onvif-e9b03eab-61a3-46bd-9f42-888fd59ddbc4,1789817263.412,1789817263.414,1789817263.419,1789817263.420,1789817263.420,1789817263.429,16.51
2026-09-19 16:57:43.532,onvif-e9b03eab-61a3-46bd-9f42-888fd59ddbc4,1789817263.507,1789817263.512,1789817263.516,1789817263.522,1789817263.522,1789817263.533,26.10
2026-09-19 16:57:43.595,onvif-e9b03eab-61a3-46bd-9f42-888fd59ddbc4,1789817263.564,1789817263.579,1789817263.583,1789817263.587,1789817263.587,1789817263.595,31.38
2026-09-19 16:57:43.690,onvif-e9b03eab-61a3-46bd-9f42-888fd59ddbc4,1789817263.672,1789817263.677,1789817263.681,1789817263.684,1789817263.684,1789817263.691,19.06
2026-09-19 16:57:43.763,onvif-e9b03eab-61a3-46bd-9f42-888fd59ddbc4,1789817263.740,1789817263.744,1789817263.747,1789817263.749,1789817263.749,1789817263.764,24.04
2026-09-19 16:57:43.864,onvif-e9b03eab-61a3-46bd-9f42-888fd59ddbc4,1789817263.845,1789817263.846,1789817263.850,1789817263.852,1789817263.852,1789817263.865,19.48
2026-09-19 16:57:43.930,onvif-e9b03eab-61a3-46bd-9f42-888fd59ddbc4,1789817263.903,1789817263.914,1789817263.917,1789817263.923,1789817263.923,1789817263.931,27.54
2026-09-19 16:57:44.020,onvif-e9b03eab-61a3-46bd-9f42-888fd59ddbc4,1789817264.005,1789817264.006,1789817264.010,1789817264.013,1789817264.014,1789817264.021,15.22
2026-09-19 16:57:44.109,onvif-e9b03eab-61a3-46bd-9f42-888fd59ddbc4,1789817264.080,1789817264.089,1789817264.095,1789817264.099,1789817264.099,1789817264.109,29.84
2026-09-19 16:57:44.199,onvif-e9b03eab-61a3-46bd-9f42-888fd59ddbc4,1789817264.180,1789817264.181,1789817264.185,1789817264.186,1789817264.186,1789817264.199,18.98
2026-09-19 16:57:44.267,onvif-e9b03eab-61a3-46bd-9f42-888fd59ddbc4,1789817264.249,1789817264.253,1789817264.258,1789817264.261,1789817264.261,1789817264.268,19.24
2026-09-19 16:57:44.360,onvif-e9b03eab-61a3-46bd-9f42-888fd59ddbc4,1789817264.344,1789817264.346,1789817264.350,1789817264.354,1789817264.354,1789817264.361,16.27
2026-09-19 16:57:44.427,onvif-e9b03eab-61a3-46bd-9f42-888fd59ddbc4,1789817264.401,1789817264.413,1789817264.416,1789817264.419,1789817264.419,1789817264.428,26.58
2026-09-19 16:57:44.523,onvif-e9b03eab-61a3-46bd-9f42-888fd59ddbc4,1789817264.506,1789817264.511,1789817264.514,1789817264.517,1789817264.518,1789817264.524,17.23
2026-09-19 16:57:44.597,onvif-e9b03eab-61a3-46bd-9f42-888fd59ddbc4,1789817264.573,1789817264.578,1789817264.583,1789817264.588,1789817264.588,1789817264.597,23.74
2026-09-19 16:57:44.702,onvif-e9b03eab-61a3-46bd-9f42-888fd59ddbc4,1789817264.678,1789817264.682,1789817264.685,1789817264.691,1789817264.691,1789817264.702,24.65
2026-09-19 16:57:44.768,onvif-e9b03eab-61a3-46bd-9f42-888fd59ddbc4,1789817264.752,1789817264.754,1789817264.757,1789817264.761,1789817264.762,1789817264.769,16.54
2026-09-19 16:57:44.855,onvif-e9b03eab-61a3-46bd-9f42-888fd59ddbc4,1789817264.840,1789817264.841,1789817264.845,1789817264.849,1789817264.849,1789817264.855,14.79
2026-09-19 16:57:44.922,onvif-e9b03eab-61a3-46bd-9f42-888fd59ddbc4,1789817264.906,1789817264.908,1789817264.912,1789817264.914,1789817264.914,1789817264.922,16.14
2026-09-19 16:57:45.017,onvif-e9b03eab-61a3-46bd-9f42-888fd59ddbc4,1789817265.004,1789817265.006,1789817265.009,1789817265.011,1789817265.011,1789817265.018,14.17
2026-09-19 16:57:45.091,onvif-e9b03eab-61a3-46bd-9f42-888fd59ddbc4,1789817265.072,1789817265.073,1789817265.078,1789817265.081,1789817265.081,1789817265.092,20.42
2026-09-19 16:57:45.209,onvif-e9b03eab-61a3-46bd-9f42-888fd59ddbc4,1789817265.186,1789817265.192,1789817265.195,1789817265.199,1789817265.199,1789817265.210,23.65
2026-09-19 16:57:45.272,onvif-e9b03eab-61a3-46bd-9f42-888fd59ddbc4,1789817265.234,1789817265.259,1789817265.263,1789817265.264,1789817265.264,1789817265.272,38.38
2026-09-19 16:57:45.363,onvif-e9b03eab-61a3-46bd-9f42-888fd59ddbc4,1789817265.341,1789817265.346,1789817265.350,1789817265.356,1789817265.357,1789817265.364,22.69
2026-09-19 16:57:45.433,onvif-e9b03eab-61a3-46bd-9f42-888fd59ddbc4,1789817265.407,1789817265.413,1789817265.417,1789817265.422,1789817265.422,1789817265.434,26.64
2026-09-19 16:57:45.539,onvif-e9b03eab-61a3-46bd-9f42-888fd59ddbc4,1789817265.518,1789817265.521,1789817265.525,1789817265.529,1789817265.529,1789817265.539,21.16
2026-09-19 16:57:45.613,onvif-e9b03eab-61a3-46bd-9f42-888fd59ddbc4,1789817265.593,1789817265.595,1789817265.599,1789817265.604,1789817265.604,1789817265.614,21.27
2026-09-19 16:57:45.694,onvif-e9b03eab-61a3-46bd-9f42-888fd59ddbc4,1789817265.675,1789817265.678,1789817265.682,1789817265.686,1789817265.686,1789817265.694,19.14
2026-09-19 16:57:45.774,onvif-e9b03eab-61a3-46bd-9f42-888fd59ddbc4,1789817265.748,1789817265.755,1789817265.759,1789817265.762,1789817265.762,1789817265.775,27.02
2026-09-19 16:57:45.877,onvif-e9b03eab-61a3-46bd-9f42-888fd59ddbc4,1789817265.853,1789817265.858,1789817265.861,1789817265.864,1789817265.864,1789817265.878,24.33
2026-09-19 16:57:45.936,onvif-e9b03eab-61a3-46bd-9f42-888fd59ddbc4,1789817265.908,1789817265.925,1789817265.928,1789817265.930,1789817265.930,1789817265.937,29.01
2026-09-19 16:57:46.027,onvif-e9b03eab-61a3-46bd-9f42-888fd59ddbc4,1789817266.009,1789817266.012,1789817266.017,1789817266.021,1789817266.021,1789817266.028,19.37
2026-09-19 16:57:46.104,onvif-e9b03eab-61a3-46bd-9f42-888fd59ddbc4,1789817266.080,1789817266.084,1789817266.088,1789817266.092,1789817266.092,1789817266.105,24.44
2026-09-19 16:57:46.200,onvif-e9b03eab-61a3-46bd-9f42-888fd59ddbc4,1789817266.179,1789817266.182,1789817266.185,1789817266.190,1789817266.191,1789817266.201,22.12
2026-09-19 16:57:46.274,onvif-e9b03eab-61a3-46bd-9f42-888fd59ddbc4,1789817266.239,1789817266.254,1789817266.260,1789817266.262,1789817266.262,1789817266.274,34.76
2026-09-19 16:57:46.359,onvif-e9b03eab-61a3-46bd-9f42-888fd59ddbc4,1789817266.341,1789817266.342,1789817266.346,1789817266.348,1789817266.348,1789817266.360,18.94
2026-09-19 16:57:46.430,onvif-e9b03eab-61a3-46bd-9f42-888fd59ddbc4,1789817266.404,1789817266.414,1789817266.417,1789817266.424,1789817266.424,1789817266.431,26.87
2026-09-19 16:57:46.527,onvif-e9b03eab-61a3-46bd-9f42-888fd59ddbc4,1789817266.508,1789817266.511,1789817266.515,1789817266.522,1789817266.522,1789817266.527,19.00
2026-09-19 16:57:46.595,onvif-e9b03eab-61a3-46bd-9f42-888fd59ddbc4,1789817266.576,1789817266.578,1789817266.581,1789817266.587,1789817266.587,1789817266.596,19.47
2026-09-19 16:57:46.692,onvif-e9b03eab-61a3-46bd-9f42-888fd59ddbc4,1789817266.676,1789817266.676,1789817266.679,1789817266.684,1789817266.684,1789817266.693,16.96
2026-09-19 16:57:46.764,onvif-e9b03eab-61a3-46bd-9f42-888fd59ddbc4,1789817266.733,1789817266.743,1789817266.749,1789817266.755,1789817266.755,1789817266.765,31.95
2026-09-19 16:57:46.864,onvif-e9b03eab-61a3-46bd-9f42-888fd59ddbc4,1789817266.842,1789817266.846,1789817266.849,1789817266.852,1789817266.852,1789817266.865,23.06
2026-09-19 16:57:46.929,onvif-e9b03eab-61a3-46bd-9f42-888fd59ddbc4,1789817266.907,1789817266.913,1789817266.917,1789817266.923,1789817266.924,1789817266.930,22.96
2026-09-19 16:57:47.021,onvif-e9b03eab-61a3-46bd-9f42-888fd59ddbc4,1789817267.005,1789817267.006,1789817267.009,1789817267.015,1789817267.015,1789817267.022,16.75
2026-09-19 16:57:47.101,onvif-e9b03eab-61a3-46bd-9f42-888fd59ddbc4,1789817267.080,1789817267.083,1789817267.086,1789817267.091,1789817267.091,1789817267.102,22.09
2026-09-19 16:57:47.193,onvif-e9b03eab-61a3-46bd-9f42-888fd59ddbc4,1789817267.177,1789817267.181,1789817267.185,1789817267.188,1789817267.188,1789817267.193,16.28
2026-09-19 16:57:47.269,onvif-e9b03eab-61a3-46bd-9f42-888fd59ddbc4,1789817267.237,1789817267.248,1789817267.253,1789817267.259,1789817267.259,1789817267.270,32.72
2026-09-19 16:57:47.365,onvif-e9b03eab-61a3-46bd-9f42-888fd59ddbc4,1789817267.342,1789817267.346,1789817267.350,1789817267.356,1789817267.356,1789817267.366,24.08
2026-09-19 16:57:47.429,onvif-e9b03eab-61a3-46bd-9f42-888fd59ddbc4,1789817267.412,1789817267.413,1789817267.417,1789817267.422,1789817267.423,1789817267.430,17.39
2026-09-19 16:57:47.525,onvif-e9b03eab-61a3-46bd-9f42-888fd59ddbc4,1789817267.508,1789817267.511,1789817267.514,1789817267.519,1789817267.519,1789817267.526,17.32
2026-09-19 16:57:47.595,onvif-e9b03eab-61a3-46bd-9f42-888fd59ddbc4,1789817267.577,1789817267.578,1789817267.581,1789817267.584,1789817267.584,1789817267.596,19.07
2026-09-19 16:57:47.677,onvif-e9b03eab-61a3-46bd-9f42-888fd59ddbc4,1789817267.665,1789817267.665,1789817267.668,1789817267.670,1789817267.670,1789817267.678,12.60
2026-09-19 16:57:47.753,onvif-e9b03eab-61a3-46bd-9f42-888fd59ddbc4,1789817267.733,1789817267.737,1789817267.742,1789817267.746,1789817267.746,1789817267.754,20.75
2026-09-19 16:57:47.870,onvif-e9b03eab-61a3-46bd-9f42-888fd59ddbc4,1789817267.847,1789817267.850,1789817267.853,1789817267.859,1789817267.859,1789817267.870,23.17
2026-09-19 16:57:47.938,onvif-e9b03eab-61a3-46bd-9f42-888fd59ddbc4,1789817267.922,1789817267.922,1789817267.925,1789817267.930,1789817267.931,1789817267.938,16.34
2026-09-19 16:57:48.000,onvif-e9b03eab-61a3-46bd-9f42-888fd59ddbc4,1789817267.978,1789817267.981,1789817267.985,1789817267.989,1789817267.990,1789817268.001,22.37
2026-09-19 16:57:48.063,onvif-e9b03eab-61a3-46bd-9f42-888fd59ddbc4,1789817268.042,1789817268.048,1789817268.052,1789817268.055,1789817268.055,1789817268.063,21.06
2026-09-19 16:57:48.129,onvif-e9b03eab-61a3-46bd-9f42-888fd59ddbc4,1789817268.112,1789817268.115,1789817268.119,1789817268.120,1789817268.120,1789817268.130,17.36
2026-09-19 16:57:48.194,onvif-e9b03eab-61a3-46bd-9f42-888fd59ddbc4,1789817268.173,1789817268.174,1789817268.178,1789817268.185,1789817268.185,1789817268.194,21.15
2026-09-19 16:57:48.266,onvif-e9b03eab-61a3-46bd-9f42-888fd59ddbc4,1789817268.244,1789817268.246,1789817268.250,1789817268.255,1789817268.255,1789817268.267,22.50
2026-09-19 16:57:48.347,onvif-e9b03eab-61a3-46bd-9f42-888fd59ddbc4,1789817268.331,1789817268.334,1789817268.338,1789817268.342,1789817268.342,1789817268.348,16.84
2026-09-19 16:57:48.422,onvif-e9b03eab-61a3-46bd-9f42-888fd59ddbc4,1789817268.402,1789817268.406,1789817268.411,1789817268.412,1789817268.412,1789817268.422,20.66
2026-09-19 16:57:48.477,onvif-e9b03eab-61a3-46bd-9f42-888fd59ddbc4,1789817268.461,1789817268.465,1789817268.468,1789817268.471,1789817268.471,1789817268.477,16.45
2026-09-19 16:57:48.566,onvif-e9b03eab-61a3-46bd-9f42-888fd59ddbc4,1789817268.543,1789817268.548,1789817268.552,1789817268.558,1789817268.559,1789817268.566,22.83
2026-09-19 16:57:48.634,onvif-e9b03eab-61a3-46bd-9f42-888fd59ddbc4,1789817268.614,1789817268.615,1789817268.618,1789817268.624,1789817268.624,1789817268.634,19.88
2026-09-19 16:57:48.696,onvif-e9b03eab-61a3-46bd-9f42-888fd59ddbc4,1789817268.677,1789817268.679,1789817268.683,1789817268.688,1789817268.688,1789817268.696,19.50
2026-09-19 16:57:48.765,onvif-e9b03eab-61a3-46bd-9f42-888fd59ddbc4,1789817268.738,1789817268.746,1789817268.749,1789817268.754,1789817268.754,1789817268.766,27.50
2026-09-19 16:57:48.867,onvif-e9b03eab-61a3-46bd-9f42-888fd59ddbc4,1789817268.847,1789817268.849,1789817268.851,1789817268.856,1789817268.856,1789817268.867,20.45
2026-09-19 16:57:48.933,onvif-e9b03eab-61a3-46bd-9f42-888fd59ddbc4,1789817268.910,1789817268.921,1789817268.925,1789817268.926,1789817268.926,1789817268.933,23.33
2026-09-19 16:57:48.997,onvif-e9b03eab-61a3-46bd-9f42-888fd59ddbc4,1789817268.971,1789817268.975,1789817268.979,1789817268.984,1789817268.984,1789817268.998,26.39
2026-09-19 16:57:49.063,onvif-e9b03eab-61a3-46bd-9f42-888fd59ddbc4,1789817269.030,1789817269.047,1789817269.051,1789817269.055,1789817269.056,1789817269.064,33.77
2026-09-19 16:57:49.136,onvif-e9b03eab-61a3-46bd-9f42-888fd59ddbc4,1789817269.110,1789817269.119,1789817269.123,1789817269.125,1789817269.126,1789817269.137,26.14
2026-09-19 16:57:49.197,onvif-e9b03eab-61a3-46bd-9f42-888fd59ddbc4,1789817269.178,1789817269.183,1789817269.186,1789817269.189,1789817269.189,1789817269.198,19.63
2026-09-19 16:57:49.268,onvif-e9b03eab-61a3-46bd-9f42-888fd59ddbc4,1789817269.247,1789817269.250,1789817269.256,1789817269.260,1789817269.260,1789817269.269,22.10
2026-09-19 16:57:49.355,onvif-e9b03eab-61a3-46bd-9f42-888fd59ddbc4,1789817269.342,1789817269.343,1789817269.346,1789817269.348,1789817269.348,1789817269.356,13.79
2026-09-19 16:57:49.425,onvif-e9b03eab-61a3-46bd-9f42-888fd59ddbc4,1789817269.407,1789817269.410,1789817269.413,1789817269.418,1789817269.419,1789817269.425,17.94
2026-09-19 16:57:49.527,onvif-e9b03eab-61a3-46bd-9f42-888fd59ddbc4,1789817269.509,1789817269.512,1789817269.516,1789817269.521,1789817269.521,1789817269.528,19.16
2026-09-19 16:57:49.604,onvif-e9b03eab-61a3-46bd-9f42-888fd59ddbc4,1789817269.571,1789817269.584,1789817269.590,1789817269.596,1789817269.596,1789817269.605,33.47
2026-09-19 16:57:49.692,onvif-e9b03eab-61a3-46bd-9f42-888fd59ddbc4,1789817269.669,1789817269.672,1789817269.676,1789817269.682,1789817269.682,1789817269.693,24.11
2026-09-19 16:57:49.774,onvif-e9b03eab-61a3-46bd-9f42-888fd59ddbc4,1789817269.740,1789817269.754,1789817269.758,1789817269.765,1789817269.765,1789817269.774,33.90
2026-09-19 16:57:49.863,onvif-e9b03eab-61a3-46bd-9f42-888fd59ddbc4,1789817269.845,1789817269.847,1789817269.851,1789817269.856,1789817269.856,1789817269.863,18.49
2026-09-19 16:57:49.933,onvif-e9b03eab-61a3-46bd-9f42-888fd59ddbc4,1789817269.905,1789817269.914,1789817269.917,1789817269.921,1789817269.922,1789817269.934,29.03
2026-09-19 16:57:50.019,onvif-e9b03eab-61a3-46bd-9f42-888fd59ddbc4,1789817270.003,1789817270.007,1789817270.010,1789817270.014,1789817270.014,1789817270.020,16.34
2026-09-19 16:57:50.099,onvif-e9b03eab-61a3-46bd-9f42-888fd59ddbc4,1789817270.074,1789817270.079,1789817270.084,1789817270.090,1789817270.090,1789817270.100,25.86
2026-09-19 16:57:50.198,onvif-e9b03eab-61a3-46bd-9f42-888fd59ddbc4,1789817270.177,1789817270.182,1789817270.185,1789817270.187,1789817270.187,1789817270.198,21.00
2026-09-19 16:57:50.266,onvif-e9b03eab-61a3-46bd-9f42-888fd59ddbc4,1789817270.243,1789817270.249,1789817270.253,1789817270.257,1789817270.258,1789817270.266,23.68
2026-09-19 16:57:50.355,onvif-e9b03eab-61a3-46bd-9f42-888fd59ddbc4,1789817270.334,1789817270.336,1789817270.340,1789817270.344,1789817270.344,1789817270.356,22.21
2026-09-19 16:57:50.422,onvif-e9b03eab-61a3-46bd-9f42-888fd59ddbc4,1789817270.406,1789817270.408,1789817270.413,1789817270.415,1789817270.415,1789817270.423,16.76
2026-09-19 16:57:50.532,onvif-e9b03eab-61a3-46bd-9f42-888fd59ddbc4,1789817270.513,1789817270.516,1789817270.520,1789817270.526,1789817270.526,1789817270.532,18.81
2026-09-19 16:57:50.603,onvif-e9b03eab-61a3-46bd-9f42-888fd59ddbc4,1789817270.583,1789817270.583,1789817270.587,1789817270.592,1789817270.592,1789817270.603,20.34
2026-09-19 16:57:50.683,onvif-e9b03eab-61a3-46bd-9f42-888fd59ddbc4,1789817270.670,1789817270.671,1789817270.674,1789817270.678,1789817270.678,1789817270.684,13.46
2026-09-19 16:57:50.757,onvif-e9b03eab-61a3-46bd-9f42-888fd59ddbc4,1789817270.736,1789817270.738,1789817270.744,1789817270.749,1789817270.749,1789817270.758,21.97
2026-09-19 16:57:50.864,onvif-e9b03eab-61a3-46bd-9f42-888fd59ddbc4,1789817270.845,1789817270.846,1789817270.848,1789817270.851,1789817270.851,1789817270.864,18.80
2026-09-19 16:57:50.933,onvif-e9b03eab-61a3-46bd-9f42-888fd59ddbc4,1789817270.910,1789817270.918,1789817270.921,1789817270.927,1789817270.927,1789817270.933,23.13
2026-09-19 16:57:51.045,onvif-e9b03eab-61a3-46bd-9f42-888fd59ddbc4,1789817271.030,1789817271.031,1789817271.034,1789817271.040,1789817271.040,1789817271.046,15.96
2026-09-19 16:57:51.114,onvif-e9b03eab-61a3-46bd-9f42-888fd59ddbc4,1789817271.084,1789817271.098,1789817271.102,1789817271.105,1789817271.105,1789817271.115,30.70
2026-09-19 16:57:51.169,onvif-e9b03eab-61a3-46bd-9f42-888fd59ddbc4,1789817271.154,1789817271.157,1789817271.162,1789817271.163,1789817271.163,1789817271.170,15.93
2026-09-19 16:57:51.257,onvif-e9b03eab-61a3-46bd-9f42-888fd59ddbc4,1789817271.238,1789817271.240,1789817271.244,1789817271.250,1789817271.250,1789817271.257,19.82
2026-09-19 16:57:51.325,onvif-e9b03eab-61a3-46bd-9f42-888fd59ddbc4,1789817271.289,1789817271.306,1789817271.310,1789817271.315,1789817271.315,1789817271.325,36.14
2026-09-19 16:57:51.397,onvif-e9b03eab-61a3-46bd-9f42-888fd59ddbc4,1789817271.383,1789817271.384,1789817271.388,1789817271.391,1789817271.391,1789817271.397,14.85
2026-09-19 16:57:51.472,onvif-e9b03eab-61a3-46bd-9f42-888fd59ddbc4,1789817271.448,1789817271.451,1789817271.456,1789817271.462,1789817271.462,1789817271.472,23.84
2026-09-19 16:57:51.543,onvif-e9b03eab-61a3-46bd-9f42-888fd59ddbc4,1789817271.521,1789817271.525,1789817271.529,1789817271.532,1789817271.532,1789817271.544,22.64
2026-09-19 16:57:51.612,onvif-e9b03eab-61a3-46bd-9f42-888fd59ddbc4,1789817271.579,1789817271.592,1789817271.597,1789817271.603,1789817271.603,1789817271.612,33.02
2026-09-19 16:57:51.716,onvif-e9b03eab-61a3-46bd-9f42-888fd59ddbc4,1789817271.703,1789817271.705,1789817271.708,1789817271.710,1789817271.710,1789817271.716,13.05
2026-09-19 16:57:51.788,onvif-e9b03eab-61a3-46bd-9f42-888fd59ddbc4,1789817271.749,1789817271.772,1789817271.778,1789817271.781,1789817271.781,1789817271.788,39.25
2026-09-19 16:57:51.870,onvif-e9b03eab-61a3-46bd-9f42-888fd59ddbc4,1789817271.850,1789817271.855,1789817271.858,1789817271.862,1789817271.862,1789817271.870,19.77
2026-09-19 16:57:51.947,onvif-e9b03eab-61a3-46bd-9f42-888fd59ddbc4,1789817271.928,1789817271.932,1789817271.936,1789817271.939,1789817271.940,1789817271.947,18.96
2026-09-19 16:57:52.033,onvif-e9b03eab-61a3-46bd-9f42-888fd59ddbc4,1789817272.016,1789817272.019,1789817272.023,1789817272.026,1789817272.026,1789817272.034,17.80
2026-09-19 16:57:52.121,onvif-e9b03eab-61a3-46bd-9f42-888fd59ddbc4,1789817272.105,1789817272.107,1789817272.111,1789817272.113,1789817272.113,1789817272.122,16.63
2026-09-19 16:57:52.200,onvif-e9b03eab-61a3-46bd-9f42-888fd59ddbc4,1789817272.182,1789817272.184,1789817272.188,1789817272.194,1789817272.194,1789817272.200,18.71
2026-09-19 16:57:52.269,onvif-e9b03eab-61a3-46bd-9f42-888fd59ddbc4,1789817272.244,1789817272.251,1789817272.256,1789817272.259,1789817272.260,1789817272.270,26.16
2026-09-19 16:57:52.352,onvif-e9b03eab-61a3-46bd-9f42-888fd59ddbc4,1789817272.332,1789817272.334,1789817272.337,1789817272.341,1789817272.341,1789817272.353,20.77
2026-09-19 16:57:52.402,onvif-e9b03eab-61a3-46bd-9f42-888fd59ddbc4,1789817272.386,1789817272.388,1789817272.392,1789817272.395,1789817272.395,1789817272.403,16.50
2026-09-19 16:57:52.472,onvif-e9b03eab-61a3-46bd-9f42-888fd59ddbc4,1789817272.449,1789817272.455,1789817272.458,1789817272.462,1789817272.462,1789817272.473,23.42
2026-09-19 16:57:52.530,onvif-e9b03eab-61a3-46bd-9f42-888fd59ddbc4,1789817272.512,1789817272.514,1789817272.519,1789817272.522,1789817272.522,1789817272.531,18.39
2026-09-19 16:57:52.605,onvif-e9b03eab-61a3-46bd-9f42-888fd59ddbc4,1789817272.576,1789817272.586,1789817272.589,1789817272.593,1789817272.593,1789817272.606,29.35
2026-09-19 16:57:52.692,onvif-e9b03eab-61a3-46bd-9f42-888fd59ddbc4,1789817272.671,1789817272.674,1789817272.678,1789817272.684,1789817272.684,1789817272.693,22.17
2026-09-19 16:57:52.776,onvif-e9b03eab-61a3-46bd-9f42-888fd59ddbc4,1789817272.746,1789817272.756,1789817272.761,1789817272.765,1789817272.765,1789817272.776,30.62
2026-09-19 16:57:52.862,onvif-e9b03eab-61a3-46bd-9f42-888fd59ddbc4,1789817272.844,1789817272.844,1789817272.847,1789817272.851,1789817272.851,1789817272.863,19.19
2026-09-19 16:57:52.928,onvif-e9b03eab-61a3-46bd-9f42-888fd59ddbc4,1789817272.912,1789817272.916,1789817272.920,1789817272.922,1789817272.922,1789817272.929,16.68
2026-09-19 16:57:53.025,onvif-e9b03eab-61a3-46bd-9f42-888fd59ddbc4,1789817273.008,1789817273.008,1789817273.012,1789817273.019,1789817273.019,1789817273.026,17.73
2026-09-19 16:57:53.094,onvif-e9b03eab-61a3-46bd-9f42-888fd59ddbc4,1789817273.073,1789817273.075,1789817273.079,1789817273.083,1789817273.083,1789817273.094,21.40
2026-09-19 16:57:53.199,onvif-e9b03eab-61a3-46bd-9f42-888fd59ddbc4,1789817273.176,1789817273.178,1789817273.182,1789817273.185,1789817273.185,1789817273.200,23.96
2026-09-19 16:57:53.258,onvif-e9b03eab-61a3-46bd-9f42-888fd59ddbc4,1789817273.239,1789817273.245,1789817273.249,1789817273.251,1789817273.251,1789817273.259,19.46
2026-09-19 16:57:53.360,onvif-e9b03eab-61a3-46bd-9f42-888fd59ddbc4,1789817273.345,1789817273.348,1789817273.352,1789817273.354,1789817273.354,1789817273.361,15.62
2026-09-19 16:57:53.436,onvif-e9b03eab-61a3-46bd-9f42-888fd59ddbc4,1789817273.406,1789817273.415,1789817273.418,1789817273.424,1789817273.424,1789817273.436,29.99
2026-09-19 16:57:53.517,onvif-e9b03eab-61a3-46bd-9f42-888fd59ddbc4,1789817273.501,1789817273.503,1789817273.506,1789817273.510,1789817273.510,1789817273.518,16.56
2026-09-19 16:57:53.605,onvif-e9b03eab-61a3-46bd-9f42-888fd59ddbc4,1789817273.571,1789817273.585,1789817273.590,1789817273.597,1789817273.597,1789817273.606,34.69
2026-09-19 16:57:53.695,onvif-e9b03eab-61a3-46bd-9f42-888fd59ddbc4,1789817273.674,1789817273.678,1789817273.681,1789817273.687,1789817273.687,1789817273.695,21.40
2026-09-19 16:57:53.760,onvif-e9b03eab-61a3-46bd-9f42-888fd59ddbc4,1789817273.740,1789817273.744,1789817273.748,1789817273.753,1789817273.754,1789817273.760,20.35
2026-09-19 16:57:53.862,onvif-e9b03eab-61a3-46bd-9f42-888fd59ddbc4,1789817273.842,1789817273.847,1789817273.851,1789817273.856,1789817273.856,1789817273.863,20.73
2026-09-19 16:57:53.939,onvif-e9b03eab-61a3-46bd-9f42-888fd59ddbc4,1789817273.916,1789817273.920,1789817273.925,1789817273.932,1789817273.932,1789817273.939,23.50
2026-09-19 16:57:54.027,onvif-e9b03eab-61a3-46bd-9f42-888fd59ddbc4,1789817274.010,1789817274.012,1789817274.017,1789817274.019,1789817274.019,1789817274.027,16.95
2026-09-19 16:57:54.100,onvif-e9b03eab-61a3-46bd-9f42-888fd59ddbc4,1789817274.083,1789817274.084,1789817274.088,1789817274.091,1789817274.091,1789817274.100,17.05
2026-09-19 16:57:54.164,onvif-e9b03eab-61a3-46bd-9f42-888fd59ddbc4,1789817274.147,1789817274.149,1789817274.152,1789817274.155,1789817274.155,1789817274.164,17.20
2026-09-19 16:57:54.226,onvif-e9b03eab-61a3-46bd-9f42-888fd59ddbc4,1789817274.212,1789817274.213,1789817274.216,1789817274.219,1789817274.219,1789817274.226,14.28
2026-09-19 16:57:54.302,onvif-e9b03eab-61a3-46bd-9f42-888fd59ddbc4,1789817274.280,1789817274.280,1789817274.284,1789817274.289,1789817274.289,1789817274.302,22.33
2026-09-19 16:57:54.350,onvif-e9b03eab-61a3-46bd-9f42-888fd59ddbc4,1789817274.333,1789817274.334,1789817274.338,1789817274.343,1789817274.343,1789817274.351,17.94
2026-09-19 16:57:54.436,onvif-e9b03eab-61a3-46bd-9f42-888fd59ddbc4,1789817274.420,1789817274.421,1789817274.425,1789817274.429,1789817274.429,1789817274.437,17.38
2026-09-19 16:57:54.523,onvif-e9b03eab-61a3-46bd-9f42-888fd59ddbc4,1789817274.502,1789817274.504,1789817274.507,1789817274.511,1789817274.511,1789817274.523,21.07
2026-09-19 16:57:54.588,onvif-e9b03eab-61a3-46bd-9f42-888fd59ddbc4,1789817274.573,1789817274.576,1789817274.580,1789817274.581,1789817274.581,1789817274.588,14.78
2026-09-19 16:57:54.700,onvif-e9b03eab-61a3-46bd-9f42-888fd59ddbc4,1789817274.684,1789817274.684,1789817274.688,1789817274.694,1789817274.694,1789817274.700,16.21
2026-09-19 16:57:54.771,onvif-e9b03eab-61a3-46bd-9f42-888fd59ddbc4,1789817274.744,1789817274.751,1789817274.755,1789817274.760,1789817274.760,1789817274.771,27.58
2026-09-19 16:57:54.863,onvif-e9b03eab-61a3-46bd-9f42-888fd59ddbc4,1789817274.845,1789817274.849,1789817274.853,1789817274.857,1789817274.857,1789817274.864,18.95
2026-09-19 16:57:54.935,onvif-e9b03eab-61a3-46bd-9f42-888fd59ddbc4,1789817274.902,1789817274.916,1789817274.921,1789817274.923,1789817274.923,1789817274.935,33.44
2026-09-19 16:57:55.030,onvif-e9b03eab-61a3-46bd-9f42-888fd59ddbc4,1789817275.011,1789817275.014,1789817275.018,1789817275.021,1789817275.021,1789817275.031,19.52
2026-09-19 16:57:55.099,onvif-e9b03eab-61a3-46bd-9f42-888fd59ddbc4,1789817275.068,1789817275.081,1789817275.085,1789817275.092,1789817275.092,1789817275.100,31.90
2026-09-19 16:57:55.187,onvif-e9b03eab-61a3-46bd-9f42-888fd59ddbc4,1789817275.166,1789817275.168,1789817275.173,1789817275.179,1789817275.179,1789817275.187,21.58
2026-09-19 16:57:55.300,onvif-e9b03eab-61a3-46bd-9f42-888fd59ddbc4,1789817275.273,1789817275.277,1789817275.282,1789817275.287,1789817275.287,1789817275.300,27.80
2026-09-19 16:57:55.353,onvif-e9b03eab-61a3-46bd-9f42-888fd59ddbc4,1789817275.341,1789817275.341,1789817275.345,1789817275.347,1789817275.347,1789817275.354,12.82
2026-09-19 16:57:55.429,onvif-e9b03eab-61a3-46bd-9f42-888fd59ddbc4,1789817275.381,1789817275.408,1789817275.412,1789817275.418,1789817275.418,1789817275.430,49.07
2026-09-19 16:57:55.522,onvif-e9b03eab-61a3-46bd-9f42-888fd59ddbc4,1789817275.504,1789817275.506,1789817275.509,1789817275.515,1789817275.515,1789817275.523,18.44
2026-09-19 16:57:55.593,onvif-e9b03eab-61a3-46bd-9f42-888fd59ddbc4,1789817275.574,1789817275.578,1789817275.583,1789817275.586,1789817275.586,1789817275.593,19.33
2026-09-19 16:57:55.692,onvif-e9b03eab-61a3-46bd-9f42-888fd59ddbc4,1789817275.674,1789817275.676,1789817275.680,1789817275.683,1789817275.683,1789817275.693,18.44
2026-09-19 16:57:55.763,onvif-e9b03eab-61a3-46bd-9f42-888fd59ddbc4,1789817275.737,1789817275.743,1789817275.748,1789817275.754,1789817275.754,1789817275.763,26.49
2026-09-19 16:57:55.870,onvif-e9b03eab-61a3-46bd-9f42-888fd59ddbc4,1789817275.846,1789817275.851,1789817275.855,1789817275.861,1789817275.861,1789817275.870,24.29
2026-09-19 16:57:55.941,onvif-e9b03eab-61a3-46bd-9f42-888fd59ddbc4,1789817275.905,1789817275.918,1789817275.922,1789817275.928,1789817275.928,1789817275.941,36.32
2026-09-19 16:57:56.024,onvif-e9b03eab-61a3-46bd-9f42-888fd59ddbc4,1789817276.003,1789817276.008,1789817276.013,1789817276.016,1789817276.016,1789817276.024,20.72
2026-09-19 16:57:56.101,onvif-e9b03eab-61a3-46bd-9f42-888fd59ddbc4,1789817276.069,1789817276.080,1789817276.087,1789817276.093,1789817276.093,1789817276.101,32.71
2026-09-19 16:57:56.196,onvif-e9b03eab-61a3-46bd-9f42-888fd59ddbc4,1789817276.177,1789817276.178,1789817276.182,1789817276.184,1789817276.184,1789817276.197,19.65
2026-09-19 16:57:56.267,onvif-e9b03eab-61a3-46bd-9f42-888fd59ddbc4,1789817276.235,1789817276.250,1789817276.254,1789817276.260,1789817276.260,1789817276.267,31.54
2026-09-19 16:57:56.355,onvif-e9b03eab-61a3-46bd-9f42-888fd59ddbc4,1789817276.334,1789817276.338,1789817276.342,1789817276.346,1789817276.346,1789817276.356,22.34
2026-09-19 16:57:56.440,onvif-e9b03eab-61a3-46bd-9f42-888fd59ddbc4,1789817276.418,1789817276.420,1789817276.424,1789817276.428,1789817276.428,1789817276.440,22.61
2026-09-19 16:57:56.515,onvif-e9b03eab-61a3-46bd-9f42-888fd59ddbc4,1789817276.499,1789817276.503,1789817276.508,1789817276.509,1789817276.510,1789817276.516,17.25
2026-09-19 16:57:56.590,onvif-e9b03eab-61a3-46bd-9f42-888fd59ddbc4,1789817276.567,1789817276.570,1789817276.576,1789817276.580,1789817276.580,1789817276.591,23.51
2026-09-19 16:57:56.698,onvif-e9b03eab-61a3-46bd-9f42-888fd59ddbc4,1789817276.675,1789817276.678,1789817276.682,1789817276.687,1789817276.687,1789817276.699,23.36
2026-09-19 16:57:56.768,onvif-e9b03eab-61a3-46bd-9f42-888fd59ddbc4,1789817276.752,1789817276.755,1789817276.759,1789817276.763,1789817276.763,1789817276.769,16.95
2026-09-19 16:57:56.847,onvif-e9b03eab-61a3-46bd-9f42-888fd59ddbc4,1789817276.833,1789817276.833,1789817276.837,1789817276.840,1789817276.840,1789817276.848,14.81
2026-09-19 16:57:56.925,onvif-e9b03eab-61a3-46bd-9f42-888fd59ddbc4,1789817276.895,1789817276.905,1789817276.909,1789817276.911,1789817276.912,1789817276.925,29.81
2026-09-19 16:57:57.026,onvif-e9b03eab-61a3-46bd-9f42-888fd59ddbc4,1789817277.003,1789817277.008,1789817277.011,1789817277.014,1789817277.014,1789817277.027,23.81
2026-09-19 16:57:57.091,onvif-e9b03eab-61a3-46bd-9f42-888fd59ddbc4,1789817277.073,1789817277.075,1789817277.079,1789817277.085,1789817277.085,1789817277.092,19.03
2026-09-19 16:57:57.152,onvif-e9b03eab-61a3-46bd-9f42-888fd59ddbc4,1789817277.133,1789817277.134,1789817277.137,1789817277.139,1789817277.139,1789817277.153,20.31
2026-09-19 16:57:57.214,onvif-e9b03eab-61a3-46bd-9f42-888fd59ddbc4,1789817277.199,1789817277.203,1789817277.207,1789817277.208,1789817277.208,1789817277.215,15.50
2026-09-19 16:57:57.304,onvif-e9b03eab-61a3-46bd-9f42-888fd59ddbc4,1789817277.284,1789817277.285,1789817277.291,1789817277.294,1789817277.294,1789817277.304,20.50
2026-09-19 16:57:57.392,onvif-e9b03eab-61a3-46bd-9f42-888fd59ddbc4,1789817277.373,1789817277.373,1789817277.377,1789817277.381,1789817277.381,1789817277.393,20.11
2026-09-19 16:57:57.443,onvif-e9b03eab-61a3-46bd-9f42-888fd59ddbc4,1789817277.426,1789817277.427,1789817277.431,1789817277.435,1789817277.435,1789817277.444,18.09
2026-09-19 16:57:57.514,onvif-e9b03eab-61a3-46bd-9f42-888fd59ddbc4,1789817277.463,1789817277.494,1789817277.497,1789817277.501,1789817277.501,1789817277.514,51.49
2026-09-19 16:57:57.574,onvif-e9b03eab-61a3-46bd-9f42-888fd59ddbc4,1789817277.547,1789817277.561,1789817277.565,1789817277.567,1789817277.567,1789817277.575,27.76
2026-09-19 16:57:57.650,onvif-e9b03eab-61a3-46bd-9f42-888fd59ddbc4,1789817277.630,1789817277.633,1789817277.638,1789817277.643,1789817277.643,1789817277.651,20.88
2026-09-19 16:57:57.701,onvif-e9b03eab-61a3-46bd-9f42-888fd59ddbc4,1789817277.684,1789817277.687,1789817277.690,1789817277.697,1789817277.697,1789817277.702,17.59
2026-09-19 16:57:57.776,onvif-e9b03eab-61a3-46bd-9f42-888fd59ddbc4,1789817277.747,1789817277.754,1789817277.760,1789817277.762,1789817277.762,1789817277.776,28.83
2026-09-19 16:57:57.851,onvif-e9b03eab-61a3-46bd-9f42-888fd59ddbc4,1789817277.834,1789817277.836,1789817277.841,1789817277.843,1789817277.843,1789817277.851,17.84
2026-09-19 16:57:57.915,onvif-e9b03eab-61a3-46bd-9f42-888fd59ddbc4,1789817277.898,1789817277.903,1789817277.907,1789817277.909,1789817277.909,1789817277.916,17.87
2026-09-19 16:57:58.021,onvif-e9b03eab-61a3-46bd-9f42-888fd59ddbc4,1789817277.997,1789817278.001,1789817278.005,1789817278.007,1789817278.007,1789817278.021,24.16
2026-09-19 16:57:58.094,onvif-e9b03eab-61a3-46bd-9f42-888fd59ddbc4,1789817278.077,1789817278.078,1789817278.082,1789817278.088,1789817278.088,1789817278.095,17.68
2026-09-19 16:57:58.180,onvif-e9b03eab-61a3-46bd-9f42-888fd59ddbc4,1789817278.161,1789817278.166,1789817278.170,1789817278.174,1789817278.174,1789817278.181,19.81
2026-09-19 16:57:58.262,onvif-e9b03eab-61a3-46bd-9f42-888fd59ddbc4,1789817278.238,1789817278.243,1789817278.247,1789817278.251,1789817278.251,1789817278.263,24.29
2026-09-19 16:57:58.344,onvif-e9b03eab-61a3-46bd-9f42-888fd59ddbc4,1789817278.329,1789817278.331,1789817278.335,1789817278.337,1789817278.338,1789817278.345,15.83
2026-09-19 16:57:58.427,onvif-e9b03eab-61a3-46bd-9f42-888fd59ddbc4,1789817278.413,1789817278.413,1789817278.417,1789817278.419,1789817278.419,1789817278.427,14.30
2026-09-19 16:57:58.518,onvif-e9b03eab-61a3-46bd-9f42-888fd59ddbc4,1789817278.497,1789817278.501,1789817278.504,1789817278.510,1789817278.510,1789817278.518,20.88
2026-09-19 16:57:58.598,onvif-e9b03eab-61a3-46bd-9f42-888fd59ddbc4,1789817278.579,1789817278.583,1789817278.587,1789817278.592,1789817278.592,1789817278.598,19.46
2026-09-19 16:57:58.696,onvif-e9b03eab-61a3-46bd-9f42-888fd59ddbc4,1789817278.678,1789817278.681,1789817278.685,1789817278.689,1789817278.689,1789817278.697,18.87
2026-09-19 16:57:58.765,onvif-e9b03eab-61a3-46bd-9f42-888fd59ddbc4,1789817278.744,1789817278.747,1789817278.750,1789817278.755,1789817278.755,1789817278.766,21.53
2026-09-19 16:57:58.861,onvif-e9b03eab-61a3-46bd-9f42-888fd59ddbc4,1789817278.844,1789817278.846,1789817278.849,1789817278.852,1789817278.852,1789817278.862,17.71
2026-09-19 16:57:58.933,onvif-e9b03eab-61a3-46bd-9f42-888fd59ddbc4,1789817278.911,1789817278.912,1789817278.918,1789817278.924,1789817278.924,1789817278.933,22.81
2026-09-19 16:57:59.024,onvif-e9b03eab-61a3-46bd-9f42-888fd59ddbc4,1789817279.007,1789817279.010,1789817279.013,1789817279.015,1789817279.015,1789817279.024,17.34
2026-09-19 16:57:59.095,onvif-e9b03eab-61a3-46bd-9f42-888fd59ddbc4,1789817279.067,1789817279.077,1789817279.081,1789817279.086,1789817279.086,1789817279.096,28.68
2026-09-19 16:57:59.197,onvif-e9b03eab-61a3-46bd-9f42-888fd59ddbc4,1789817279.177,1789817279.180,1789817279.184,1789817279.189,1789817279.190,1789817279.197,20.14
2026-09-19 16:57:59.266,onvif-e9b03eab-61a3-46bd-9f42-888fd59ddbc4,1789817279.229,1789817279.247,1789817279.250,1789817279.254,1789817279.254,1789817279.267,37.28
2026-09-19 16:57:59.354,onvif-e9b03eab-61a3-46bd-9f42-888fd59ddbc4,1789817279.336,1789817279.340,1789817279.343,1789817279.347,1789817279.347,1789817279.354,18.11
2026-09-19 16:57:59.431,onvif-e9b03eab-61a3-46bd-9f42-888fd59ddbc4,1789817279.404,1789817279.412,1789817279.419,1789817279.424,1789817279.424,1789817279.432,28.12
2026-09-19 16:57:59.525,onvif-e9b03eab-61a3-46bd-9f42-888fd59ddbc4,1789817279.506,1789817279.509,1789817279.514,1789817279.515,1789817279.516,1789817279.525,19.46
2026-09-19 16:57:59.593,onvif-e9b03eab-61a3-46bd-9f42-888fd59ddbc4,1789817279.570,1789817279.576,1789817279.580,1789817279.587,1789817279.587,1789817279.594,23.65
2026-09-19 16:57:59.695,onvif-e9b03eab-61a3-46bd-9f42-888fd59ddbc4,1789817279.677,1789817279.679,1789817279.682,1789817279.689,1789817279.689,1789817279.696,18.83
2026-09-19 16:57:59.767,onvif-e9b03eab-61a3-46bd-9f42-888fd59ddbc4,1789817279.733,1789817279.746,1789817279.750,1789817279.755,1789817279.755,1789817279.767,34.12
2026-09-19 16:57:59.855,onvif-e9b03eab-61a3-46bd-9f42-888fd59ddbc4,1789817279.839,1789817279.839,1789817279.843,1789817279.847,1789817279.847,1789817279.855,16.22
2026-09-19 16:57:59.927,onvif-e9b03eab-61a3-46bd-9f42-888fd59ddbc4,1789817279.907,1789817279.911,1789817279.916,1789817279.918,1789817279.918,1789817279.927,19.83
2026-09-19 16:58:00.031,onvif-e9b03eab-61a3-46bd-9f42-888fd59ddbc4,1789817280.010,1789817280.014,1789817280.017,1789817280.020,1789817280.020,1789817280.032,22.03
2026-09-19 16:58:00.098,onvif-e9b03eab-61a3-46bd-9f42-888fd59ddbc4,1789817280.070,1789817280.081,1789817280.085,1789817280.091,1789817280.091,1789817280.098,28.79
2026-09-19 16:58:00.210,onvif-e9b03eab-61a3-46bd-9f42-888fd59ddbc4,1789817280.193,1789817280.194,1789817280.198,1789817280.203,1789817280.204,1789817280.210,17.47
2026-09-19 16:58:00.291,onvif-e9b03eab-61a3-46bd-9f42-888fd59ddbc4,1789817280.272,1789817280.277,1789817280.281,1789817280.285,1789817280.285,1789817280.292,20.14
2026-09-19 16:58:00.354,onvif-e9b03eab-61a3-46bd-9f42-888fd59ddbc4,1789817280.336,1789817280.336,1789817280.339,1789817280.343,1789817280.343,1789817280.355,19.34
2026-09-19 16:58:00.425,onvif-e9b03eab-61a3-46bd-9f42-888fd59ddbc4,1789817280.406,1789817280.413,1789817280.417,1789817280.418,1789817280.418,1789817280.426,19.84
2026-09-19 16:58:00.495,onvif-e9b03eab-61a3-46bd-9f42-888fd59ddbc4,1789817280.476,1789817280.477,1789817280.480,1789817280.483,1789817280.483,1789817280.495,18.93
2026-09-19 16:58:00.544,onvif-e9b03eab-61a3-46bd-9f42-888fd59ddbc4,1789817280.523,1789817280.526,1789817280.530,1789817280.536,1789817280.537,1789817280.545,21.94
2026-09-19 16:58:00.658,onvif-e9b03eab-61a3-46bd-9f42-888fd59ddbc4,1789817280.638,1789817280.639,1789817280.643,1789817280.649,1789817280.649,1789817280.659,21.03
2026-09-19 16:58:00.742,onvif-e9b03eab-61a3-46bd-9f42-888fd59ddbc4,1789817280.723,1789817280.727,1789817280.730,1789817280.735,1789817280.735,1789817280.743,20.28
2026-09-19 16:58:00.814,onvif-e9b03eab-61a3-46bd-9f42-888fd59ddbc4,1789817280.793,1789817280.794,1789817280.799,1789817280.802,1789817280.802,1789817280.814,21.90
2026-09-19 16:58:00.901,onvif-e9b03eab-61a3-46bd-9f42-888fd59ddbc4,1789817280.884,1789817280.887,1789817280.890,1789817280.894,1789817280.894,1789817280.902,17.60
2026-09-19 16:58:00.965,onvif-e9b03eab-61a3-46bd-9f42-888fd59ddbc4,1789817280.948,1789817280.954,1789817280.957,1789817280.959,1789817280.959,1789817280.966,17.73
2026-09-19 16:58:01.036,onvif-e9b03eab-61a3-46bd-9f42-888fd59ddbc4,1789817281.017,1789817281.018,1789817281.021,1789817281.023,1789817281.023,1789817281.037,19.73
2026-09-19 16:58:01.106,onvif-e9b03eab-61a3-46bd-9f42-888fd59ddbc4,1789817281.083,1789817281.090,1789817281.095,1789817281.099,1789817281.099,1789817281.107,23.08
2026-09-19 16:58:01.193,onvif-e9b03eab-61a3-46bd-9f42-888fd59ddbc4,1789817281.174,1789817281.178,1789817281.182,1789817281.185,1789817281.185,1789817281.194,19.73
2026-09-19 16:58:01.276,onvif-e9b03eab-61a3-46bd-9f42-888fd59ddbc4,1789817281.256,1789817281.260,1789817281.263,1789817281.267,1789817281.267,1789817281.277,20.47
2026-09-19 16:58:01.369,onvif-e9b03eab-61a3-46bd-9f42-888fd59ddbc4,1789817281.354,1789817281.358,1789817281.361,1789817281.363,1789817281.363,1789817281.370,16.10
2026-09-19 16:58:01.446,onvif-e9b03eab-61a3-46bd-9f42-888fd59ddbc4,1789817281.425,1789817281.430,1789817281.435,1789817281.439,1789817281.439,1789817281.446,21.39
2026-09-19 16:58:01.560,onvif-e9b03eab-61a3-46bd-9f42-888fd59ddbc4,1789817281.538,1789817281.538,1789817281.541,1789817281.546,1789817281.546,1789817281.561,23.10
2026-09-19 16:58:01.618,onvif-e9b03eab-61a3-46bd-9f42-888fd59ddbc4,1789817281.603,1789817281.605,1789817281.609,1789817281.611,1789817281.611,1789817281.618,14.99
2026-09-19 16:58:01.692,onvif-e9b03eab-61a3-46bd-9f42-888fd59ddbc4,1789817281.662,1789817281.672,1789817281.678,1789817281.682,1789817281.682,1789817281.692,29.85
2026-09-19 16:58:01.760,onvif-e9b03eab-61a3-46bd-9f42-888fd59ddbc4,1789817281.733,1789817281.739,1789817281.742,1789817281.748,1789817281.748,1789817281.761,27.48
2026-09-19 16:58:01.808,onvif-e9b03eab-61a3-46bd-9f42-888fd59ddbc4,1789817281.790,1789817281.793,1789817281.797,1789817281.801,1789817281.801,1789817281.809,18.57
2026-09-19 16:58:01.872,onvif-e9b03eab-61a3-46bd-9f42-888fd59ddbc4,1789817281.848,1789817281.852,1789817281.855,1789817281.860,1789817281.860,1789817281.873,25.12
2026-09-19 16:58:01.931,onvif-e9b03eab-61a3-46bd-9f42-888fd59ddbc4,1789817281.900,1789817281.919,1789817281.922,1789817281.925,1789817281.925,1789817281.932,32.05
2026-09-19 16:58:02.024,onvif-e9b03eab-61a3-46bd-9f42-888fd59ddbc4,1789817282.005,1789817282.006,1789817282.011,1789817282.018,1789817282.018,1789817282.025,19.72
2026-09-19 16:58:02.087,onvif-e9b03eab-61a3-46bd-9f42-888fd59ddbc4,1789817282.067,1789817282.073,1789817282.076,1789817282.079,1789817282.079,1789817282.087,19.95
2026-09-19 16:58:02.180,onvif-e9b03eab-61a3-46bd-9f42-888fd59ddbc4,1789817282.170,1789817282.171,1789817282.174,1789817282.175,1789817282.175,1789817282.181,10.71
2026-09-19 16:58:02.265,onvif-e9b03eab-61a3-46bd-9f42-888fd59ddbc4,1789817282.247,1789817282.248,1789817282.254,1789817282.256,1789817282.256,1789817282.265,18.41
2026-09-19 16:58:02.361,onvif-e9b03eab-61a3-46bd-9f42-888fd59ddbc4,1789817282.337,1789817282.341,1789817282.344,1789817282.348,1789817282.348,1789817282.361,24.68
2026-09-19 16:58:02.419,onvif-e9b03eab-61a3-46bd-9f42-888fd59ddbc4,1789817282.406,1789817282.408,1789817282.412,1789817282.413,1789817282.413,1789817282.420,13.86
2026-09-19 16:58:02.526,onvif-e9b03eab-61a3-46bd-9f42-888fd59ddbc4,1789817282.508,1789817282.511,1789817282.514,1789817282.520,1789817282.521,1789817282.526,18.38
2026-09-19 16:58:02.596,onvif-e9b03eab-61a3-46bd-9f42-888fd59ddbc4,1789817282.565,1789817282.578,1789817282.581,1789817282.585,1789817282.585,1789817282.596,31.05
2026-09-19 16:58:02.645,onvif-e9b03eab-61a3-46bd-9f42-888fd59ddbc4,1789817282.630,1789817282.632,1789817282.636,1789817282.638,1789817282.638,1789817282.645,14.70
2026-09-19 16:58:02.731,onvif-e9b03eab-61a3-46bd-9f42-888fd59ddbc4,1789817282.712,1789817282.714,1789817282.719,1789817282.724,1789817282.724,1789817282.731,18.85
2026-09-19 16:58:02.804,onvif-e9b03eab-61a3-46bd-9f42-888fd59ddbc4,1789817282.771,1789817282.786,1789817282.790,1789817282.795,1789817282.795,1789817282.805,34.35
2026-09-19 16:58:02.856,onvif-e9b03eab-61a3-46bd-9f42-888fd59ddbc4,1789817282.836,1789817282.840,1789817282.844,1789817282.849,1789817282.849,1789817282.857,20.62
2026-09-19 16:58:02.926,onvif-e9b03eab-61a3-46bd-9f42-888fd59ddbc4,1789817282.901,1789817282.907,1789817282.911,1789817282.914,1789817282.914,1789817282.926,25.44
2026-09-19 16:58:03.032,onvif-e9b03eab-61a3-46bd-9f42-888fd59ddbc4,1789817283.010,1789817283.015,1789817283.019,1789817283.022,1789817283.022,1789817283.032,22.08
2026-09-19 16:58:03.086,onvif-e9b03eab-61a3-46bd-9f42-888fd59ddbc4,1789817283.065,1789817283.069,1789817283.073,1789817283.077,1789817283.077,1789817283.087,22.02
2026-09-19 16:58:03.155,onvif-e9b03eab-61a3-46bd-9f42-888fd59ddbc4,1789817283.113,1789817283.136,1789817283.139,1789817283.142,1789817283.142,1789817283.156,42.56
2026-09-19 16:58:03.242,onvif-e9b03eab-61a3-46bd-9f42-888fd59ddbc4,1789817283.220,1789817283.223,1789817283.227,1789817283.234,1789817283.234,1789817283.242,22.21
2026-09-19 16:58:03.308,onvif-e9b03eab-61a3-46bd-9f42-888fd59ddbc4,1789817283.278,1789817283.290,1789817283.296,1789817283.299,1789817283.299,1789817283.309,31.12
2026-09-19 16:58:03.392,onvif-e9b03eab-61a3-46bd-9f42-888fd59ddbc4,1789817283.365,1789817283.373,1789817283.376,1789817283.380,1789817283.380,1789817283.392,27.45
2026-09-19 16:58:03.458,onvif-e9b03eab-61a3-46bd-9f42-888fd59ddbc4,1789817283.443,1789817283.445,1789817283.448,1789817283.452,1789817283.452,1789817283.458,15.26
2026-09-19 16:58:03.519,onvif-e9b03eab-61a3-46bd-9f42-888fd59ddbc4,1789817283.503,1789817283.504,1789817283.507,1789817283.511,1789817283.511,1789817283.520,16.88
2026-09-19 16:58:03.598,onvif-e9b03eab-61a3-46bd-9f42-888fd59ddbc4,1789817283.574,1789817283.586,1789817283.590,1789817283.592,1789817283.592,1789817283.598,24.74
2026-09-19 16:58:03.691,onvif-e9b03eab-61a3-46bd-9f42-888fd59ddbc4,1789817283.670,1789817283.674,1789817283.678,1789817283.684,1789817283.684,1789817283.692,21.53
2026-09-19 16:58:03.760,onvif-e9b03eab-61a3-46bd-9f42-888fd59ddbc4,1789817283.733,1789817283.741,1789817283.745,1789817283.749,1789817283.749,1789817283.760,27.02
2026-09-19 16:58:03.868,onvif-e9b03eab-61a3-46bd-9f42-888fd59ddbc4,1789817283.845,1789817283.849,1789817283.852,1789817283.856,1789817283.856,1789817283.868,23.12
2026-09-19 16:58:03.928,onvif-e9b03eab-61a3-46bd-9f42-888fd59ddbc4,1789817283.912,1789817283.916,1789817283.920,1789817283.922,1789817283.922,1789817283.928,16.28
2026-09-19 16:58:03.985,onvif-e9b03eab-61a3-46bd-9f42-888fd59ddbc4,1789817283.960,1789817283.965,1789817283.969,1789817283.975,1789817283.975,1789817283.985,25.43
2026-09-19 16:58:04.064,onvif-e9b03eab-61a3-46bd-9f42-888fd59ddbc4,1789817284.040,1789817284.047,1789817284.051,1789817284.057,1789817284.057,1789817284.064,23.83
2026-09-19 16:58:04.136,onvif-e9b03eab-61a3-46bd-9f42-888fd59ddbc4,1789817284.113,1789817284.119,1789817284.125,1789817284.127,1789817284.127,1789817284.137,23.42
2026-09-19 16:58:04.192,onvif-e9b03eab-61a3-46bd-9f42-888fd59ddbc4,1789817284.176,1789817284.178,1789817284.181,1789817284.186,1789817284.186,1789817284.192,15.57
2026-09-19 16:58:04.269,onvif-e9b03eab-61a3-46bd-9f42-888fd59ddbc4,1789817284.242,1789817284.250,1789817284.256,1789817284.262,1789817284.262,1789817284.270,27.74
2026-09-19 16:58:04.355,onvif-e9b03eab-61a3-46bd-9f42-888fd59ddbc4,1789817284.337,1789817284.337,1789817284.341,1789817284.344,1789817284.344,1789817284.355,18.09
2026-09-19 16:58:04.429,onvif-e9b03eab-61a3-46bd-9f42-888fd59ddbc4,1789817284.393,1789817284.410,1789817284.413,1789817284.420,1789817284.420,1789817284.429,36.43
2026-09-19 16:58:04.524,onvif-e9b03eab-61a3-46bd-9f42-888fd59ddbc4,1789817284.506,1789817284.507,1789817284.511,1789817284.517,1789817284.517,1789817284.524,17.75
2026-09-19 16:58:04.594,onvif-e9b03eab-61a3-46bd-9f42-888fd59ddbc4,1789817284.570,1789817284.574,1789817284.578,1789817284.582,1789817284.582,1789817284.595,25.22
2026-09-19 16:58:04.685,onvif-e9b03eab-61a3-46bd-9f42-888fd59ddbc4,1789817284.670,1789817284.672,1789817284.676,1789817284.678,1789817284.678,1789817284.686,16.12
2026-09-19 16:58:04.762,onvif-e9b03eab-61a3-46bd-9f42-888fd59ddbc4,1789817284.742,1789817284.744,1789817284.751,1789817284.755,1789817284.755,1789817284.763,20.84
2026-09-19 16:58:04.857,onvif-e9b03eab-61a3-46bd-9f42-888fd59ddbc4,1789817284.834,1789817284.837,1789817284.840,1789817284.846,1789817284.846,1789817284.858,23.98
2026-09-19 16:58:04.924,onvif-e9b03eab-61a3-46bd-9f42-888fd59ddbc4,1789817284.898,1789817284.909,1789817284.912,1789817284.917,1789817284.917,1789817284.925,27.31
2026-09-19 16:58:05.026,onvif-e9b03eab-61a3-46bd-9f42-888fd59ddbc4,1789817285.009,1789817285.012,1789817285.015,1789817285.020,1789817285.020,1789817285.027,18.11
2026-09-19 16:58:05.100,onvif-e9b03eab-61a3-46bd-9f42-888fd59ddbc4,1789817285.083,1789817285.084,1789817285.087,1789817285.090,1789817285.090,1789817285.101,17.90
2026-09-19 16:58:05.195,onvif-e9b03eab-61a3-46bd-9f42-888fd59ddbc4,1789817285.181,1789817285.181,1789817285.184,1789817285.187,1789817285.187,1789817285.195,14.02
2026-09-19 16:58:05.266,onvif-e9b03eab-61a3-46bd-9f42-888fd59ddbc4,1789817285.233,1789817285.248,1789817285.253,1789817285.258,1789817285.258,1789817285.267,33.24
2026-09-19 16:58:05.353,onvif-e9b03eab-61a3-46bd-9f42-888fd59ddbc4,1789817285.335,1789817285.336,1789817285.339,1789817285.346,1789817285.346,1789817285.353,18.43
2026-09-19 16:58:05.429,onvif-e9b03eab-61a3-46bd-9f42-888fd59ddbc4,1789817285.408,1789817285.413,1789817285.416,1789817285.422,1789817285.422,1789817285.430,21.32
2026-09-19 16:58:05.527,onvif-e9b03eab-61a3-46bd-9f42-888fd59ddbc4,1789817285.507,1789817285.511,1789817285.515,1789817285.519,1789817285.519,1789817285.527,20.33
2026-09-19 16:58:05.612,onvif-e9b03eab-61a3-46bd-9f42-888fd59ddbc4,1789817285.592,1789817285.593,1789817285.596,1789817285.600,1789817285.600,1789817285.612,20.14
2026-09-19 16:58:05.688,onvif-e9b03eab-61a3-46bd-9f42-888fd59ddbc4,1789817285.673,1789817285.675,1789817285.678,1789817285.681,1789817285.681,1789817285.689,15.85
2026-09-19 16:58:05.761,onvif-e9b03eab-61a3-46bd-9f42-888fd59ddbc4,1789817285.740,1789817285.742,1789817285.748,1789817285.751,1789817285.751,1789817285.762,21.41
2026-09-19 16:58:05.865,onvif-e9b03eab-61a3-46bd-9f42-888fd59ddbc4,1789817285.844,1789817285.845,1789817285.848,1789817285.853,1789817285.853,1789817285.866,21.84
2026-09-19 16:58:05.928,onvif-e9b03eab-61a3-46bd-9f42-888fd59ddbc4,1789817285.903,1789817285.912,1789817285.916,1789817285.920,1789817285.920,1789817285.928,24.90
2026-09-19 16:58:06.026,onvif-e9b03eab-61a3-46bd-9f42-888fd59ddbc4,1789817286.005,1789817286.010,1789817286.013,1789817286.018,1789817286.018,1789817286.027,21.60
2026-09-19 16:58:06.100,onvif-e9b03eab-61a3-46bd-9f42-888fd59ddbc4,1789817286.079,1789817286.082,1789817286.086,1789817286.088,1789817286.088,1789817286.100,21.21
2026-09-19 16:58:06.155,onvif-e9b03eab-61a3-46bd-9f42-888fd59ddbc4,1789817286.133,1789817286.136,1789817286.140,1789817286.147,1789817286.147,1789817286.156,22.46
2026-09-19 16:58:06.228,onvif-e9b03eab-61a3-46bd-9f42-888fd59ddbc4,1789817286.198,1789817286.208,1789817286.212,1789817286.217,1789817286.217,1789817286.228,30.00
2026-09-19 16:58:06.299,onvif-e9b03eab-61a3-46bd-9f42-888fd59ddbc4,1789817286.285,1789817286.287,1789817286.290,1789817286.293,1789817286.294,1789817286.299,14.76
2026-09-19 16:58:06.394,onvif-e9b03eab-61a3-46bd-9f42-888fd59ddbc4,1789817286.377,1789817286.379,1789817286.384,1789817286.386,1789817286.386,1789817286.394,17.52
2026-09-19 16:58:06.460,onvif-e9b03eab-61a3-46bd-9f42-888fd59ddbc4,1789817286.442,1789817286.446,1789817286.450,1789817286.452,1789817286.452,1789817286.461,18.11
2026-09-19 16:58:06.532,onvif-e9b03eab-61a3-46bd-9f42-888fd59ddbc4,1789817286.517,1789817286.521,1789817286.524,1789817286.526,1789817286.526,1789817286.532,15.83
2026-09-19 16:58:06.604,onvif-e9b03eab-61a3-46bd-9f42-888fd59ddbc4,1789817286.582,1789817286.588,1789817286.593,1789817286.596,1789817286.597,1789817286.605,22.58
2026-09-19 16:58:06.699,onvif-e9b03eab-61a3-46bd-9f42-888fd59ddbc4,1789817286.680,1789817286.680,1789817286.684,1789817286.687,1789817286.687,1789817286.699,19.48
2026-09-19 16:58:06.768,onvif-e9b03eab-61a3-46bd-9f42-888fd59ddbc4,1789817286.753,1789817286.758,1789817286.762,1789817286.763,1789817286.763,1789817286.769,16.05
2026-09-19 16:58:06.858,onvif-e9b03eab-61a3-46bd-9f42-888fd59ddbc4,1789817286.836,1789817286.840,1789817286.844,1789817286.848,1789817286.848,1789817286.858,22.04
2026-09-19 16:58:06.921,onvif-e9b03eab-61a3-46bd-9f42-888fd59ddbc4,1789817286.897,1789817286.907,1789817286.910,1789817286.913,1789817286.913,1789817286.921,24.79
2026-09-19 16:58:07.015,onvif-e9b03eab-61a3-46bd-9f42-888fd59ddbc4,1789817287.002,1789817287.005,1789817287.008,1789817287.010,1789817287.010,1789817287.016,14.34
2026-09-19 16:58:07.098,onvif-e9b03eab-61a3-46bd-9f42-888fd59ddbc4,1789817287.070,1789817287.077,1789817287.082,1789817287.087,1789817287.087,1789817287.098,28.70
2026-09-19 16:58:07.205,onvif-e9b03eab-61a3-46bd-9f42-888fd59ddbc4,1789817287.180,1789817287.185,1789817287.189,1789817287.195,1789817287.195,1789817287.205,25.03
2026-09-19 16:58:07.267,onvif-e9b03eab-61a3-46bd-9f42-888fd59ddbc4,1789817287.233,1789817287.252,1789817287.256,1789817287.261,1789817287.261,1789817287.268,34.46
2026-09-19 16:58:07.356,onvif-e9b03eab-61a3-46bd-9f42-888fd59ddbc4,1789817287.338,1789817287.339,1789817287.342,1789817287.347,1789817287.347,1789817287.357,18.48
2026-09-19 16:58:07.433,onvif-e9b03eab-61a3-46bd-9f42-888fd59ddbc4,1789817287.412,1789817287.416,1789817287.421,1789817287.428,1789817287.428,1789817287.434,22.12
2026-09-19 16:58:07.525,onvif-e9b03eab-61a3-46bd-9f42-888fd59ddbc4,1789817287.508,1789817287.509,1789817287.513,1789817287.519,1789817287.519,1789817287.525,17.84
2026-09-19 16:58:07.598,onvif-e9b03eab-61a3-46bd-9f42-888fd59ddbc4,1789817287.576,1789817287.576,1789817287.580,1789817287.585,1789817287.585,1789817287.599,23.00
2026-09-19 16:58:07.696,onvif-e9b03eab-61a3-46bd-9f42-888fd59ddbc4,1789817287.679,1789817287.679,1789817287.682,1789817287.686,1789817287.686,1789817287.697,17.78
2026-09-19 16:58:07.758,onvif-e9b03eab-61a3-46bd-9f42-888fd59ddbc4,1789817287.734,1789817287.746,1789817287.750,1789817287.752,1789817287.752,1789817287.759,24.25
2026-09-19 16:58:07.869,onvif-e9b03eab-61a3-46bd-9f42-888fd59ddbc4,1789817287.846,1789817287.849,1789817287.853,1789817287.860,1789817287.860,1789817287.869,23.73
2026-09-19 16:58:07.931,onvif-e9b03eab-61a3-46bd-9f42-888fd59ddbc4,1789817287.910,1789817287.916,1789817287.919,1789817287.924,1789817287.924,1789817287.932,21.50
2026-09-19 16:58:08.022,onvif-e9b03eab-61a3-46bd-9f42-888fd59ddbc4,1789817288.007,1789817288.009,1789817288.013,1789817288.015,1789817288.015,1789817288.022,15.23
2026-09-19 16:58:08.104,onvif-e9b03eab-61a3-46bd-9f42-888fd59ddbc4,1789817288.076,1789817288.081,1789817288.086,1789817288.092,1789817288.092,1789817288.104,28.71
2026-09-19 16:58:08.182,onvif-e9b03eab-61a3-46bd-9f42-888fd59ddbc4,1789817288.166,1789817288.168,1789817288.172,1789817288.174,1789817288.174,1789817288.183,16.60
2026-09-19 16:58:08.257,onvif-e9b03eab-61a3-46bd-9f42-888fd59ddbc4,1789817288.246,1789817288.246,1789817288.249,1789817288.251,1789817288.251,1789817288.258,12.17
2026-09-19 16:58:08.359,onvif-e9b03eab-61a3-46bd-9f42-888fd59ddbc4,1789817288.342,1789817288.343,1789817288.347,1789817288.353,1789817288.353,1789817288.360,17.79
2026-09-19 16:58:08.432,onvif-e9b03eab-61a3-46bd-9f42-888fd59ddbc4,1789817288.404,1789817288.410,1789817288.413,1789817288.419,1789817288.419,1789817288.433,29.45
2026-09-19 16:58:08.533,onvif-e9b03eab-61a3-46bd-9f42-888fd59ddbc4,1789817288.509,1789817288.514,1789817288.517,1789817288.521,1789817288.521,1789817288.533,24.06
2026-09-19 16:58:08.594,onvif-e9b03eab-61a3-46bd-9f42-888fd59ddbc4,1789817288.568,1789817288.581,1789817288.585,1789817288.587,1789817288.587,1789817288.595,26.48
2026-09-19 16:58:08.685,onvif-e9b03eab-61a3-46bd-9f42-888fd59ddbc4,1789817288.673,1789817288.673,1789817288.677,1789817288.679,1789817288.679,1789817288.686,12.73
2026-09-19 16:58:08.765,onvif-e9b03eab-61a3-46bd-9f42-888fd59ddbc4,1789817288.742,1789817288.745,1789817288.748,1789817288.755,1789817288.755,1789817288.765,22.90
2026-09-19 16:58:08.852,onvif-e9b03eab-61a3-46bd-9f42-888fd59ddbc4,1789817288.838,1789817288.838,1789817288.841,1789817288.846,1789817288.846,1789817288.853,14.92
2026-09-19 16:58:08.940,onvif-e9b03eab-61a3-46bd-9f42-888fd59ddbc4,1789817288.907,1789817288.920,1789817288.927,1789817288.932,1789817288.932,1789817288.941,33.20
2026-09-19 16:58:09.027,onvif-e9b03eab-61a3-46bd-9f42-888fd59ddbc4,1789817289.007,1789817289.008,1789817289.011,1789817289.015,1789817289.015,1789817289.028,20.67
2026-09-19 16:58:09.088,onvif-e9b03eab-61a3-46bd-9f42-888fd59ddbc4,1789817289.069,1789817289.075,1789817289.079,1789817289.081,1789817289.081,1789817289.088,19.16
2026-09-19 16:58:09.202,onvif-e9b03eab-61a3-46bd-9f42-888fd59ddbc4,1789817289.179,1789817289.183,1789817289.187,1789817289.194,1789817289.194,1789817289.202,23.41
2026-09-19 16:58:09.268,onvif-e9b03eab-61a3-46bd-9f42-888fd59ddbc4,1789817289.244,1789817289.250,1789817289.256,1789817289.259,1789817289.259,1789817289.268,24.66
2026-09-19 16:58:09.360,onvif-e9b03eab-61a3-46bd-9f42-888fd59ddbc4,1789817289.338,1789817289.343,1789817289.347,1789817289.350,1789817289.350,1789817289.360,22.08
2026-09-19 16:58:09.427,onvif-e9b03eab-61a3-46bd-9f42-888fd59ddbc4,1789817289.410,1789817289.415,1789817289.419,1789817289.422,1789817289.422,1789817289.428,18.16
2026-09-19 16:58:09.521,onvif-e9b03eab-61a3-46bd-9f42-888fd59ddbc4,1789817289.506,1789817289.508,1789817289.511,1789817289.514,1789817289.514,1789817289.521,14.97
2026-09-19 16:58:09.595,onvif-e9b03eab-61a3-46bd-9f42-888fd59ddbc4,1789817289.575,1789817289.580,1789817289.583,1789817289.586,1789817289.586,1789817289.596,20.97
2026-09-19 16:58:09.682,onvif-e9b03eab-61a3-46bd-9f42-888fd59ddbc4,1789817289.663,1789817289.667,1789817289.671,1789817289.677,1789817289.677,1789817289.683,19.97
2026-09-19 16:58:09.762,onvif-e9b03eab-61a3-46bd-9f42-888fd59ddbc4,1789817289.735,1789817289.745,1789817289.749,1789817289.752,1789817289.753,1789817289.762,26.80
2026-09-19 16:58:09.863,onvif-e9b03eab-61a3-46bd-9f42-888fd59ddbc4,1789817289.838,1789817289.842,1789817289.846,1789817289.850,1789817289.850,1789817289.864,25.27
2026-09-19 16:58:09.934,onvif-e9b03eab-61a3-46bd-9f42-888fd59ddbc4,1789817289.906,1789817289.915,1789817289.920,1789817289.926,1789817289.926,1789817289.935,28.63
2026-09-19 16:58:10.024,onvif-e9b03eab-61a3-46bd-9f42-888fd59ddbc4,1789817290.005,1789817290.007,1789817290.011,1789817290.018,1789817290.018,1789817290.025,19.81
2026-09-19 16:58:10.091,onvif-e9b03eab-61a3-46bd-9f42-888fd59ddbc4,1789817290.068,1789817290.074,1789817290.078,1789817290.083,1789817290.084,1789817290.092,23.82
2026-09-19 16:58:10.203,onvif-e9b03eab-61a3-46bd-9f42-888fd59ddbc4,1789817290.179,1789817290.183,1789817290.186,1789817290.192,1789817290.192,1789817290.203,24.46
2026-09-19 16:58:10.265,onvif-e9b03eab-61a3-46bd-9f42-888fd59ddbc4,1789817290.240,1789817290.250,1789817290.254,1789817290.258,1789817290.258,1789817290.266,25.77
2026-09-19 16:58:10.350,onvif-e9b03eab-61a3-46bd-9f42-888fd59ddbc4,1789817290.335,1789817290.337,1789817290.341,1789817290.343,1789817290.343,1789817290.350,14.82
2026-09-19 16:58:10.424,onvif-e9b03eab-61a3-46bd-9f42-888fd59ddbc4,1789817290.399,1789817290.404,1789817290.408,1789817290.413,1789817290.413,1789817290.424,25.05
2026-09-19 16:58:10.538,onvif-e9b03eab-61a3-46bd-9f42-888fd59ddbc4,1789817290.514,1789817290.518,1789817290.521,1789817290.526,1789817290.526,1789817290.538,23.85
2026-09-19 16:58:10.597,onvif-e9b03eab-61a3-46bd-9f42-888fd59ddbc4,1789817290.576,1789817290.585,1789817290.589,1789817290.591,1789817290.591,1789817290.598,21.83
2026-09-19 16:58:10.690,onvif-e9b03eab-61a3-46bd-9f42-888fd59ddbc4,1789817290.676,1789817290.677,1789817290.681,1789817290.683,1789817290.683,1789817290.691,14.56
2026-09-19 16:58:10.764,onvif-e9b03eab-61a3-46bd-9f42-888fd59ddbc4,1789817290.741,1789817290.744,1789817290.748,1789817290.754,1789817290.754,1789817290.765,23.67
2026-09-19 16:58:10.863,onvif-e9b03eab-61a3-46bd-9f42-888fd59ddbc4,1789817290.845,1789817290.847,1789817290.851,1789817290.856,1789817290.856,1789817290.864,19.10
2026-09-19 16:58:10.942,onvif-e9b03eab-61a3-46bd-9f42-888fd59ddbc4,1789817290.925,1789817290.930,1789817290.933,1789817290.937,1789817290.937,1789817290.943,17.94
2026-09-19 16:58:11.030,onvif-e9b03eab-61a3-46bd-9f42-888fd59ddbc4,1789817291.012,1789817291.017,1789817291.021,1789817291.023,1789817291.024,1789817291.031,18.39
2026-09-19 16:58:11.107,onvif-e9b03eab-61a3-46bd-9f42-888fd59ddbc4,1789817291.069,1789817291.084,1789817291.088,1789817291.093,1789817291.093,1789817291.107,37.60
2026-09-19 16:58:11.196,onvif-e9b03eab-61a3-46bd-9f42-888fd59ddbc4,1789817291.179,1789817291.182,1789817291.186,1789817291.190,1789817291.190,1789817291.197,17.75
2026-09-19 16:58:11.264,onvif-e9b03eab-61a3-46bd-9f42-888fd59ddbc4,1789817291.242,1789817291.249,1789817291.253,1789817291.255,1789817291.255,1789817291.265,22.89
2026-09-19 16:58:11.359,onvif-e9b03eab-61a3-46bd-9f42-888fd59ddbc4,1789817291.339,1789817291.341,1789817291.344,1789817291.347,1789817291.347,1789817291.359,20.50
2026-09-19 16:58:11.425,onvif-e9b03eab-61a3-46bd-9f42-888fd59ddbc4,1789817291.396,1789817291.408,1789817291.412,1789817291.418,1789817291.418,1789817291.426,30.28
2026-09-19 16:58:11.522,onvif-e9b03eab-61a3-46bd-9f42-888fd59ddbc4,1789817291.501,1789817291.506,1789817291.510,1789817291.515,1789817291.515,1789817291.523,21.33
2026-09-19 16:58:11.593,onvif-e9b03eab-61a3-46bd-9f42-888fd59ddbc4,1789817291.563,1789817291.573,1789817291.577,1789817291.581,1789817291.581,1789817291.593,29.83
2026-09-19 16:58:11.685,onvif-e9b03eab-61a3-46bd-9f42-888fd59ddbc4,1789817291.668,1789817291.671,1789817291.674,1789817291.679,1789817291.679,1789817291.685,17.53
2026-09-19 16:58:11.760,onvif-e9b03eab-61a3-46bd-9f42-888fd59ddbc4,1789817291.735,1789817291.738,1789817291.744,1789817291.749,1789817291.749,1789817291.760,25.59
2026-09-19 16:58:11.849,onvif-e9b03eab-61a3-46bd-9f42-888fd59ddbc4,1789817291.835,1789817291.836,1789817291.839,1789817291.840,1789817291.840,1789817291.849,14.55
2026-09-19 16:58:11.903,onvif-e9b03eab-61a3-46bd-9f42-888fd59ddbc4,1789817291.881,1789817291.885,1789817291.889,1789817291.895,1789817291.895,1789817291.904,22.73
2026-09-19 16:58:11.976,onvif-e9b03eab-61a3-46bd-9f42-888fd59ddbc4,1789817291.949,1789817291.957,1789817291.959,1789817291.965,1789817291.965,1789817291.977,27.33
2026-09-19 16:58:12.034,onvif-e9b03eab-61a3-46bd-9f42-888fd59ddbc4,1789817292.015,1789817292.016,1789817292.020,1789817292.024,1789817292.024,1789817292.034,19.55
2026-09-19 16:58:12.106,onvif-e9b03eab-61a3-46bd-9f42-888fd59ddbc4,1789817292.080,1789817292.088,1789817292.091,1789817292.095,1789817292.095,1789817292.107,27.39
2026-09-19 16:58:12.183,onvif-e9b03eab-61a3-46bd-9f42-888fd59ddbc4,1789817292.169,1789817292.170,1789817292.174,1789817292.177,1789817292.177,1789817292.184,14.07
2026-09-19 16:58:12.243,onvif-e9b03eab-61a3-46bd-9f42-888fd59ddbc4,1789817292.223,1789817292.224,1789817292.228,1789817292.231,1789817292.231,1789817292.243,19.87
2026-09-19 16:58:12.312,onvif-e9b03eab-61a3-46bd-9f42-888fd59ddbc4,1789817292.301,1789817292.302,1789817292.305,1789817292.306,1789817292.307,1789817292.313,11.96
2026-09-19 16:58:12.388,onvif-e9b03eab-61a3-46bd-9f42-888fd59ddbc4,1789817292.370,1789817292.371,1789817292.374,1789817292.375,1789817292.376,1789817292.388,18.61
2026-09-19 16:58:12.454,onvif-e9b03eab-61a3-46bd-9f42-888fd59ddbc4,1789817292.419,1789817292.438,1789817292.442,1789817292.446,1789817292.447,1789817292.454,35.80
2026-09-19 16:58:12.550,onvif-e9b03eab-61a3-46bd-9f42-888fd59ddbc4,1789817292.533,1789817292.537,1789817292.540,1789817292.544,1789817292.544,1789817292.551,17.52
2026-09-19 16:58:12.622,onvif-e9b03eab-61a3-46bd-9f42-888fd59ddbc4,1789817292.597,1789817292.604,1789817292.607,1789817292.610,1789817292.610,1789817292.622,25.00
2026-09-19 16:58:12.697,onvif-e9b03eab-61a3-46bd-9f42-888fd59ddbc4,1789817292.685,1789817292.686,1789817292.689,1789817292.691,1789817292.691,1789817292.698,12.69
2026-09-19 16:58:12.782,onvif-e9b03eab-61a3-46bd-9f42-888fd59ddbc4,1789817292.763,1789817292.763,1789817292.767,1789817292.772,1789817292.772,1789817292.783,20.09
2026-09-19 16:58:12.874,onvif-e9b03eab-61a3-46bd-9f42-888fd59ddbc4,1789817292.855,1789817292.856,1789817292.859,1789817292.863,1789817292.863,1789817292.875,20.44
2026-09-19 16:58:12.965,onvif-e9b03eab-61a3-46bd-9f42-888fd59ddbc4,1789817292.951,1789817292.954,1789817292.958,1789817292.960,1789817292.960,1789817292.966,14.68
2026-09-19 16:58:13.063,onvif-e9b03eab-61a3-46bd-9f42-888fd59ddbc4,1789817293.046,1789817293.047,1789817293.051,1789817293.057,1789817293.057,1789817293.064,17.39
2026-09-19 16:58:13.134,onvif-e9b03eab-61a3-46bd-9f42-888fd59ddbc4,1789817293.099,1789817293.114,1789817293.118,1789817293.123,1789817293.123,1789817293.134,34.76
2026-09-19 16:58:13.184,onvif-e9b03eab-61a3-46bd-9f42-888fd59ddbc4,1789817293.163,1789817293.168,1789817293.172,1789817293.177,1789817293.177,1789817293.184,20.92
2026-09-19 16:58:13.260,onvif-e9b03eab-61a3-46bd-9f42-888fd59ddbc4,1789817293.229,1789817293.240,1789817293.244,1789817293.248,1789817293.249,1789817293.260,31.55
2026-09-19 16:58:13.351,onvif-e9b03eab-61a3-46bd-9f42-888fd59ddbc4,1789817293.333,1789817293.338,1789817293.342,1789817293.345,1789817293.345,1789817293.352,18.77
2026-09-19 16:58:13.429,onvif-e9b03eab-61a3-46bd-9f42-888fd59ddbc4,1789817293.401,1789817293.410,1789817293.416,1789817293.421,1789817293.421,1789817293.429,28.27
2026-09-19 16:58:13.533,onvif-e9b03eab-61a3-46bd-9f42-888fd59ddbc4,1789817293.510,1789817293.513,1789817293.516,1789817293.522,1789817293.522,1789817293.533,23.67
2026-09-19 16:58:13.595,onvif-e9b03eab-61a3-46bd-9f42-888fd59ddbc4,1789817293.564,1789817293.580,1789817293.584,1789817293.588,1789817293.589,1789817293.596,31.96
2026-09-19 16:58:13.698,onvif-e9b03eab-61a3-46bd-9f42-888fd59ddbc4,1789817293.675,1789817293.678,1789817293.681,1789817293.685,1789817293.685,1789817293.698,23.01
2026-09-19 16:58:13.763,onvif-e9b03eab-61a3-46bd-9f42-888fd59ddbc4,1789817293.736,1789817293.750,1789817293.753,1789817293.756,1789817293.756,1789817293.763,27.24
2026-09-19 16:58:13.859,onvif-e9b03eab-61a3-46bd-9f42-888fd59ddbc4,1789817293.847,1789817293.847,1789817293.850,1789817293.852,1789817293.852,1789817293.859,12.78
2026-09-19 16:58:13.930,onvif-e9b03eab-61a3-46bd-9f42-888fd59ddbc4,1789817293.911,1789817293.914,1789817293.917,1789817293.922,1789817293.922,1789817293.930,19.82
2026-09-19 16:58:14.020,onvif-e9b03eab-61a3-46bd-9f42-888fd59ddbc4,1789817294.005,1789817294.007,1789817294.010,1789817294.014,1789817294.014,1789817294.020,15.50
2026-09-19 16:58:14.094,onvif-e9b03eab-61a3-46bd-9f42-888fd59ddbc4,1789817294.067,1789817294.074,1789817294.080,1789817294.085,1789817294.085,1789817294.094,27.17
2026-09-19 16:58:14.186,onvif-e9b03eab-61a3-46bd-9f42-888fd59ddbc4,1789817294.163,1789817294.167,1789817294.171,1789817294.176,1789817294.176,1789817294.186,23.56
2026-09-19 16:58:14.259,onvif-e9b03eab-61a3-46bd-9f42-888fd59ddbc4,1789817294.239,1789817294.244,1789817294.247,1789817294.252,1789817294.252,1789817294.259,20.22
2026-09-19 16:58:14.345,onvif-e9b03eab-61a3-46bd-9f42-888fd59ddbc4,1789817294.327,1789817294.331,1789817294.336,1789817294.339,1789817294.339,1789817294.346,18.36
2026-09-19 16:58:14.433,onvif-e9b03eab-61a3-46bd-9f42-888fd59ddbc4,1789817294.407,1789817294.414,1789817294.419,1789817294.425,1789817294.425,1789817294.434,26.88
2026-09-19 16:58:14.542,onvif-e9b03eab-61a3-46bd-9f42-888fd59ddbc4,1789817294.513,1789817294.517,1789817294.522,1789817294.527,1789817294.527,1789817294.543,29.57
2026-09-19 16:58:14.600,onvif-e9b03eab-61a3-46bd-9f42-888fd59ddbc4,1789817294.569,1789817294.584,1789817294.588,1789817294.594,1789817294.594,1789817294.601,32.25
2026-09-19 16:58:14.697,onvif-e9b03eab-61a3-46bd-9f42-888fd59ddbc4,1789817294.673,1789817294.677,1789817294.680,1789817294.685,1789817294.685,1789817294.697,24.08
2026-09-19 16:58:14.761,onvif-e9b03eab-61a3-46bd-9f42-888fd59ddbc4,1789817294.744,1789817294.749,1789817294.753,1789817294.756,1789817294.756,1789817294.762,17.15
2026-09-19 16:58:14.859,onvif-e9b03eab-61a3-46bd-9f42-888fd59ddbc4,1789817294.842,1789817294.846,1789817294.850,1789817294.852,1789817294.852,1789817294.860,18.00
2026-09-19 16:58:14.933,onvif-e9b03eab-61a3-46bd-9f42-888fd59ddbc4,1789817294.905,1789817294.914,1789817294.918,1789817294.923,1789817294.923,1789817294.934,28.69
2026-09-19 16:58:15.022,onvif-e9b03eab-61a3-46bd-9f42-888fd59ddbc4,1789817295.007,1789817295.007,1789817295.010,1789817295.015,1789817295.015,1789817295.022,15.95
2026-09-19 16:58:15.105,onvif-e9b03eab-61a3-46bd-9f42-888fd59ddbc4,1789817295.073,1789817295.084,1789817295.089,1789817295.091,1789817295.092,1789817295.105,31.87
2026-09-19 16:58:15.199,onvif-e9b03eab-61a3-46bd-9f42-888fd59ddbc4,1789817295.179,1789817295.182,1789817295.186,1789817295.189,1789817295.189,1789817295.200,20.94
2026-09-19 16:58:15.266,onvif-e9b03eab-61a3-46bd-9f42-888fd59ddbc4,1789817295.238,1789817295.249,1789817295.253,1789817295.259,1789817295.259,1789817295.267,29.06
2026-09-19 16:58:15.352,onvif-e9b03eab-61a3-46bd-9f42-888fd59ddbc4,1789817295.333,1789817295.337,1789817295.341,1789817295.344,1789817295.344,1789817295.353,19.59
2026-09-19 16:58:15.437,onvif-e9b03eab-61a3-46bd-9f42-888fd59ddbc4,1789817295.415,1789817295.419,1789817295.422,1789817295.425,1789817295.425,1789817295.438,22.73
2026-09-19 16:58:15.523,onvif-e9b03eab-61a3-46bd-9f42-888fd59ddbc4,1789817295.507,1789817295.512,1789817295.514,1789817295.517,1789817295.517,1789817295.523,16.65
2026-09-19 16:58:15.598,onvif-e9b03eab-61a3-46bd-9f42-888fd59ddbc4,1789817295.571,1789817295.578,1789817295.583,1789817295.588,1789817295.588,1789817295.599,27.29
2026-09-19 16:58:15.689,onvif-e9b03eab-61a3-46bd-9f42-888fd59ddbc4,1789817295.668,1789817295.671,1789817295.674,1789817295.680,1789817295.680,1789817295.690,21.64
2026-09-19 16:58:15.758,onvif-e9b03eab-61a3-46bd-9f42-888fd59ddbc4,1789817295.740,1789817295.743,1789817295.747,1789817295.751,1789817295.752,1789817295.758,18.05
2026-09-19 16:58:15.860,onvif-e9b03eab-61a3-46bd-9f42-888fd59ddbc4,1789817295.843,1789817295.847,1789817295.851,1789817295.854,1789817295.854,1789817295.860,17.49
2026-09-19 16:58:15.933,onvif-e9b03eab-61a3-46bd-9f42-888fd59ddbc4,1789817295.914,1789817295.914,1789817295.918,1789817295.919,1789817295.920,1789817295.934,20.16
2026-09-19 16:58:16.012,onvif-e9b03eab-61a3-46bd-9f42-888fd59ddbc4,1789817295.999,1789817296.001,1789817296.004,1789817296.006,1789817296.006,1789817296.012,13.34
2026-09-19 16:58:16.090,onvif-e9b03eab-61a3-46bd-9f42-888fd59ddbc4,1789817296.067,1789817296.073,1789817296.079,1789817296.081,1789817296.081,1789817296.090,23.08
2026-09-19 16:58:16.152,onvif-e9b03eab-61a3-46bd-9f42-888fd59ddbc4,1789817296.132,1789817296.138,1789817296.141,1789817296.146,1789817296.146,1789817296.152,19.78
2026-09-19 16:58:16.232,onvif-e9b03eab-61a3-46bd-9f42-888fd59ddbc4,1789817296.198,1789817296.210,1789817296.215,1789817296.221,1789817296.221,1789817296.232,33.94
2026-09-19 16:58:16.293,onvif-e9b03eab-61a3-46bd-9f42-888fd59ddbc4,1789817296.270,1789817296.277,1789817296.280,1789817296.282,1789817296.282,1789817296.293,22.90
2026-09-19 16:58:16.354,onvif-e9b03eab-61a3-46bd-9f42-888fd59ddbc4,1789817296.337,1789817296.341,1789817296.345,1789817296.347,1789817296.347,1789817296.354,17.48
2026-09-19 16:58:16.423,onvif-e9b03eab-61a3-46bd-9f42-888fd59ddbc4,1789817296.405,1789817296.408,1789817296.411,1789817296.413,1789817296.413,1789817296.423,18.45
2026-09-19 16:58:16.520,onvif-e9b03eab-61a3-46bd-9f42-888fd59ddbc4,1789817296.501,1789817296.506,1789817296.509,1789817296.515,1789817296.515,1789817296.520,19.40
2026-09-19 16:58:16.589,onvif-e9b03eab-61a3-46bd-9f42-888fd59ddbc4,1789817296.566,1789817296.572,1789817296.579,1789817296.581,1789817296.581,1789817296.589,22.54
2026-09-19 16:58:16.662,onvif-e9b03eab-61a3-46bd-9f42-888fd59ddbc4,1789817296.638,1789817296.642,1789817296.645,1789817296.650,1789817296.650,1789817296.662,24.13
2026-09-19 16:58:16.733,onvif-e9b03eab-61a3-46bd-9f42-888fd59ddbc4,1789817296.710,1789817296.719,1789817296.722,1789817296.726,1789817296.726,1789817296.734,23.79
2026-09-19 16:58:16.805,onvif-e9b03eab-61a3-46bd-9f42-888fd59ddbc4,1789817296.768,1789817296.786,1789817296.792,1789817296.797,1789817296.797,1789817296.805,36.91
2026-09-19 16:58:16.856,onvif-e9b03eab-61a3-46bd-9f42-888fd59ddbc4,1789817296.844,1789817296.845,1789817296.849,1789817296.850,1789817296.850,1789817296.856,12.78
2026-09-19 16:58:16.940,onvif-e9b03eab-61a3-46bd-9f42-888fd59ddbc4,1789817296.908,1789817296.923,1789817296.928,1789817296.931,1789817296.931,1789817296.940,31.76
2026-09-19 16:58:17.019,onvif-e9b03eab-61a3-46bd-9f42-888fd59ddbc4,1789817297.000,1789817297.000,1789817297.004,1789817297.007,1789817297.007,1789817297.020,20.02
2026-09-19 16:58:17.068,onvif-e9b03eab-61a3-46bd-9f42-888fd59ddbc4,1789817297.049,1789817297.054,1789817297.058,1789817297.061,1789817297.061,1789817297.069,19.67
2026-09-19 16:58:17.138,onvif-e9b03eab-61a3-46bd-9f42-888fd59ddbc4,1789817297.112,1789817297.121,1789817297.125,1789817297.128,1789817297.128,1789817297.139,26.51
2026-09-19 16:58:17.194,onvif-e9b03eab-61a3-46bd-9f42-888fd59ddbc4,1789817297.179,1789817297.180,1789817297.184,1789817297.186,1789817297.186,1789817297.195,15.91
2026-09-19 16:58:17.261,onvif-e9b03eab-61a3-46bd-9f42-888fd59ddbc4,1789817297.234,1789817297.247,1789817297.250,1789817297.252,1789817297.252,1789817297.262,27.72
2026-09-19 16:58:17.368,onvif-e9b03eab-61a3-46bd-9f42-888fd59ddbc4,1789817297.347,1789817297.350,1789817297.353,1789817297.359,1789817297.359,1789817297.368,21.41
2026-09-19 16:58:17.434,onvif-e9b03eab-61a3-46bd-9f42-888fd59ddbc4,1789817297.405,1789817297.417,1789817297.421,1789817297.426,1789817297.426,1789817297.434,29.82
2026-09-19 16:58:17.530,onvif-e9b03eab-61a3-46bd-9f42-888fd59ddbc4,1789817297.511,1789817297.515,1789817297.519,1789817297.523,1789817297.523,1789817297.531,19.81
2026-09-19 16:58:17.602,onvif-e9b03eab-61a3-46bd-9f42-888fd59ddbc4,1789817297.581,1789817297.582,1789817297.585,1789817297.589,1789817297.589,1789817297.602,21.43
2026-09-19 16:58:17.692,onvif-e9b03eab-61a3-46bd-9f42-888fd59ddbc4,1789817297.676,1789817297.679,1789817297.683,1789817297.687,1789817297.687,1789817297.693,17.33
2026-09-19 16:58:17.768,onvif-e9b03eab-61a3-46bd-9f42-888fd59ddbc4,1789817297.736,1789817297.746,1789817297.751,1789817297.758,1789817297.758,1789817297.769,32.42
2026-09-19 16:58:17.853,onvif-e9b03eab-61a3-46bd-9f42-888fd59ddbc4,1789817297.832,1789817297.833,1789817297.837,1789817297.839,1789817297.839,1789817297.853,21.52
2026-09-19 16:58:17.901,onvif-e9b03eab-61a3-46bd-9f42-888fd59ddbc4,1789817297.878,1789817297.882,1789817297.887,1789817297.893,1789817297.893,1789817297.901,23.73
2026-09-19 16:58:17.970,onvif-e9b03eab-61a3-46bd-9f42-888fd59ddbc4,1789817297.949,1789817297.949,1789817297.953,1789817297.959,1789817297.959,1789817297.970,21.05
2026-09-19 16:58:18.029,onvif-e9b03eab-61a3-46bd-9f42-888fd59ddbc4,1789817298.009,1789817298.013,1789817298.017,1789817298.023,1789817298.023,1789817298.029,20.73
2026-09-19 16:58:18.097,onvif-e9b03eab-61a3-46bd-9f42-888fd59ddbc4,1789817298.079,1789817298.080,1789817298.084,1789817298.090,1789817298.090,1789817298.098,18.61
2026-09-19 16:58:18.175,onvif-e9b03eab-61a3-46bd-9f42-888fd59ddbc4,1789817298.159,1789817298.163,1789817298.167,1789817298.170,1789817298.170,1789817298.176,16.38
2026-09-19 16:58:18.258,onvif-e9b03eab-61a3-46bd-9f42-888fd59ddbc4,1789817298.244,1789817298.245,1789817298.249,1789817298.251,1789817298.251,1789817298.259,15.35
2026-09-19 16:58:18.355,onvif-e9b03eab-61a3-46bd-9f42-888fd59ddbc4,1789817298.335,1789817298.335,1789817298.339,1789817298.342,1789817298.342,1789817298.355,20.42
2026-09-19 16:58:18.416,onvif-e9b03eab-61a3-46bd-9f42-888fd59ddbc4,1789817298.375,1789817298.402,1789817298.406,1789817298.407,1789817298.407,1789817298.417,41.82
2026-09-19 16:58:18.521,onvif-e9b03eab-61a3-46bd-9f42-888fd59ddbc4,1789817298.504,1789817298.505,1789817298.508,1789817298.515,1789817298.515,1789817298.522,17.54
2026-09-19 16:58:18.598,onvif-e9b03eab-61a3-46bd-9f42-888fd59ddbc4,1789817298.578,1789817298.582,1789817298.586,1789817298.591,1789817298.591,1789817298.599,20.76
2026-09-19 16:58:18.694,onvif-e9b03eab-61a3-46bd-9f42-888fd59ddbc4,1789817298.674,1789817298.675,1789817298.678,1789817298.683,1789817298.683,1789817298.694,20.36
2026-09-19 16:58:18.759,onvif-e9b03eab-61a3-46bd-9f42-888fd59ddbc4,1789817298.746,1789817298.747,1789817298.751,1789817298.754,1789817298.754,1789817298.760,13.69
2026-09-19 16:58:18.857,onvif-e9b03eab-61a3-46bd-9f42-888fd59ddbc4,1789817298.843,1789817298.844,1789817298.849,1789817298.850,1789817298.850,1789817298.857,14.50
2026-09-19 16:58:18.936,onvif-e9b03eab-61a3-46bd-9f42-888fd59ddbc4,1789817298.909,1789817298.916,1789817298.920,1789817298.925,1789817298.925,1789817298.936,27.08
2026-09-19 16:58:19.010,onvif-e9b03eab-61a3-46bd-9f42-888fd59ddbc4,1789817298.998,1789817298.999,1789817299.002,1789817299.005,1789817299.005,1789817299.011,12.69
2026-09-19 16:58:19.093,onvif-e9b03eab-61a3-46bd-9f42-888fd59ddbc4,1789817299.075,1789817299.076,1789817299.080,1789817299.086,1789817299.086,1789817299.094,18.36
2026-09-19 16:58:19.196,onvif-e9b03eab-61a3-46bd-9f42-888fd59ddbc4,1789817299.174,1789817299.179,1789817299.182,1789817299.188,1789817299.188,1789817299.196,21.96
2026-09-19 16:58:19.260,onvif-e9b03eab-61a3-46bd-9f42-888fd59ddbc4,1789817299.245,1789817299.246,1789817299.249,1789817299.253,1789817299.253,1789817299.260,15.19
2026-09-19 16:58:19.357,onvif-e9b03eab-61a3-46bd-9f42-888fd59ddbc4,1789817299.339,1789817299.343,1789817299.347,1789817299.350,1789817299.350,1789817299.357,18.05
2026-09-19 16:58:19.427,onvif-e9b03eab-61a3-46bd-9f42-888fd59ddbc4,1789817299.397,1789817299.410,1789817299.413,1789817299.416,1789817299.416,1789817299.427,30.61
2026-09-19 16:58:19.525,onvif-e9b03eab-61a3-46bd-9f42-888fd59ddbc4,1789817299.505,1789817299.508,1789817299.513,1789817299.519,1789817299.519,1789817299.526,20.07
2026-09-19 16:58:19.596,onvif-e9b03eab-61a3-46bd-9f42-888fd59ddbc4,1789817299.574,1789817299.575,1789817299.581,1789817299.585,1789817299.585,1789817299.596,22.14
2026-09-19 16:58:19.698,onvif-e9b03eab-61a3-46bd-9f42-888fd59ddbc4,1789817299.674,1789817299.678,1789817299.682,1789817299.687,1789817299.687,1789817299.698,24.38
2026-09-19 16:58:19.759,onvif-e9b03eab-61a3-46bd-9f42-888fd59ddbc4,1789817299.738,1789817299.745,1789817299.749,1789817299.753,1789817299.753,1789817299.760,21.69
2026-09-19 16:58:19.847,onvif-e9b03eab-61a3-46bd-9f42-888fd59ddbc4,1789817299.831,1789817299.833,1789817299.836,1789817299.838,1789817299.838,1789817299.847,16.16
2026-09-19 16:58:19.925,onvif-e9b03eab-61a3-46bd-9f42-888fd59ddbc4,1789817299.906,1789817299.910,1789817299.915,1789817299.919,1789817299.919,1789817299.926,19.86
2026-09-19 16:58:20.027,onvif-e9b03eab-61a3-46bd-9f42-888fd59ddbc4,1789817300.009,1789817300.013,1789817300.016,1789817300.021,1789817300.021,1789817300.027,18.06
2026-09-19 16:58:20.104,onvif-e9b03eab-61a3-46bd-9f42-888fd59ddbc4,1789817300.083,1789817300.085,1789817300.091,1789817300.096,1789817300.096,1789817300.104,21.81
2026-09-19 16:58:20.199,onvif-e9b03eab-61a3-46bd-9f42-888fd59ddbc4,1789817300.179,1789817300.183,1789817300.187,1789817300.189,1789817300.189,1789817300.199,20.20
2026-09-19 16:58:20.266,onvif-e9b03eab-61a3-46bd-9f42-888fd59ddbc4,1789817300.238,1789817300.250,1789817300.254,1789817300.260,1789817300.260,1789817300.266,28.62
2026-09-19 16:58:20.362,onvif-e9b03eab-61a3-46bd-9f42-888fd59ddbc4,1789817300.342,1789817300.343,1789817300.346,1789817300.351,1789817300.351,1789817300.363,21.33
2026-09-19 16:58:20.428,onvif-e9b03eab-61a3-46bd-9f42-888fd59ddbc4,1789817300.405,1789817300.415,1789817300.419,1789817300.422,1789817300.422,1789817300.428,23.87
2026-09-19 16:58:20.525,onvif-e9b03eab-61a3-46bd-9f42-888fd59ddbc4,1789817300.511,1789817300.513,1789817300.517,1789817300.519,1789817300.519,1789817300.526,15.04
2026-09-19 16:58:20.600,onvif-e9b03eab-61a3-46bd-9f42-888fd59ddbc4,1789817300.576,1789817300.580,1789817300.583,1789817300.590,1789817300.590,1789817300.600,24.07
2026-09-19 16:58:20.691,onvif-e9b03eab-61a3-46bd-9f42-888fd59ddbc4,1789817300.671,1789817300.672,1789817300.675,1789817300.682,1789817300.682,1789817300.692,20.87
2026-09-19 16:58:20.756,onvif-e9b03eab-61a3-46bd-9f42-888fd59ddbc4,1789817300.731,1789817300.739,1789817300.745,1789817300.747,1789817300.747,1789817300.756,24.60
2026-09-19 16:58:20.861,onvif-e9b03eab-61a3-46bd-9f42-888fd59ddbc4,1789817300.839,1789817300.842,1789817300.845,1789817300.850,1789817300.850,1789817300.862,22.71
2026-09-19 16:58:20.927,onvif-e9b03eab-61a3-46bd-9f42-888fd59ddbc4,1789817300.910,1789817300.914,1789817300.918,1789817300.921,1789817300.921,1789817300.928,17.86
2026-09-19 16:58:21.014,onvif-e9b03eab-61a3-46bd-9f42-888fd59ddbc4,1789817300.999,1789817301.002,1789817301.006,1789817301.008,1789817301.008,1789817301.015,15.92
2026-09-19 16:58:21.071,onvif-e9b03eab-61a3-46bd-9f42-888fd59ddbc4,1789817301.052,1789817301.056,1789817301.059,1789817301.061,1789817301.062,1789817301.072,19.50
2026-09-19 16:58:21.139,onvif-e9b03eab-61a3-46bd-9f42-888fd59ddbc4,1789817301.120,1789817301.123,1789817301.126,1789817301.133,1789817301.133,1789817301.139,18.64
2026-09-19 16:58:21.200,onvif-e9b03eab-61a3-46bd-9f42-888fd59ddbc4,1789817301.179,1789817301.182,1789817301.185,1789817301.191,1789817301.191,1789817301.201,21.72
2026-09-19 16:58:21.263,onvif-e9b03eab-61a3-46bd-9f42-888fd59ddbc4,1789817301.236,1789817301.249,1789817301.253,1789817301.256,1789817301.256,1789817301.263,27.72
2026-09-19 16:58:21.362,onvif-e9b03eab-61a3-46bd-9f42-888fd59ddbc4,1789817301.349,1789817301.351,1789817301.355,1789817301.357,1789817301.357,1789817301.363,14.31
2026-09-19 16:58:21.435,onvif-e9b03eab-61a3-46bd-9f42-888fd59ddbc4,1789817301.397,1789817301.418,1789817301.425,1789817301.427,1789817301.427,1789817301.436,38.27
2026-09-19 16:58:21.531,onvif-e9b03eab-61a3-46bd-9f42-888fd59ddbc4,1789817301.506,1789817301.511,1789817301.515,1789817301.520,1789817301.520,1789817301.531,25.20
2026-09-19 16:58:21.593,onvif-e9b03eab-61a3-46bd-9f42-888fd59ddbc4,1789817301.569,1789817301.578,1789817301.582,1789817301.585,1789817301.585,1789817301.594,25.16
2026-09-19 16:58:21.694,onvif-e9b03eab-61a3-46bd-9f42-888fd59ddbc4,1789817301.676,1789817301.681,1789817301.684,1789817301.687,1789817301.687,1789817301.695,18.73
2026-09-19 16:58:21.768,onvif-e9b03eab-61a3-46bd-9f42-888fd59ddbc4,1789817301.736,1789817301.748,1789817301.753,1789817301.759,1789817301.759,1789817301.768,32.36
2026-09-19 16:58:21.870,onvif-e9b03eab-61a3-46bd-9f42-888fd59ddbc4,1789817301.848,1789817301.851,1789817301.854,1789817301.861,1789817301.861,1789817301.870,22.09
2026-09-19 16:58:21.931,onvif-e9b03eab-61a3-46bd-9f42-888fd59ddbc4,1789817301.903,1789817301.918,1789817301.922,1789817301.926,1789817301.926,1789817301.932,28.98
2026-09-19 16:58:22.019,onvif-e9b03eab-61a3-46bd-9f42-888fd59ddbc4,1789817302.002,1789817302.005,1789817302.009,1789817302.012,1789817302.012,1789817302.020,17.96
2026-09-19 16:58:22.094,onvif-e9b03eab-61a3-46bd-9f42-888fd59ddbc4,1789817302.073,1789817302.077,1789817302.080,1789817302.082,1789817302.082,1789817302.095,21.86
2026-09-19 16:58:22.200,onvif-e9b03eab-61a3-46bd-9f42-888fd59ddbc4,1789817302.178,1789817302.181,1789817302.184,1789817302.189,1789817302.189,1789817302.200,22.68
2026-09-19 16:58:22.266,onvif-e9b03eab-61a3-46bd-9f42-888fd59ddbc4,1789817302.240,1789817302.253,1789817302.257,1789817302.260,1789817302.260,1789817302.267,26.98
2026-09-19 16:58:22.358,onvif-e9b03eab-61a3-46bd-9f42-888fd59ddbc4,1789817302.344,1789817302.345,1789817302.349,1789817302.352,1789817302.352,1789817302.359,15.27
2026-09-19 16:58:22.429,onvif-e9b03eab-61a3-46bd-9f42-888fd59ddbc4,1789817302.402,1789817302.412,1789817302.416,1789817302.418,1789817302.418,1789817302.430,28.13
2026-09-19 16:58:22.511,onvif-e9b03eab-61a3-46bd-9f42-888fd59ddbc4,1789817302.496,1789817302.500,1789817302.504,1789817302.505,1789817302.505,1789817302.512,15.55
2026-09-19 16:58:22.596,onvif-e9b03eab-61a3-46bd-9f42-888fd59ddbc4,1789817302.567,1789817302.577,1789817302.583,1789817302.586,1789817302.586,1789817302.597,29.47
2026-09-19 16:58:22.699,onvif-e9b03eab-61a3-46bd-9f42-888fd59ddbc4,1789817302.677,1789817302.680,1789817302.684,1789817302.688,1789817302.688,1789817302.699,22.02
2026-09-19 16:58:22.766,onvif-e9b03eab-61a3-46bd-9f42-888fd59ddbc4,1789817302.747,1789817302.753,1789817302.756,1789817302.759,1789817302.759,1789817302.766,19.01
2026-09-19 16:58:22.857,onvif-e9b03eab-61a3-46bd-9f42-888fd59ddbc4,1789817302.837,1789817302.840,1789817302.845,1789817302.851,1789817302.851,1789817302.858,20.55
2026-09-19 16:58:22.926,onvif-e9b03eab-61a3-46bd-9f42-888fd59ddbc4,1789817302.908,1789817302.912,1789817302.915,1789817302.916,1789817302.917,1789817302.926,18.29
2026-09-19 16:58:23.026,onvif-e9b03eab-61a3-46bd-9f42-888fd59ddbc4,1789817303.009,1789817303.010,1789817303.013,1789817303.020,1789817303.020,1789817303.027,17.50
2026-09-19 16:58:23.096,onvif-e9b03eab-61a3-46bd-9f42-888fd59ddbc4,1789817303.067,1789817303.077,1789817303.083,1789817303.086,1789817303.086,1789817303.097,29.78
2026-09-19 16:58:23.200,onvif-e9b03eab-61a3-46bd-9f42-888fd59ddbc4,1789817303.175,1789817303.180,1789817303.183,1789817303.188,1789817303.188,1789817303.200,24.97
2026-09-19 16:58:23.263,onvif-e9b03eab-61a3-46bd-9f42-888fd59ddbc4,1789817303.234,1789817303.247,1789817303.251,1789817303.254,1789817303.254,1789817303.263,28.98
2026-09-19 16:58:23.364,onvif-e9b03eab-61a3-46bd-9f42-888fd59ddbc4,1789817303.348,1789817303.350,1789817303.354,1789817303.358,1789817303.358,1789817303.364,16.37
2026-09-19 16:58:23.460,onvif-e9b03eab-61a3-46bd-9f42-888fd59ddbc4,1789817303.438,1789817303.443,1789817303.446,1789817303.450,1789817303.450,1789817303.460,22.90
2026-09-19 16:58:23.521,onvif-e9b03eab-61a3-46bd-9f42-888fd59ddbc4,1789817303.506,1789817303.510,1789817303.513,1789817303.515,1789817303.515,1789817303.522,15.51
2026-09-19 16:58:23.578,onvif-e9b03eab-61a3-46bd-9f42-888fd59ddbc4,1789817303.559,1789817303.564,1789817303.567,1789817303.568,1789817303.569,1789817303.578,19.64
2026-09-19 16:58:23.647,onvif-e9b03eab-61a3-46bd-9f42-888fd59ddbc4,1789817303.610,1789817303.631,1789817303.635,1789817303.640,1789817303.640,1789817303.647,36.87
2026-09-19 16:58:23.739,onvif-e9b03eab-61a3-46bd-9f42-888fd59ddbc4,1789817303.718,1789817303.723,1789817303.728,1789817303.732,1789817303.732,1789817303.740,21.94
2026-09-19 16:58:23.819,onvif-e9b03eab-61a3-46bd-9f42-888fd59ddbc4,1789817303.798,1789817303.800,1789817303.803,1789817303.808,1789817303.808,1789817303.819,21.50
2026-09-19 16:58:23.901,onvif-e9b03eab-61a3-46bd-9f42-888fd59ddbc4,1789817303.884,1789817303.888,1789817303.891,1789817303.895,1789817303.895,1789817303.901,17.52
2026-09-19 16:58:23.982,onvif-e9b03eab-61a3-46bd-9f42-888fd59ddbc4,1789817303.947,1789817303.960,1789817303.966,1789817303.971,1789817303.972,1789817303.983,35.68
2026-09-19 16:58:24.071,onvif-e9b03eab-61a3-46bd-9f42-888fd59ddbc4,1789817304.051,1789817304.053,1789817304.056,1789817304.059,1789817304.059,1789817304.071,19.82
2026-09-19 16:58:24.141,onvif-e9b03eab-61a3-46bd-9f42-888fd59ddbc4,1789817304.122,1789817304.125,1789817304.129,1789817304.135,1789817304.135,1789817304.141,19.65
2026-09-19 16:58:24.210,onvif-e9b03eab-61a3-46bd-9f42-888fd59ddbc4,1789817304.192,1789817304.194,1789817304.197,1789817304.200,1789817304.200,1789817304.210,18.39
2026-09-19 16:58:24.288,onvif-e9b03eab-61a3-46bd-9f42-888fd59ddbc4,1789817304.275,1789817304.276,1789817304.280,1789817304.282,1789817304.282,1789817304.289,14.01
2026-09-19 16:58:24.370,onvif-e9b03eab-61a3-46bd-9f42-888fd59ddbc4,1789817304.354,1789817304.356,1789817304.360,1789817304.361,1789817304.362,1789817304.371,16.23
2026-09-19 16:58:24.439,onvif-e9b03eab-61a3-46bd-9f42-888fd59ddbc4,1789817304.412,1789817304.423,1789817304.427,1789817304.432,1789817304.432,1789817304.440,28.44
2026-09-19 16:58:24.524,onvif-e9b03eab-61a3-46bd-9f42-888fd59ddbc4,1789817304.503,1789817304.506,1789817304.509,1789817304.513,1789817304.513,1789817304.525,21.81
2026-09-19 16:58:24.602,onvif-e9b03eab-61a3-46bd-9f42-888fd59ddbc4,1789817304.584,1789817304.585,1789817304.589,1789817304.594,1789817304.594,1789817304.602,17.57
2026-09-19 16:58:24.683,onvif-e9b03eab-61a3-46bd-9f42-888fd59ddbc4,1789817304.667,1789817304.668,1789817304.672,1789817304.675,1789817304.675,1789817304.684,16.62
2026-09-19 16:58:24.769,onvif-e9b03eab-61a3-46bd-9f42-888fd59ddbc4,1789817304.747,1789817304.750,1789817304.754,1789817304.756,1789817304.757,1789817304.769,22.29
2026-09-19 16:58:24.822,onvif-e9b03eab-61a3-46bd-9f42-888fd59ddbc4,1789817304.806,1789817304.809,1789817304.813,1789817304.815,1789817304.815,1789817304.822,15.97
2026-09-19 16:58:24.893,onvif-e9b03eab-61a3-46bd-9f42-888fd59ddbc4,1789817304.874,1789817304.876,1789817304.880,1789817304.885,1789817304.885,1789817304.893,18.97
2026-09-19 16:58:24.963,onvif-e9b03eab-61a3-46bd-9f42-888fd59ddbc4,1789817304.943,1789817304.948,1789817304.952,1789817304.956,1789817304.956,1789817304.963,20.23
2026-09-19 16:58:25.024,onvif-e9b03eab-61a3-46bd-9f42-888fd59ddbc4,1789817305.005,1789817305.007,1789817305.010,1789817305.015,1789817305.015,1789817305.025,19.50
2026-09-19 16:58:25.095,onvif-e9b03eab-61a3-46bd-9f42-888fd59ddbc4,1789817305.075,1789817305.079,1789817305.083,1789817305.085,1789817305.085,1789817305.095,20.61
2026-09-19 16:58:25.199,onvif-e9b03eab-61a3-46bd-9f42-888fd59ddbc4,1789817305.178,1789817305.182,1789817305.186,1789817305.193,1789817305.193,1789817305.200,21.56
2026-09-19 16:58:25.270,onvif-e9b03eab-61a3-46bd-9f42-888fd59ddbc4,1789817305.239,1789817305.249,1789817305.252,1789817305.258,1789817305.258,1789817305.270,30.65
2026-09-19 16:58:25.355,onvif-e9b03eab-61a3-46bd-9f42-888fd59ddbc4,1789817305.337,1789817305.342,1789817305.346,1789817305.349,1789817305.349,1789817305.356,18.97
2026-09-19 16:58:25.426,onvif-e9b03eab-61a3-46bd-9f42-888fd59ddbc4,1789817305.403,1789817305.409,1789817305.413,1789817305.415,1789817305.415,1789817305.427,23.77
2026-09-19 16:58:25.516,onvif-e9b03eab-61a3-46bd-9f42-888fd59ddbc4,1789817305.497,1789817305.501,1789817305.505,1789817305.508,1789817305.508,1789817305.516,19.08
2026-09-19 16:58:25.587,onvif-e9b03eab-61a3-46bd-9f42-888fd59ddbc4,1789817305.568,1789817305.573,1789817305.577,1789817305.580,1789817305.580,1789817305.587,18.91
2026-09-19 16:58:25.687,onvif-e9b03eab-61a3-46bd-9f42-888fd59ddbc4,1789817305.674,1789817305.676,1789817305.680,1789817305.681,1789817305.681,1789817305.688,14.06
2026-09-19 16:58:25.765,onvif-e9b03eab-61a3-46bd-9f42-888fd59ddbc4,1789817305.740,1789817305.748,1789817305.754,1789817305.757,1789817305.757,1789817305.765,24.70
2026-09-19 16:58:25.871,onvif-e9b03eab-61a3-46bd-9f42-888fd59ddbc4,1789817305.847,1789817305.851,1789817305.854,1789817305.859,1789817305.859,1789817305.871,24.00
2026-09-19 16:58:25.932,onvif-e9b03eab-61a3-46bd-9f42-888fd59ddbc4,1789817305.908,1789817305.918,1789817305.922,1789817305.924,1789817305.925,1789817305.933,24.32
2026-09-19 16:58:26.027,onvif-e9b03eab-61a3-46bd-9f42-888fd59ddbc4,1789817306.006,1789817306.011,1789817306.015,1789817306.021,1789817306.021,1789817306.027,21.58
2026-09-19 16:58:26.094,onvif-e9b03eab-61a3-46bd-9f42-888fd59ddbc4,1789817306.069,1789817306.078,1789817306.082,1789817306.086,1789817306.086,1789817306.095,25.27
2026-09-19 16:58:26.189,onvif-e9b03eab-61a3-46bd-9f42-888fd59ddbc4,1789817306.175,1789817306.176,1789817306.180,1789817306.183,1789817306.183,1789817306.190,14.36
2026-09-19 16:58:26.265,onvif-e9b03eab-61a3-46bd-9f42-888fd59ddbc4,1789817306.233,1789817306.243,1789817306.249,1789817306.255,1789817306.255,1789817306.265,31.83
2026-09-19 16:58:26.359,onvif-e9b03eab-61a3-46bd-9f42-888fd59ddbc4,1789817306.337,1789817306.341,1789817306.344,1789817306.347,1789817306.347,1789817306.359,21.85
2026-09-19 16:58:26.425,onvif-e9b03eab-61a3-46bd-9f42-888fd59ddbc4,1789817306.406,1789817306.413,1789817306.417,1789817306.418,1789817306.419,1789817306.425,18.69
2026-09-19 16:58:26.483,onvif-e9b03eab-61a3-46bd-9f42-888fd59ddbc4,1789817306.457,1789817306.461,1789817306.466,1789817306.472,1789817306.472,1789817306.483,26.40
2026-09-19 16:58:26.539,onvif-e9b03eab-61a3-46bd-9f42-888fd59ddbc4,1789817306.518,1789817306.520,1789817306.524,1789817306.531,1789817306.531,1789817306.539,20.77
2026-09-19 16:58:26.607,onvif-e9b03eab-61a3-46bd-9f42-888fd59ddbc4,1789817306.571,1789817306.587,1789817306.591,1789817306.596,1789817306.596,1789817306.608,37.03
2026-09-19 16:58:26.689,onvif-e9b03eab-61a3-46bd-9f42-888fd59ddbc4,1789817306.672,1789817306.675,1789817306.679,1789817306.683,1789817306.683,1789817306.689,17.54
2026-09-19 16:58:26.767,onvif-e9b03eab-61a3-46bd-9f42-888fd59ddbc4,1789817306.731,1789817306.747,1789817306.753,1789817306.759,1789817306.759,1789817306.768,36.29
2026-09-19 16:58:26.866,onvif-e9b03eab-61a3-46bd-9f42-888fd59ddbc4,1789817306.849,1789817306.850,1789817306.853,1789817306.856,1789817306.856,1789817306.866,17.76
2026-09-19 16:58:26.935,onvif-e9b03eab-61a3-46bd-9f42-888fd59ddbc4,1789817306.913,1789817306.917,1789817306.921,1789817306.927,1789817306.927,1789817306.935,21.86
2026-09-19 16:58:27.030,onvif-e9b03eab-61a3-46bd-9f42-888fd59ddbc4,1789817307.015,1789817307.015,1789817307.018,1789817307.024,1789817307.024,1789817307.031,16.31
2026-09-19 16:58:27.105,onvif-e9b03eab-61a3-46bd-9f42-888fd59ddbc4,1789817307.078,1789817307.087,1789817307.093,1789817307.095,1789817307.095,1789817307.105,27.19
2026-09-19 16:58:27.246,onvif-e9b03eab-61a3-46bd-9f42-888fd59ddbc4,1789817307.227,1789817307.227,1789817307.231,1789817307.235,1789817307.235,1789817307.247,19.90
2026-09-19 16:58:27.383,onvif-e9b03eab-61a3-46bd-9f42-888fd59ddbc4,1789817307.366,1789817307.367,1789817307.372,1789817307.374,1789817307.374,1789817307.383,17.62
2026-09-19 16:58:27.536,onvif-e9b03eab-61a3-46bd-9f42-888fd59ddbc4,1789817307.518,1789817307.519,1789817307.523,1789817307.526,1789817307.526,1789817307.536,17.60
2026-09-19 16:58:27.599,onvif-e9b03eab-61a3-46bd-9f42-888fd59ddbc4,1789817307.553,1789817307.586,1789817307.589,1789817307.592,1789817307.592,1789817307.600,46.64
2026-09-19 16:58:27.706,onvif-e9b03eab-61a3-46bd-9f42-888fd59ddbc4,1789817307.687,1789817307.687,1789817307.690,1789817307.694,1789817307.694,1789817307.707,20.01
2026-09-19 16:58:27.825,onvif-e9b03eab-61a3-46bd-9f42-888fd59ddbc4,1789817307.806,1789817307.806,1789817307.809,1789817307.812,1789817307.812,1789817307.825,19.42
2026-09-19 16:58:27.891,onvif-e9b03eab-61a3-46bd-9f42-888fd59ddbc4,1789817307.845,1789817307.873,1789817307.877,1789817307.883,1789817307.883,1789817307.891,46.76
2026-09-19 16:58:27.964,onvif-e9b03eab-61a3-46bd-9f42-888fd59ddbc4,1789817307.925,1789817307.945,1789817307.951,1789817307.954,1789817307.954,1789817307.965,39.79
2026-09-19 16:58:28.082,onvif-e9b03eab-61a3-46bd-9f42-888fd59ddbc4,1789817308.064,1789817308.066,1789817308.069,1789817308.071,1789817308.071,1789817308.083,18.24
2026-09-19 16:58:28.245,onvif-e9b03eab-61a3-46bd-9f42-888fd59ddbc4,1789817308.226,1789817308.226,1789817308.228,1789817308.232,1789817308.232,1789817308.246,20.14
2026-09-19 16:58:28.407,onvif-e9b03eab-61a3-46bd-9f42-888fd59ddbc4,1789817308.385,1789817308.386,1789817308.390,1789817308.393,1789817308.393,1789817308.407,22.75
2026-09-19 16:58:28.538,onvif-e9b03eab-61a3-46bd-9f42-888fd59ddbc4,1789817308.515,1789817308.520,1789817308.525,1789817308.528,1789817308.528,1789817308.539,23.42
2026-09-19 16:58:28.633,onvif-e9b03eab-61a3-46bd-9f42-888fd59ddbc4,1789817308.618,1789817308.618,1789817308.622,1789817308.625,1789817308.626,1789817308.634,16.21
2026-09-19 16:58:28.792,onvif-e9b03eab-61a3-46bd-9f42-888fd59ddbc4,1789817308.769,1789817308.773,1789817308.777,1789817308.780,1789817308.780,1789817308.792,23.55
2026-09-19 16:58:28.956,onvif-e9b03eab-61a3-46bd-9f42-888fd59ddbc4,1789817308.931,1789817308.933,1789817308.938,1789817308.941,1789817308.941,1789817308.956,25.84
2026-09-19 16:58:29.111,onvif-e9b03eab-61a3-46bd-9f42-888fd59ddbc4,1789817309.081,1789817309.083,1789817309.090,1789817309.097,1789817309.098,1789817309.112,30.67
2026-09-19 16:58:29.176,onvif-e9b03eab-61a3-46bd-9f42-888fd59ddbc4,1789817309.120,1789817309.150,1789817309.156,1789817309.161,1789817309.161,1789817309.176,55.85
2026-09-19 16:58:29.281,onvif-e9b03eab-61a3-46bd-9f42-888fd59ddbc4,1789817309.241,1789817309.245,1789817309.251,1789817309.258,1789817309.258,1789817309.281,40.56
2026-09-19 16:58:29.340,onvif-e9b03eab-61a3-46bd-9f42-888fd59ddbc4,1789817309.279,1789817309.312,1789817309.319,1789817309.325,1789817309.326,1789817309.340,61.39
2026-09-19 16:58:29.418,onvif-e9b03eab-61a3-46bd-9f42-888fd59ddbc4,1789817309.392,1789817309.397,1789817309.401,1789817309.406,1789817309.406,1789817309.418,26.38
2026-09-19 16:58:29.605,onvif-e9b03eab-61a3-46bd-9f42-888fd59ddbc4,1789817309.587,1789817309.588,1789817309.592,1789817309.598,1789817309.598,1789817309.606,18.39
2026-09-19 16:58:29.746,onvif-e9b03eab-61a3-46bd-9f42-888fd59ddbc4,1789817309.727,1789817309.727,1789817309.731,1789817309.733,1789817309.733,1789817309.747,19.42
2026-09-19 16:58:29.908,onvif-e9b03eab-61a3-46bd-9f42-888fd59ddbc4,1789817309.881,1789817309.882,1789817309.888,1789817309.893,1789817309.893,1789817309.909,28.02
2026-09-19 16:58:30.052,onvif-e9b03eab-61a3-46bd-9f42-888fd59ddbc4,1789817310.024,1789817310.027,1789817310.033,1789817310.038,1789817310.038,1789817310.052,28.07
2026-09-19 16:58:30.235,onvif-e9b03eab-61a3-46bd-9f42-888fd59ddbc4,1789817310.206,1789817310.207,1789817310.214,1789817310.217,1789817310.217,1789817310.235,29.41
2026-09-19 16:58:30.390,onvif-e9b03eab-61a3-46bd-9f42-888fd59ddbc4,1789817310.363,1789817310.366,1789817310.373,1789817310.379,1789817310.380,1789817310.391,28.16
2026-09-19 16:58:30.692,onvif-e9b03eab-61a3-46bd-9f42-888fd59ddbc4,1789817310.659,1789817310.660,1789817310.667,1789817310.673,1789817310.673,1789817310.692,33.26
2026-09-19 16:58:30.751,onvif-e9b03eab-61a3-46bd-9f42-888fd59ddbc4,1789817310.703,1789817310.727,1789817310.734,1789817310.739,1789817310.739,1789817310.751,48.52
2026-09-19 16:58:30.841,onvif-e9b03eab-61a3-46bd-9f42-888fd59ddbc4,1789817310.805,1789817310.807,1789817310.814,1789817310.821,1789817310.821,1789817310.841,36.58
2026-09-19 16:58:30.995,onvif-e9b03eab-61a3-46bd-9f42-888fd59ddbc4,1789817310.961,1789817310.962,1789817310.968,1789817310.973,1789817310.973,1789817310.996,35.15
2026-09-19 16:58:31.137,onvif-e9b03eab-61a3-46bd-9f42-888fd59ddbc4,1789817311.117,1789817311.117,1789817311.121,1789817311.125,1789817311.125,1789817311.138,20.71
2026-09-19 16:58:31.199,onvif-e9b03eab-61a3-46bd-9f42-888fd59ddbc4,1789817311.152,1789817311.184,1789817311.188,1789817311.193,1789817311.193,1789817311.200,48.10
2026-09-19 16:58:31.302,onvif-e9b03eab-61a3-46bd-9f42-888fd59ddbc4,1789817311.276,1789817311.280,1789817311.284,1789817311.289,1789817311.289,1789817311.303,26.90
2026-09-19 16:58:31.476,onvif-e9b03eab-61a3-46bd-9f42-888fd59ddbc4,1789817311.451,1789817311.452,1789817311.456,1789817311.460,1789817311.460,1789817311.476,24.99
2026-09-19 16:58:31.594,onvif-e9b03eab-61a3-46bd-9f42-888fd59ddbc4,1789817311.572,1789817311.576,1789817311.580,1789817311.583,1789817311.583,1789817311.595,22.86
2026-09-19 16:58:31.689,onvif-e9b03eab-61a3-46bd-9f42-888fd59ddbc4,1789817311.674,1789817311.674,1789817311.678,1789817311.681,1789817311.681,1789817311.689,15.61
2026-09-19 16:58:31.868,onvif-e9b03eab-61a3-46bd-9f42-888fd59ddbc4,1789817311.849,1789817311.850,1789817311.853,1789817311.857,1789817311.857,1789817311.869,19.83
2026-09-19 16:58:31.931,onvif-e9b03eab-61a3-46bd-9f42-888fd59ddbc4,1789817311.910,1789817311.917,1789817311.921,1789817311.924,1789817311.924,1789817311.932,22.24
2026-09-19 16:58:32.021,onvif-e9b03eab-61a3-46bd-9f42-888fd59ddbc4,1789817312.003,1789817312.004,1789817312.009,1789817312.015,1789817312.015,1789817312.022,18.94
2026-09-19 16:58:32.093,onvif-e9b03eab-61a3-46bd-9f42-888fd59ddbc4,1789817312.074,1789817312.076,1789817312.080,1789817312.086,1789817312.086,1789817312.094,19.88
2026-09-19 16:58:32.185,onvif-e9b03eab-61a3-46bd-9f42-888fd59ddbc4,1789817312.167,1789817312.169,1789817312.172,1789817312.178,1789817312.178,1789817312.185,18.10
2026-09-19 16:58:32.257,onvif-e9b03eab-61a3-46bd-9f42-888fd59ddbc4,1789817312.238,1789817312.241,1789817312.247,1789817312.249,1789817312.249,1789817312.258,19.65
2026-09-19 16:58:32.357,onvif-e9b03eab-61a3-46bd-9f42-888fd59ddbc4,1789817312.338,1789817312.339,1789817312.342,1789817312.346,1789817312.346,1789817312.358,19.87
2026-09-19 16:58:32.418,onvif-e9b03eab-61a3-46bd-9f42-888fd59ddbc4,1789817312.396,1789817312.406,1789817312.409,1789817312.411,1789817312.411,1789817312.418,22.80
2026-09-19 16:58:32.534,onvif-e9b03eab-61a3-46bd-9f42-888fd59ddbc4,1789817312.514,1789817312.519,1789817312.522,1789817312.525,1789817312.525,1789817312.534,19.96
2026-09-19 16:58:32.608,onvif-e9b03eab-61a3-46bd-9f42-888fd59ddbc4,1789817312.586,1789817312.591,1789817312.596,1789817312.601,1789817312.601,1789817312.609,22.69
2026-09-19 16:58:32.692,onvif-e9b03eab-61a3-46bd-9f42-888fd59ddbc4,1789817312.670,1789817312.673,1789817312.677,1789817312.682,1789817312.682,1789817312.693,22.81
2026-09-19 16:58:32.758,onvif-e9b03eab-61a3-46bd-9f42-888fd59ddbc4,1789817312.743,1789817312.745,1789817312.749,1789817312.752,1789817312.752,1789817312.759,16.45
2026-09-19 16:58:32.826,onvif-e9b03eab-61a3-46bd-9f42-888fd59ddbc4,1789817312.805,1789817312.809,1789817312.813,1789817312.817,1789817312.817,1789817312.827,21.50
2026-09-19 16:58:32.909,onvif-e9b03eab-61a3-46bd-9f42-888fd59ddbc4,1789817312.894,1789817312.897,1789817312.901,1789817312.903,1789817312.903,1789817312.910,16.23
2026-09-19 16:58:32.984,onvif-e9b03eab-61a3-46bd-9f42-888fd59ddbc4,1789817312.946,1789817312.964,1789817312.970,1789817312.973,1789817312.973,1789817312.985,39.05
2026-09-19 16:58:33.080,onvif-e9b03eab-61a3-46bd-9f42-888fd59ddbc4,1789817313.061,1789817313.062,1789817313.065,1789817313.070,1789817313.070,1789817313.080,19.71
2026-09-19 16:58:33.152,onvif-e9b03eab-61a3-46bd-9f42-888fd59ddbc4,1789817313.125,1789817313.139,1789817313.142,1789817313.146,1789817313.146,1789817313.153,27.54
2026-09-19 16:58:33.210,onvif-e9b03eab-61a3-46bd-9f42-888fd59ddbc4,1789817313.188,1789817313.193,1789817313.197,1789817313.200,1789817313.200,1789817313.211,22.45
2026-09-19 16:58:33.273,onvif-e9b03eab-61a3-46bd-9f42-888fd59ddbc4,1789817313.246,1789817313.260,1789817313.263,1789817313.265,1789817313.265,1789817313.273,27.24
2026-09-19 16:58:33.385,onvif-e9b03eab-61a3-46bd-9f42-888fd59ddbc4,1789817313.370,1789817313.373,1789817313.376,1789817313.377,1789817313.377,1789817313.386,16.12
2026-09-19 16:58:33.459,onvif-e9b03eab-61a3-46bd-9f42-888fd59ddbc4,1789817313.426,1789817313.440,1789817313.445,1789817313.448,1789817313.448,1789817313.459,33.63
2026-09-19 16:58:33.544,onvif-e9b03eab-61a3-46bd-9f42-888fd59ddbc4,1789817313.526,1789817313.528,1789817313.531,1789817313.534,1789817313.534,1789817313.545,19.31
2026-09-19 16:58:33.619,onvif-e9b03eab-61a3-46bd-9f42-888fd59ddbc4,1789817313.598,1789817313.600,1789817313.604,1789817313.610,1789817313.610,1789817313.620,22.01
2026-09-19 16:58:33.704,onvif-e9b03eab-61a3-46bd-9f42-888fd59ddbc4,1789817313.684,1789817313.688,1789817313.692,1789817313.696,1789817313.696,1789817313.704,19.78
2026-09-19 16:58:33.765,onvif-e9b03eab-61a3-46bd-9f42-888fd59ddbc4,1789817313.744,1789817313.747,1789817313.750,1789817313.756,1789817313.756,1789817313.766,21.67
2026-09-19 16:58:33.827,onvif-e9b03eab-61a3-46bd-9f42-888fd59ddbc4,1789817313.798,1789817313.814,1789817313.817,1789817313.822,1789817313.822,1789817313.828,29.50
2026-09-19 16:58:33.915,onvif-e9b03eab-61a3-46bd-9f42-888fd59ddbc4,1789817313.890,1789817313.896,1789817313.902,1789817313.907,1789817313.908,1789817313.916,25.60
2026-09-19 16:58:33.982,onvif-e9b03eab-61a3-46bd-9f42-888fd59ddbc4,1789817313.941,1789817313.963,1789817313.967,1789817313.972,1789817313.973,1789817313.983,41.48
2026-09-19 16:58:34.060,onvif-e9b03eab-61a3-46bd-9f42-888fd59ddbc4,1789817314.040,1789817314.045,1789817314.048,1789817314.054,1789817314.054,1789817314.061,20.27
2026-09-19 16:58:34.137,onvif-e9b03eab-61a3-46bd-9f42-888fd59ddbc4,1789817314.118,1789817314.122,1789817314.127,1789817314.129,1789817314.129,1789817314.138,19.76
2026-09-19 16:58:34.191,onvif-e9b03eab-61a3-46bd-9f42-888fd59ddbc4,1789817314.172,1789817314.177,1789817314.180,1789817314.183,1789817314.183,1789817314.191,18.57
2026-09-19 16:58:34.260,onvif-e9b03eab-61a3-46bd-9f42-888fd59ddbc4,1789817314.241,1789817314.244,1789817314.248,1789817314.253,1789817314.253,1789817314.260,19.19
2026-09-19 16:58:34.367,onvif-e9b03eab-61a3-46bd-9f42-888fd59ddbc4,1789817314.342,1789817314.347,1789817314.350,1789817314.355,1789817314.355,1789817314.367,25.50
2026-09-19 16:58:34.438,onvif-e9b03eab-61a3-46bd-9f42-888fd59ddbc4,1789817314.423,1789817314.424,1789817314.427,1789817314.431,1789817314.431,1789817314.439,15.78
2026-09-19 16:58:34.529,onvif-e9b03eab-61a3-46bd-9f42-888fd59ddbc4,1789817314.508,1789817314.512,1789817314.516,1789817314.522,1789817314.522,1789817314.529,20.57
2026-09-19 16:58:34.597,onvif-e9b03eab-61a3-46bd-9f42-888fd59ddbc4,1789817314.565,1789817314.579,1789817314.582,1789817314.587,1789817314.587,1789817314.598,32.95
2026-09-19 16:58:34.691,onvif-e9b03eab-61a3-46bd-9f42-888fd59ddbc4,1789817314.675,1789817314.677,1789817314.680,1789817314.684,1789817314.684,1789817314.691,16.23
2026-09-19 16:58:34.771,onvif-e9b03eab-61a3-46bd-9f42-888fd59ddbc4,1789817314.746,1789817314.749,1789817314.754,1789817314.760,1789817314.760,1789817314.772,25.54
2026-09-19 16:58:34.862,onvif-e9b03eab-61a3-46bd-9f42-888fd59ddbc4,1789817314.843,1789817314.846,1789817314.850,1789817314.852,1789817314.852,1789817314.863,20.10
2026-09-19 16:58:34.930,onvif-e9b03eab-61a3-46bd-9f42-888fd59ddbc4,1789817314.908,1789817314.913,1789817314.917,1789817314.923,1789817314.924,1789817314.930,22.30
2026-09-19 16:58:35.017,onvif-e9b03eab-61a3-46bd-9f42-888fd59ddbc4,1789817315.000,1789817315.001,1789817315.004,1789817315.010,1789817315.010,1789817315.017,17.83
2026-09-19 16:58:35.098,onvif-e9b03eab-61a3-46bd-9f42-888fd59ddbc4,1789817315.064,1789817315.078,1789817315.082,1789817315.086,1789817315.086,1789817315.098,34.40
2026-09-19 16:58:35.201,onvif-e9b03eab-61a3-46bd-9f42-888fd59ddbc4,1789817315.179,1789817315.181,1789817315.184,1789817315.189,1789817315.189,1789817315.201,22.36
2026-09-19 16:58:35.262,onvif-e9b03eab-61a3-46bd-9f42-888fd59ddbc4,1789817315.244,1789817315.248,1789817315.252,1789817315.254,1789817315.255,1789817315.263,18.77
2026-09-19 16:58:35.361,onvif-e9b03eab-61a3-46bd-9f42-888fd59ddbc4,1789817315.341,1789817315.346,1789817315.349,1789817315.352,1789817315.352,1789817315.362,20.41
2026-09-19 16:58:35.432,onvif-e9b03eab-61a3-46bd-9f42-888fd59ddbc4,1789817315.413,1789817315.413,1789817315.416,1789817315.422,1789817315.422,1789817315.433,20.20
2026-09-19 16:58:35.527,onvif-e9b03eab-61a3-46bd-9f42-888fd59ddbc4,1789817315.510,1789817315.511,1789817315.514,1789817315.520,1789817315.520,1789817315.527,16.91
2026-09-19 16:58:35.597,onvif-e9b03eab-61a3-46bd-9f42-888fd59ddbc4,1789817315.574,1789817315.578,1789817315.583,1789817315.586,1789817315.586,1789817315.598,23.29
2026-09-19 16:58:35.691,onvif-e9b03eab-61a3-46bd-9f42-888fd59ddbc4,1789817315.670,1789817315.671,1789817315.674,1789817315.679,1789817315.679,1789817315.691,21.06
2026-09-19 16:58:35.752,onvif-e9b03eab-61a3-46bd-9f42-888fd59ddbc4,1789817315.736,1789817315.738,1789817315.742,1789817315.744,1789817315.745,1789817315.752,16.75
2026-09-19 16:58:35.857,onvif-e9b03eab-61a3-46bd-9f42-888fd59ddbc4,1789817315.843,1789817315.845,1789817315.849,1789817315.851,1789817315.851,1789817315.857,14.36
2026-09-19 16:58:35.933,onvif-e9b03eab-61a3-46bd-9f42-888fd59ddbc4,1789817315.901,1789817315.912,1789817315.917,1789817315.922,1789817315.922,1789817315.933,32.49
2026-09-19 16:58:36.025,onvif-e9b03eab-61a3-46bd-9f42-888fd59ddbc4,1789817316.001,1789817316.005,1789817316.009,1789817316.014,1789817316.014,1789817316.025,24.09
2026-09-19 16:58:36.087,onvif-e9b03eab-61a3-46bd-9f42-888fd59ddbc4,1789817316.070,1789817316.072,1789817316.077,1789817316.081,1789817316.081,1789817316.088,17.72
2026-09-19 16:58:36.191,onvif-e9b03eab-61a3-46bd-9f42-888fd59ddbc4,1789817316.172,1789817316.175,1789817316.179,1789817316.184,1789817316.184,1789817316.191,19.02
2026-09-19 16:58:36.262,onvif-e9b03eab-61a3-46bd-9f42-888fd59ddbc4,1789817316.237,1789817316.242,1789817316.245,1789817316.250,1789817316.250,1789817316.262,25.41
2026-09-19 16:58:36.354,onvif-e9b03eab-61a3-46bd-9f42-888fd59ddbc4,1789817316.335,1789817316.340,1789817316.343,1789817316.347,1789817316.347,1789817316.355,19.44
2026-09-19 16:58:36.436,onvif-e9b03eab-61a3-46bd-9f42-888fd59ddbc4,1789817316.420,1789817316.422,1789817316.426,1789817316.429,1789817316.429,1789817316.437,16.98
2026-09-19 16:58:36.522,onvif-e9b03eab-61a3-46bd-9f42-888fd59ddbc4,1789817316.504,1789817316.505,1789817316.507,1789817316.510,1789817316.510,1789817316.522,18.17
2026-09-19 16:58:36.587,onvif-e9b03eab-61a3-46bd-9f42-888fd59ddbc4,1789817316.570,1789817316.571,1789817316.576,1789817316.581,1789817316.581,1789817316.588,17.31
2026-09-19 16:58:36.684,onvif-e9b03eab-61a3-46bd-9f42-888fd59ddbc4,1789817316.666,1789817316.669,1789817316.673,1789817316.678,1789817316.678,1789817316.685,18.55
2026-09-19 16:58:36.761,onvif-e9b03eab-61a3-46bd-9f42-888fd59ddbc4,1789817316.733,1789817316.741,1789817316.745,1789817316.748,1789817316.748,1789817316.762,28.81
2026-09-19 16:58:36.850,onvif-e9b03eab-61a3-46bd-9f42-888fd59ddbc4,1789817316.836,1789817316.839,1789817316.842,1789817316.844,1789817316.844,1789817316.850,14.04
2026-09-19 16:58:36.932,onvif-e9b03eab-61a3-46bd-9f42-888fd59ddbc4,1789817316.914,1789817316.916,1789817316.920,1789817316.925,1789817316.925,1789817316.932,17.90
2026-09-19 16:58:37.029,onvif-e9b03eab-61a3-46bd-9f42-888fd59ddbc4,1789817317.006,1789817317.009,1789817317.013,1789817317.017,1789817317.017,1789817317.030,23.70
2026-09-19 16:58:37.089,onvif-e9b03eab-61a3-46bd-9f42-888fd59ddbc4,1789817317.067,1789817317.076,1789817317.080,1789817317.082,1789817317.082,1789817317.090,22.63
2026-09-19 16:58:37.195,onvif-e9b03eab-61a3-46bd-9f42-888fd59ddbc4,1789817317.178,1789817317.179,1789817317.182,1789817317.185,1789817317.186,1789817317.196,17.55
2026-09-19 16:58:37.266,onvif-e9b03eab-61a3-46bd-9f42-888fd59ddbc4,1789817317.248,1789817317.251,1789817317.255,1789817317.261,1789817317.261,1789817317.267,18.19
2026-09-19 16:58:37.355,onvif-e9b03eab-61a3-46bd-9f42-888fd59ddbc4,1789817317.337,1789817317.338,1789817317.343,1789817317.348,1789817317.348,1789817317.355,18.75
2026-09-19 16:58:37.424,onvif-e9b03eab-61a3-46bd-9f42-888fd59ddbc4,1789817317.397,1789817317.405,1789817317.409,1789817317.414,1789817317.414,1789817317.425,27.80
2026-09-19 16:58:37.517,onvif-e9b03eab-61a3-46bd-9f42-888fd59ddbc4,1789817317.502,1789817317.503,1789817317.506,1789817317.511,1789817317.511,1789817317.517,15.69
2026-09-19 16:58:37.591,onvif-e9b03eab-61a3-46bd-9f42-888fd59ddbc4,1789817317.564,1789817317.570,1789817317.575,1789817317.582,1789817317.582,1789817317.591,27.27
2026-09-19 16:58:37.692,onvif-e9b03eab-61a3-46bd-9f42-888fd59ddbc4,1789817317.669,1789817317.674,1789817317.677,1789817317.680,1789817317.680,1789817317.693,23.53
2026-09-19 16:58:37.757,onvif-e9b03eab-61a3-46bd-9f42-888fd59ddbc4,1789817317.744,1789817317.746,1789817317.749,1789817317.750,1789817317.750,1789817317.758,13.27
2026-09-19 16:58:37.859,onvif-e9b03eab-61a3-46bd-9f42-888fd59ddbc4,1789817317.840,1789817317.844,1789817317.848,1789817317.852,1789817317.852,1789817317.860,19.31
2026-09-19 16:58:37.930,onvif-e9b03eab-61a3-46bd-9f42-888fd59ddbc4,1789817317.911,1789817317.911,1789817317.914,1789817317.918,1789817317.918,1789817317.931,19.91
2026-09-19 16:58:38.021,onvif-e9b03eab-61a3-46bd-9f42-888fd59ddbc4,1789817318.004,1789817318.009,1789817318.012,1789817318.015,1789817318.015,1789817318.022,17.43
2026-09-19 16:58:38.096,onvif-e9b03eab-61a3-46bd-9f42-888fd59ddbc4,1789817318.069,1789817318.076,1789817318.081,1789817318.087,1789817318.087,1789817318.096,26.97
2026-09-19 16:58:38.188,onvif-e9b03eab-61a3-46bd-9f42-888fd59ddbc4,1789817318.172,1789817318.174,1789817318.177,1789817318.179,1789817318.179,1789817318.188,15.82
2026-09-19 16:58:38.261,onvif-e9b03eab-61a3-46bd-9f42-888fd59ddbc4,1789817318.243,1789817318.246,1789817318.249,1789817318.255,1789817318.255,1789817318.261,18.04
2026-09-19 16:58:38.358,onvif-e9b03eab-61a3-46bd-9f42-888fd59ddbc4,1789817318.342,1789817318.343,1789817318.347,1789817318.351,1789817318.352,1789817318.359,16.38
2026-09-19 16:58:38.429,onvif-e9b03eab-61a3-46bd-9f42-888fd59ddbc4,1789817318.399,1789817318.410,1789817318.414,1789817318.417,1789817318.417,1789817318.430,30.40
2026-09-19 16:58:38.532,onvif-e9b03eab-61a3-46bd-9f42-888fd59ddbc4,1789817318.512,1789817318.513,1789817318.516,1789817318.520,1789817318.520,1789817318.532,20.09
2026-09-19 16:58:38.597,onvif-e9b03eab-61a3-46bd-9f42-888fd59ddbc4,1789817318.575,1789817318.580,1789817318.584,1789817318.591,1789817318.591,1789817318.597,21.61
2026-09-19 16:58:38.694,onvif-e9b03eab-61a3-46bd-9f42-888fd59ddbc4,1789817318.676,1789817318.678,1789817318.682,1789817318.688,1789817318.688,1789817318.694,18.61
2026-09-19 16:58:38.765,onvif-e9b03eab-61a3-46bd-9f42-888fd59ddbc4,1789817318.733,1789817318.745,1789817318.749,1789817318.753,1789817318.753,1789817318.765,32.06
2026-09-19 16:58:38.852,onvif-e9b03eab-61a3-46bd-9f42-888fd59ddbc4,1789817318.834,1789817318.837,1789817318.842,1789817318.844,1789817318.844,1789817318.852,18.39
2026-09-19 16:58:38.925,onvif-e9b03eab-61a3-46bd-9f42-888fd59ddbc4,1789817318.896,1789817318.904,1789817318.910,1789817318.916,1789817318.916,1789817318.925,29.12
2026-09-19 16:58:39.023,onvif-e9b03eab-61a3-46bd-9f42-888fd59ddbc4,1789817319.005,1789817319.007,1789817319.010,1789817319.012,1789817319.012,1789817319.024,18.99
2026-09-19 16:58:39.101,onvif-e9b03eab-61a3-46bd-9f42-888fd59ddbc4,1789817319.066,1789817319.084,1789817319.088,1789817319.094,1789817319.094,1789817319.101,35.22
2026-09-19 16:58:39.192,onvif-e9b03eab-61a3-46bd-9f42-888fd59ddbc4,1789817319.176,1789817319.177,1789817319.181,1789817319.186,1789817319.186,1789817319.193,16.81
2026-09-19 16:58:39.263,onvif-e9b03eab-61a3-46bd-9f42-888fd59ddbc4,1789817319.234,1789817319.244,1789817319.247,1789817319.251,1789817319.251,1789817319.263,29.45
2026-09-19 16:58:39.349,onvif-e9b03eab-61a3-46bd-9f42-888fd59ddbc4,1789817319.334,1789817319.336,1789817319.340,1789817319.343,1789817319.343,1789817319.350,15.60
2026-09-19 16:58:39.420,onvif-e9b03eab-61a3-46bd-9f42-888fd59ddbc4,1789817319.399,1789817319.403,1789817319.408,1789817319.413,1789817319.413,1789817319.421,21.19
2026-09-19 16:58:39.518,onvif-e9b03eab-61a3-46bd-9f42-888fd59ddbc4,1789817319.501,1789817319.502,1789817319.504,1789817319.507,1789817319.507,1789817319.518,17.73
2026-09-19 16:58:39.591,onvif-e9b03eab-61a3-46bd-9f42-888fd59ddbc4,1789817319.571,1789817319.574,1789817319.577,1789817319.583,1789817319.583,1789817319.592,21.33
2026-09-19 16:58:39.682,onvif-e9b03eab-61a3-46bd-9f42-888fd59ddbc4,1789817319.664,1789817319.666,1789817319.669,1789817319.676,1789817319.676,1789817319.683,18.34
2026-09-19 16:58:39.764,onvif-e9b03eab-61a3-46bd-9f42-888fd59ddbc4,1789817319.736,1789817319.749,1789817319.754,1789817319.757,1789817319.757,1789817319.765,29.28
2026-09-19 16:58:39.863,onvif-e9b03eab-61a3-46bd-9f42-888fd59ddbc4,1789817319.843,1789817319.846,1789817319.850,1789817319.853,1789817319.853,1789817319.864,20.94
2026-09-19 16:58:39.930,onvif-e9b03eab-61a3-46bd-9f42-888fd59ddbc4,1789817319.898,1789817319.913,1789817319.918,1789817319.924,1789817319.924,1789817319.931,32.68
2026-09-19 16:58:40.027,onvif-e9b03eab-61a3-46bd-9f42-888fd59ddbc4,1789817320.009,1789817320.011,1789817320.015,1789817320.020,1789817320.021,1789817320.028,19.07
2026-09-19 16:58:40.100,onvif-e9b03eab-61a3-46bd-9f42-888fd59ddbc4,1789817320.080,1789817320.084,1789817320.087,1789817320.091,1789817320.091,1789817320.100,19.68
2026-09-19 16:58:40.180,onvif-e9b03eab-61a3-46bd-9f42-888fd59ddbc4,1789817320.164,1789817320.166,1789817320.170,1789817320.174,1789817320.174,1789817320.180,16.45
2026-09-19 16:58:40.256,onvif-e9b03eab-61a3-46bd-9f42-888fd59ddbc4,1789817320.241,1789817320.243,1789817320.247,1789817320.249,1789817320.249,1789817320.257,15.32
2026-09-19 16:58:40.355,onvif-e9b03eab-61a3-46bd-9f42-888fd59ddbc4,1789817320.334,1789817320.336,1789817320.340,1789817320.342,1789817320.342,1789817320.355,21.08
2026-09-19 16:58:40.434,onvif-e9b03eab-61a3-46bd-9f42-888fd59ddbc4,1789817320.419,1789817320.419,1789817320.422,1789817320.428,1789817320.428,1789817320.434,15.70
2026-09-19 16:58:40.531,onvif-e9b03eab-61a3-46bd-9f42-888fd59ddbc4,1789817320.514,1789817320.517,1789817320.520,1789817320.525,1789817320.525,1789817320.532,18.14
2026-09-19 16:58:40.603,onvif-e9b03eab-61a3-46bd-9f42-888fd59ddbc4,1789817320.580,1789817320.584,1789817320.587,1789817320.592,1789817320.592,1789817320.604,23.77
2026-09-19 16:58:40.689,onvif-e9b03eab-61a3-46bd-9f42-888fd59ddbc4,1789817320.676,1789817320.677,1789817320.681,1789817320.684,1789817320.684,1789817320.690,13.30
2026-09-19 16:58:40.772,onvif-e9b03eab-61a3-46bd-9f42-888fd59ddbc4,1789817320.754,1789817320.759,1789817320.764,1789817320.765,1789817320.765,1789817320.773,18.53
2026-09-19 16:58:40.857,onvif-e9b03eab-61a3-46bd-9f42-888fd59ddbc4,1789817320.833,1789817320.837,1789817320.840,1789817320.846,1789817320.846,1789817320.857,24.06
2026-09-19 16:58:40.918,onvif-e9b03eab-61a3-46bd-9f42-888fd59ddbc4,1789817320.902,1789817320.904,1789817320.907,1789817320.912,1789817320.912,1789817320.919,17.01
2026-09-19 16:58:41.004,onvif-e9b03eab-61a3-46bd-9f42-888fd59ddbc4,1789817320.990,1789817320.991,1789817320.995,1789817320.998,1789817320.998,1789817321.005,14.52
2026-09-19 16:58:41.070,onvif-e9b03eab-61a3-46bd-9f42-888fd59ddbc4,1789817321.048,1789817321.050,1789817321.053,1789817321.057,1789817321.057,1789817321.070,22.16
2026-09-19 16:58:41.138,onvif-e9b03eab-61a3-46bd-9f42-888fd59ddbc4,1789817321.118,1789817321.122,1789817321.126,1789817321.133,1789817321.133,1789817321.139,20.18
2026-09-19 16:58:41.203,onvif-e9b03eab-61a3-46bd-9f42-888fd59ddbc4,1789817321.178,1789817321.181,1789817321.185,1789817321.191,1789817321.191,1789817321.204,26.05
2026-09-19 16:58:41.262,onvif-e9b03eab-61a3-46bd-9f42-888fd59ddbc4,1789817321.240,1789817321.248,1789817321.253,1789817321.257,1789817321.257,1789817321.262,22.84
2026-09-19 16:58:41.358,onvif-e9b03eab-61a3-46bd-9f42-888fd59ddbc4,1789817321.341,1789817321.347,1789817321.351,1789817321.353,1789817321.353,1789817321.359,17.27
2026-09-19 16:58:41.428,onvif-e9b03eab-61a3-46bd-9f42-888fd59ddbc4,1789817321.402,1789817321.414,1789817321.417,1789817321.418,1789817321.419,1789817321.428,26.21
2026-09-19 16:58:41.510,onvif-e9b03eab-61a3-46bd-9f42-888fd59ddbc4,1789817321.494,1789817321.496,1789817321.499,1789817321.504,1789817321.504,1789817321.510,15.96
2026-09-19 16:58:41.602,onvif-e9b03eab-61a3-46bd-9f42-888fd59ddbc4,1789817321.568,1789817321.579,1789817321.584,1789817321.590,1789817321.590,1789817321.603,34.23
2026-09-19 17:19:39.983,onvif-e9b03eab-61a3-46bd-9f42-888fd59ddbc4,1789818579.912,1789818579.916,1789818579.936,1789818579.943,1789818579.943,1789818579.983,71.29
2026-09-19 17:19:40.021,onvif-e9b03eab-61a3-46bd-9f42-888fd59ddbc4,1789818579.984,1789818579.985,1789818579.992,1789818579.998,1789818579.998,1789818580.022,37.47
2026-09-19 17:19:40.096,onvif-e9b03eab-61a3-46bd-9f42-888fd59ddbc4,1789818580.045,1789818580.054,1789818580.060,1789818580.062,1789818580.062,1789818580.096,51.14
2026-09-19 17:19:40.168,onvif-e9b03eab-61a3-46bd-9f42-888fd59ddbc4,1789818580.117,1789818580.123,1789818580.130,1789818580.136,1789818580.136,1789818580.168,51.73
2026-09-19 17:19:40.233,onvif-e9b03eab-61a3-46bd-9f42-888fd59ddbc4,1789818580.174,1789818580.191,1789818580.198,1789818580.200,1789818580.201,1789818580.233,59.01
2026-09-19 17:19:40.470,onvif-e9b03eab-61a3-46bd-9f42-888fd59ddbc4,1789818580.427,1789818580.432,1789818580.438,1789818580.439,1789818580.439,1789818580.471,43.49
2026-09-19 17:19:40.680,onvif-e9b03eab-61a3-46bd-9f42-888fd59ddbc4,1789818580.639,1789818580.643,1789818580.648,1789818580.652,1789818580.652,1789818580.681,41.73
2026-09-19 17:19:40.749,onvif-e9b03eab-61a3-46bd-9f42-888fd59ddbc4,1789818580.701,1789818580.711,1789818580.718,1789818580.719,1789818580.719,1789818580.749,47.97
2026-09-19 17:19:40.812,onvif-e9b03eab-61a3-46bd-9f42-888fd59ddbc4,1789818580.769,1789818580.779,1789818580.785,1789818580.787,1789818580.787,1789818580.813,43.55
2026-09-19 17:19:40.880,onvif-e9b03eab-61a3-46bd-9f42-888fd59ddbc4,1789818580.837,1789818580.841,1789818580.847,1789818580.849,1789818580.849,1789818580.880,43.19
2026-09-19 17:19:41.082,onvif-e9b03eab-61a3-46bd-9f42-888fd59ddbc4,1789818581.039,1789818581.045,1789818581.056,1789818581.060,1789818581.060,1789818581.083,43.32
2026-09-19 17:19:41.291,onvif-e9b03eab-61a3-46bd-9f42-888fd59ddbc4,1789818581.249,1789818581.253,1789818581.259,1789818581.261,1789818581.261,1789818581.292,42.70
2026-09-19 17:19:41.362,onvif-e9b03eab-61a3-46bd-9f42-888fd59ddbc4,1789818581.314,1789818581.323,1789818581.330,1789818581.332,1789818581.332,1789818581.362,48.50
2026-09-19 17:19:41.431,onvif-e9b03eab-61a3-46bd-9f42-888fd59ddbc4,1789818581.360,1789818581.392,1789818581.398,1789818581.403,1789818581.403,1789818581.432,71.96
2026-09-19 17:19:41.498,onvif-e9b03eab-61a3-46bd-9f42-888fd59ddbc4,1789818581.442,1789818581.460,1789818581.467,1789818581.470,1789818581.470,1789818581.499,57.39
2026-09-19 17:19:41.597,onvif-e9b03eab-61a3-46bd-9f42-888fd59ddbc4,1789818581.555,1789818581.557,1789818581.563,1789818581.567,1789818581.567,1789818581.597,42.72
2026-09-19 17:19:41.696,onvif-e9b03eab-61a3-46bd-9f42-888fd59ddbc4,1789818581.658,1789818581.660,1789818581.667,1789818581.670,1789818581.670,1789818581.696,38.64
2026-09-19 17:19:41.777,onvif-e9b03eab-61a3-46bd-9f42-888fd59ddbc4,1789818581.697,1789818581.729,1789818581.736,1789818581.740,1789818581.740,1789818581.777,80.48
2026-09-19 17:19:41.831,onvif-e9b03eab-61a3-46bd-9f42-888fd59ddbc4,1789818581.771,1789818581.797,1789818581.803,1789818581.805,1789818581.805,1789818581.831,60.20
2026-09-19 17:19:41.899,onvif-e9b03eab-61a3-46bd-9f42-888fd59ddbc4,1789818581.855,1789818581.859,1789818581.866,1789818581.867,1789818581.867,1789818581.900,45.45
2026-09-19 17:19:42.020,onvif-e9b03eab-61a3-46bd-9f42-888fd59ddbc4,1789818581.968,1789818581.972,1789818581.978,1789818581.981,1789818581.981,1789818582.021,52.94
2026-09-19 17:19:42.115,onvif-e9b03eab-61a3-46bd-9f42-888fd59ddbc4,1789818582.073,1789818582.075,1789818582.081,1789818582.089,1789818582.089,1789818582.115,42.21
2026-09-19 17:19:42.229,onvif-e9b03eab-61a3-46bd-9f42-888fd59ddbc4,1789818582.172,1789818582.177,1789818582.188,1789818582.192,1789818582.192,1789818582.229,57.43
2026-09-19 17:19:42.287,onvif-e9b03eab-61a3-46bd-9f42-888fd59ddbc4,1789818582.223,1789818582.245,1789818582.252,1789818582.257,1789818582.257,1789818582.287,64.24
2026-09-19 17:19:42.361,onvif-e9b03eab-61a3-46bd-9f42-888fd59ddbc4,1789818582.286,1789818582.314,1789818582.320,1789818582.327,1789818582.327,1789818582.362,75.86
2026-09-19 17:19:42.429,onvif-e9b03eab-61a3-46bd-9f42-888fd59ddbc4,1789818582.368,1789818582.388,1789818582.393,1789818582.398,1789818582.398,1789818582.429,61.43
2026-09-19 17:19:42.520,onvif-e9b03eab-61a3-46bd-9f42-888fd59ddbc4,1789818582.485,1789818582.487,1789818582.493,1789818582.498,1789818582.498,1789818582.521,35.28
2026-09-19 17:19:42.616,onvif-e9b03eab-61a3-46bd-9f42-888fd59ddbc4,1789818582.581,1789818582.583,1789818582.591,1789818582.597,1789818582.597,1789818582.616,35.57
2026-09-19 17:19:42.727,onvif-e9b03eab-61a3-46bd-9f42-888fd59ddbc4,1789818582.683,1789818582.684,1789818582.692,1789818582.694,1789818582.694,1789818582.727,44.22
2026-09-19 17:19:42.824,onvif-e9b03eab-61a3-46bd-9f42-888fd59ddbc4,1789818582.787,1789818582.790,1789818582.796,1789818582.801,1789818582.801,1789818582.824,37.18
2026-09-19 17:19:42.935,onvif-e9b03eab-61a3-46bd-9f42-888fd59ddbc4,1789818582.886,1789818582.892,1789818582.899,1789818582.901,1789818582.901,1789818582.935,49.26
2026-09-19 17:19:43.133,onvif-e9b03eab-61a3-46bd-9f42-888fd59ddbc4,1789818583.088,1789818583.091,1789818583.096,1789818583.103,1789818583.103,1789818583.133,45.75
2026-09-19 17:19:43.199,onvif-e9b03eab-61a3-46bd-9f42-888fd59ddbc4,1789818583.150,1789818583.160,1789818583.167,1789818583.170,1789818583.170,1789818583.199,49.44
2026-09-19 17:19:43.345,onvif-e9b03eab-61a3-46bd-9f42-888fd59ddbc4,1789818583.296,1789818583.301,1789818583.308,1789818583.313,1789818583.314,1789818583.345,48.98
2026-09-19 17:19:43.529,onvif-e9b03eab-61a3-46bd-9f42-888fd59ddbc4,1789818583.475,1789818583.480,1789818583.488,1789818583.493,1789818583.494,1789818583.530,55.10
2026-09-19 17:19:43.595,onvif-e9b03eab-61a3-46bd-9f42-888fd59ddbc4,1789818583.546,1789818583.550,1789818583.556,1789818583.569,1789818583.569,1789818583.595,49.29
2026-09-19 17:19:43.650,onvif-e9b03eab-61a3-46bd-9f42-888fd59ddbc4,1789818583.602,1789818583.607,1789818583.614,1789818583.621,1789818583.621,1789818583.650,48.47
2026-09-19 17:19:43.733,onvif-e9b03eab-61a3-46bd-9f42-888fd59ddbc4,1789818583.702,1789818583.703,1789818583.709,1789818583.712,1789818583.712,1789818583.733,31.38
2026-09-19 17:19:43.955,onvif-e9b03eab-61a3-46bd-9f42-888fd59ddbc4,1789818583.912,1789818583.913,1789818583.920,1789818583.923,1789818583.923,1789818583.956,43.69
2026-09-19 17:19:44.011,onvif-e9b03eab-61a3-46bd-9f42-888fd59ddbc4,1789818583.949,1789818583.981,1789818583.988,1789818583.992,1789818583.992,1789818584.011,62.11
2026-09-19 17:19:44.167,onvif-e9b03eab-61a3-46bd-9f42-888fd59ddbc4,1789818584.118,1789818584.124,1789818584.130,1789818584.133,1789818584.133,1789818584.168,49.59
2026-09-19 17:19:44.234,onvif-e9b03eab-61a3-46bd-9f42-888fd59ddbc4,1789818584.178,1789818584.192,1789818584.199,1789818584.203,1789818584.203,1789818584.235,57.02
2026-09-19 17:19:44.303,onvif-e9b03eab-61a3-46bd-9f42-888fd59ddbc4,1789818584.230,1789818584.261,1789818584.272,1789818584.277,1789818584.278,1789818584.304,73.25
2026-09-19 17:19:44.359,onvif-e9b03eab-61a3-46bd-9f42-888fd59ddbc4,1789818584.319,1789818584.323,1789818584.335,1789818584.337,1789818584.337,1789818584.360,40.40
2026-09-19 17:19:44.470,onvif-e9b03eab-61a3-46bd-9f42-888fd59ddbc4,1789818584.421,1789818584.425,1789818584.435,1789818584.440,1789818584.440,1789818584.471,49.54
2026-09-19 17:19:44.565,onvif-e9b03eab-61a3-46bd-9f42-888fd59ddbc4,1789818584.523,1789818584.527,1789818584.533,1789818584.536,1789818584.536,1789818584.566,42.70
2026-09-19 17:19:44.671,onvif-e9b03eab-61a3-46bd-9f42-888fd59ddbc4,1789818584.626,1789818584.630,1789818584.636,1789818584.638,1789818584.638,1789818584.672,46.18
2026-09-19 17:19:44.768,onvif-e9b03eab-61a3-46bd-9f42-888fd59ddbc4,1789818584.735,1789818584.738,1789818584.745,1789818584.747,1789818584.747,1789818584.769,33.47
2026-09-19 17:19:44.879,onvif-e9b03eab-61a3-46bd-9f42-888fd59ddbc4,1789818584.833,1789818584.838,1789818584.846,1789818584.849,1789818584.849,1789818584.880,46.43
2026-09-19 17:19:44.976,onvif-e9b03eab-61a3-46bd-9f42-888fd59ddbc4,1789818584.934,1789818584.936,1789818584.942,1789818584.945,1789818584.945,1789818584.976,42.74
2026-09-19 17:19:45.109,onvif-e9b03eab-61a3-46bd-9f42-888fd59ddbc4,1789818585.061,1789818585.064,1789818585.075,1789818585.078,1789818585.078,1789818585.109,48.01
2026-09-19 17:19:45.193,onvif-e9b03eab-61a3-46bd-9f42-888fd59ddbc4,1789818585.148,1789818585.153,1789818585.159,1789818585.162,1789818585.163,1789818585.193,45.41
2026-09-19 17:19:45.261,onvif-e9b03eab-61a3-46bd-9f42-888fd59ddbc4,1789818585.191,1789818585.222,1789818585.230,1789818585.235,1789818585.235,1789818585.261,70.12
2026-09-19 17:19:45.348,onvif-e9b03eab-61a3-46bd-9f42-888fd59ddbc4,1789818585.297,1789818585.300,1789818585.311,1789818585.314,1789818585.314,1789818585.348,51.32
2026-09-19 17:19:45.414,onvif-e9b03eab-61a3-46bd-9f42-888fd59ddbc4,1789818585.364,1789818585.370,1789818585.377,1789818585.381,1789818585.381,1789818585.414,49.99
2026-09-19 17:19:45.498,onvif-e9b03eab-61a3-46bd-9f42-888fd59ddbc4,1789818585.444,1789818585.449,1789818585.460,1789818585.462,1789818585.462,1789818585.498,53.77
2026-09-19 17:19:45.595,onvif-e9b03eab-61a3-46bd-9f42-888fd59ddbc4,1789818585.548,1789818585.551,1789818585.558,1789818585.564,1789818585.564,1789818585.595,47.19
2026-09-19 17:19:45.691,onvif-e9b03eab-61a3-46bd-9f42-888fd59ddbc4,1789818585.650,1789818585.654,1789818585.660,1789818585.667,1789818585.668,1789818585.691,41.65
2026-09-19 17:19:45.787,onvif-e9b03eab-61a3-46bd-9f42-888fd59ddbc4,1789818585.753,1789818585.755,1789818585.762,1789818585.765,1789818585.765,1789818585.788,35.47
2026-09-19 17:19:45.901,onvif-e9b03eab-61a3-46bd-9f42-888fd59ddbc4,1789818585.857,1789818585.863,1789818585.870,1789818585.876,1789818585.876,1789818585.901,44.07
2026-09-19 17:19:45.998,onvif-e9b03eab-61a3-46bd-9f42-888fd59ddbc4,1789818585.958,1789818585.964,1789818585.971,1789818585.973,1789818585.973,1789818585.998,39.58
2026-09-19 17:19:46.095,onvif-e9b03eab-61a3-46bd-9f42-888fd59ddbc4,1789818586.060,1789818586.065,1789818586.072,1789818586.075,1789818586.075,1789818586.096,35.50
2026-09-19 17:19:46.205,onvif-e9b03eab-61a3-46bd-9f42-888fd59ddbc4,1789818586.163,1789818586.167,1789818586.174,1789818586.177,1789818586.177,1789818586.206,42.71
2026-09-19 17:19:46.301,onvif-e9b03eab-61a3-46bd-9f42-888fd59ddbc4,1789818586.266,1789818586.267,1789818586.274,1789818586.279,1789818586.280,1789818586.302,35.94
2026-09-19 17:19:46.379,onvif-e9b03eab-61a3-46bd-9f42-888fd59ddbc4,1789818586.332,1789818586.337,1789818586.343,1789818586.349,1789818586.350,1789818586.380,47.71
2026-09-19 17:19:46.513,onvif-e9b03eab-61a3-46bd-9f42-888fd59ddbc4,1789818586.467,1789818586.472,1789818586.478,1789818586.483,1789818586.483,1789818586.514,46.59
2026-09-19 17:19:46.582,onvif-e9b03eab-61a3-46bd-9f42-888fd59ddbc4,1789818586.514,1789818586.541,1789818586.547,1789818586.552,1789818586.552,1789818586.582,68.22
2026-09-19 17:19:46.650,onvif-e9b03eab-61a3-46bd-9f42-888fd59ddbc4,1789818586.584,1789818586.617,1789818586.622,1789818586.626,1789818586.626,1789818586.651,66.63
2026-09-19 17:19:46.719,onvif-e9b03eab-61a3-46bd-9f42-888fd59ddbc4,1789818586.674,1789818586.679,1789818586.685,1789818586.687,1789818586.688,1789818586.720,45.99
2026-09-19 17:19:46.816,onvif-e9b03eab-61a3-46bd-9f42-888fd59ddbc4,1789818586.774,1789818586.780,1789818586.786,1789818586.789,1789818586.789,1789818586.817,42.85
2026-09-19 17:19:46.926,onvif-e9b03eab-61a3-46bd-9f42-888fd59ddbc4,1789818586.880,1789818586.881,1789818586.892,1789818586.897,1789818586.897,1789818586.927,47.08
2026-09-19 17:19:47.054,onvif-e9b03eab-61a3-46bd-9f42-888fd59ddbc4,1789818587.008,1789818587.010,1789818587.016,1789818587.023,1789818587.023,1789818587.054,46.54
2026-09-19 17:19:47.129,onvif-e9b03eab-61a3-46bd-9f42-888fd59ddbc4,1789818587.088,1789818587.090,1789818587.096,1789818587.099,1789818587.099,1789818587.129,41.44
2026-09-19 17:19:47.227,onvif-e9b03eab-61a3-46bd-9f42-888fd59ddbc4,1789818587.185,1789818587.186,1789818587.192,1789818587.195,1789818587.196,1789818587.228,42.30
2026-09-19 17:19:47.339,onvif-e9b03eab-61a3-46bd-9f42-888fd59ddbc4,1789818587.290,1789818587.294,1789818587.305,1789818587.309,1789818587.309,1789818587.339,49.49
2026-09-19 17:19:47.434,onvif-e9b03eab-61a3-46bd-9f42-888fd59ddbc4,1789818587.389,1789818587.395,1789818587.401,1789818587.404,1789818587.404,1789818587.435,46.38
2026-09-19 17:19:47.532,onvif-e9b03eab-61a3-46bd-9f42-888fd59ddbc4,1789818587.497,1789818587.501,1789818587.509,1789818587.511,1789818587.511,1789818587.532,35.52
2026-09-19 17:19:47.642,onvif-e9b03eab-61a3-46bd-9f42-888fd59ddbc4,1789818587.596,1789818587.603,1789818587.609,1789818587.612,1789818587.612,1789818587.642,45.83
2026-09-19 17:19:47.740,onvif-e9b03eab-61a3-46bd-9f42-888fd59ddbc4,1789818587.698,1789818587.703,1789818587.710,1789818587.717,1789818587.717,1789818587.741,42.85
2026-09-19 17:19:47.838,onvif-e9b03eab-61a3-46bd-9f42-888fd59ddbc4,1789818587.801,1789818587.805,1789818587.811,1789818587.813,1789818587.813,1789818587.839,37.94
2026-09-19 17:19:47.948,onvif-e9b03eab-61a3-46bd-9f42-888fd59ddbc4,1789818587.903,1789818587.908,1789818587.914,1789818587.921,1789818587.921,1789818587.948,45.55
2026-09-19 17:19:48.060,onvif-e9b03eab-61a3-46bd-9f42-888fd59ddbc4,1789818588.011,1789818588.015,1789818588.022,1789818588.027,1789818588.027,1789818588.061,50.37
2026-09-19 17:19:48.155,onvif-e9b03eab-61a3-46bd-9f42-888fd59ddbc4,1789818588.109,1789818588.111,1789818588.117,1789818588.124,1789818588.124,1789818588.156,46.94
2026-09-19 17:19:48.358,onvif-e9b03eab-61a3-46bd-9f42-888fd59ddbc4,1789818588.312,1789818588.316,1789818588.322,1789818588.326,1789818588.326,1789818588.359,46.53
2026-09-19 17:19:48.429,onvif-e9b03eab-61a3-46bd-9f42-888fd59ddbc4,1789818588.355,1789818588.385,1789818588.391,1789818588.397,1789818588.397,1789818588.429,74.74
2026-09-19 17:19:48.496,onvif-e9b03eab-61a3-46bd-9f42-888fd59ddbc4,1789818588.457,1789818588.465,1789818588.470,1789818588.473,1789818588.473,1789818588.496,39.39
2026-09-19 17:19:48.567,onvif-e9b03eab-61a3-46bd-9f42-888fd59ddbc4,1789818588.523,1789818588.527,1789818588.533,1789818588.535,1789818588.535,1789818588.567,44.05
2026-09-19 17:19:48.663,onvif-e9b03eab-61a3-46bd-9f42-888fd59ddbc4,1789818588.618,1789818588.624,1789818588.631,1789818588.636,1789818588.636,1789818588.664,46.09
2026-09-19 17:19:48.874,onvif-e9b03eab-61a3-46bd-9f42-888fd59ddbc4,1789818588.823,1789818588.825,1789818588.833,1789818588.836,1789818588.836,1789818588.874,50.96
2026-09-19 17:19:48.940,onvif-e9b03eab-61a3-46bd-9f42-888fd59ddbc4,1789818588.888,1789818588.896,1789818588.903,1789818588.906,1789818588.906,1789818588.940,52.10
2026-09-19 17:19:49.005,onvif-e9b03eab-61a3-46bd-9f42-888fd59ddbc4,1789818588.942,1789818588.966,1789818588.972,1789818588.976,1789818588.976,1789818589.005,63.17
2026-09-19 17:19:49.088,onvif-e9b03eab-61a3-46bd-9f42-888fd59ddbc4,1789818589.045,1789818589.050,1789818589.057,1789818589.061,1789818589.061,1789818589.089,43.47
2026-09-19 17:19:49.187,onvif-e9b03eab-61a3-46bd-9f42-888fd59ddbc4,1789818589.139,1789818589.141,1789818589.148,1789818589.154,1789818589.154,1789818589.187,48.02
2026-09-19 17:19:49.283,onvif-e9b03eab-61a3-46bd-9f42-888fd59ddbc4,1789818589.237,1789818589.244,1789818589.250,1789818589.253,1789818589.253,1789818589.283,45.92
2026-09-19 17:19:49.354,onvif-e9b03eab-61a3-46bd-9f42-888fd59ddbc4,1789818589.282,1789818589.313,1789818589.319,1789818589.323,1789818589.323,1789818589.354,72.21
2026-09-19 17:19:49.421,onvif-e9b03eab-61a3-46bd-9f42-888fd59ddbc4,1789818589.355,1789818589.382,1789818589.388,1789818589.391,1789818589.391,1789818589.421,66.41
2026-09-19 17:19:49.476,onvif-e9b03eab-61a3-46bd-9f42-888fd59ddbc4,1789818589.441,1789818589.444,1789818589.451,1789818589.453,1789818589.454,1789818589.477,35.60
2026-09-19 17:19:49.587,onvif-e9b03eab-61a3-46bd-9f42-888fd59ddbc4,1789818589.541,1789818589.548,1789818589.554,1789818589.561,1789818589.561,1789818589.588,46.53
2026-09-19 17:19:49.698,onvif-e9b03eab-61a3-46bd-9f42-888fd59ddbc4,1789818589.651,1789818589.655,1789818589.662,1789818589.668,1789818589.668,1789818589.699,47.56
2026-09-19 17:19:49.891,onvif-e9b03eab-61a3-46bd-9f42-888fd59ddbc4,1789818589.847,1789818589.850,1789818589.856,1789818589.858,1789818589.859,1789818589.891,44.46
2026-09-19 17:19:49.965,onvif-e9b03eab-61a3-46bd-9f42-888fd59ddbc4,1789818589.900,1789818589.919,1789818589.925,1789818589.931,1789818589.931,1789818589.965,64.87
2026-09-19 17:19:50.046,onvif-e9b03eab-61a3-46bd-9f42-888fd59ddbc4,1789818589.973,1789818589.994,1789818590.005,1789818590.007,1789818590.007,1789818590.046,72.72
2026-09-19 17:19:50.101,onvif-e9b03eab-61a3-46bd-9f42-888fd59ddbc4,1789818590.055,1789818590.062,1789818590.068,1789818590.069,1789818590.069,1789818590.102,46.45
2026-09-19 17:19:50.172,onvif-e9b03eab-61a3-46bd-9f42-888fd59ddbc4,1789818590.101,1789818590.131,1789818590.137,1789818590.143,1789818590.143,1789818590.173,71.47
2026-09-19 17:19:50.239,onvif-e9b03eab-61a3-46bd-9f42-888fd59ddbc4,1789818590.175,1789818590.200,1789818590.206,1789818590.212,1789818590.212,1789818590.239,63.88
2026-09-19 17:19:50.322,onvif-e9b03eab-61a3-46bd-9f42-888fd59ddbc4,1789818590.268,1789818590.272,1789818590.284,1789818590.290,1789818590.290,1789818590.323,54.49
2026-09-19 17:19:50.409,onvif-e9b03eab-61a3-46bd-9f42-888fd59ddbc4,1789818590.363,1789818590.369,1789818590.375,1789818590.382,1789818590.382,1789818590.409,45.67
2026-09-19 17:19:50.490,onvif-e9b03eab-61a3-46bd-9f42-888fd59ddbc4,1789818590.413,1789818590.445,1789818590.451,1789818590.454,1789818590.454,1789818590.491,77.67
2026-09-19 17:19:50.559,onvif-e9b03eab-61a3-46bd-9f42-888fd59ddbc4,1789818590.509,1789818590.517,1789818590.524,1789818590.529,1789818590.529,1789818590.560,50.18
2026-09-19 17:19:50.712,onvif-e9b03eab-61a3-46bd-9f42-888fd59ddbc4,1789818590.666,1789818590.667,1789818590.678,1789818590.682,1789818590.682,1789818590.713,46.32
2026-09-19 17:19:50.922,onvif-e9b03eab-61a3-46bd-9f42-888fd59ddbc4,1789818590.872,1789818590.878,1789818590.885,1789818590.887,1789818590.887,1789818590.923,50.52
2026-09-19 17:19:50.992,onvif-e9b03eab-61a3-46bd-9f42-888fd59ddbc4,1789818590.937,1789818590.947,1789818590.954,1789818590.957,1789818590.957,1789818590.992,54.82
2026-09-19 17:19:51.058,onvif-e9b03eab-61a3-46bd-9f42-888fd59ddbc4,1789818591.008,1789818591.017,1789818591.024,1789818591.030,1789818591.030,1789818591.059,50.99
2026-09-19 17:19:51.225,onvif-e9b03eab-61a3-46bd-9f42-888fd59ddbc4,1789818591.178,1789818591.184,1789818591.190,1789818591.193,1789818591.193,1789818591.226,47.26
2026-09-19 17:19:51.423,onvif-e9b03eab-61a3-46bd-9f42-888fd59ddbc4,1789818591.385,1789818591.387,1789818591.393,1789818591.396,1789818591.396,1789818591.424,38.50
2026-09-19 17:19:51.506,onvif-e9b03eab-61a3-46bd-9f42-888fd59ddbc4,1789818591.449,1789818591.456,1789818591.463,1789818591.467,1789818591.467,1789818591.506,57.40
2026-09-19 17:19:51.574,onvif-e9b03eab-61a3-46bd-9f42-888fd59ddbc4,1789818591.514,1789818591.526,1789818591.538,1789818591.544,1789818591.544,1789818591.574,60.45
2026-09-19 17:19:51.642,onvif-e9b03eab-61a3-46bd-9f42-888fd59ddbc4,1789818591.588,1789818591.594,1789818591.606,1789818591.608,1789818591.608,1789818591.643,54.10
2026-09-19 17:19:51.726,onvif-e9b03eab-61a3-46bd-9f42-888fd59ddbc4,1789818591.693,1789818591.697,1789818591.703,1789818591.705,1789818591.706,1789818591.727,33.91
2026-09-19 17:19:51.836,onvif-e9b03eab-61a3-46bd-9f42-888fd59ddbc4,1789818591.794,1789818591.799,1789818591.806,1789818591.812,1789818591.812,1789818591.837,42.12
2026-09-19 17:19:51.948,onvif-e9b03eab-61a3-46bd-9f42-888fd59ddbc4,1789818591.898,1789818591.901,1789818591.909,1789818591.914,1789818591.914,1789818591.949,50.26
2026-09-19 17:19:52.006,onvif-e9b03eab-61a3-46bd-9f42-888fd59ddbc4,1789818591.940,1789818591.971,1789818591.977,1789818591.983,1789818591.983,1789818592.007,66.87
2026-09-19 17:19:52.078,onvif-e9b03eab-61a3-46bd-9f42-888fd59ddbc4,1789818592.011,1789818592.040,1789818592.046,1789818592.053,1789818592.053,1789818592.079,67.46
2026-09-19 17:19:52.143,onvif-e9b03eab-61a3-46bd-9f42-888fd59ddbc4,1789818592.099,1789818592.102,1789818592.108,1789818592.115,1789818592.115,1789818592.143,44.65
2026-09-19 17:19:52.253,onvif-e9b03eab-61a3-46bd-9f42-888fd59ddbc4,1789818592.203,1789818592.209,1789818592.216,1789818592.221,1789818592.221,1789818592.254,51.00
2026-09-19 17:19:52.350,onvif-e9b03eab-61a3-46bd-9f42-888fd59ddbc4,1789818592.305,1789818592.310,1789818592.321,1789818592.324,1789818592.324,1789818592.350,45.35
2026-09-19 17:19:52.454,onvif-e9b03eab-61a3-46bd-9f42-888fd59ddbc4,1789818592.407,1789818592.411,1789818592.422,1789818592.426,1789818592.426,1789818592.454,47.30
2026-09-19 17:19:52.552,onvif-e9b03eab-61a3-46bd-9f42-888fd59ddbc4,1789818592.514,1789818592.518,1789818592.524,1789818592.527,1789818592.527,1789818592.553,38.99
2026-09-19 17:19:52.664,onvif-e9b03eab-61a3-46bd-9f42-888fd59ddbc4,1789818592.619,1789818592.621,1789818592.627,1789818592.630,1789818592.630,1789818592.665,45.79
2026-09-19 17:19:52.874,onvif-e9b03eab-61a3-46bd-9f42-888fd59ddbc4,1789818592.820,1789818592.826,1789818592.833,1789818592.837,1789818592.837,1789818592.875,54.91
2026-09-19 17:19:52.944,onvif-e9b03eab-61a3-46bd-9f42-888fd59ddbc4,1789818592.879,1789818592.896,1789818592.906,1789818592.911,1789818592.911,1789818592.945,65.23
2026-09-19 17:19:53.010,onvif-e9b03eab-61a3-46bd-9f42-888fd59ddbc4,1789818592.951,1789818592.971,1789818592.977,1789818592.982,1789818592.982,1789818593.010,59.29
2026-09-19 17:19:53.064,onvif-e9b03eab-61a3-46bd-9f42-888fd59ddbc4,1789818593.022,1789818593.023,1789818593.031,1789818593.034,1789818593.035,1789818593.064,42.69
2026-09-19 17:19:53.170,onvif-e9b03eab-61a3-46bd-9f42-888fd59ddbc4,1789818593.127,1789818593.130,1789818593.136,1789818593.143,1789818593.143,1789818593.170,43.77
2026-09-19 17:19:53.239,onvif-e9b03eab-61a3-46bd-9f42-888fd59ddbc4,1789818593.197,1789818593.198,1789818593.210,1789818593.212,1789818593.212,1789818593.240,42.54
2026-09-19 17:19:53.372,onvif-e9b03eab-61a3-46bd-9f42-888fd59ddbc4,1789818593.331,1789818593.338,1789818593.343,1789818593.346,1789818593.347,1789818593.373,41.30
2026-09-19 17:19:53.440,onvif-e9b03eab-61a3-46bd-9f42-888fd59ddbc4,1789818593.405,1789818593.407,1789818593.413,1789818593.417,1789818593.417,1789818593.441,35.05
2026-09-19 17:19:53.580,onvif-e9b03eab-61a3-46bd-9f42-888fd59ddbc4,1789818593.534,1789818593.538,1789818593.545,1789818593.552,1789818593.552,1789818593.581,46.39
2026-09-19 17:19:53.704,onvif-e9b03eab-61a3-46bd-9f42-888fd59ddbc4,1789818593.652,1789818593.656,1789818593.667,1789818593.671,1789818593.671,1789818593.704,51.70
2026-09-19 17:19:53.774,onvif-e9b03eab-61a3-46bd-9f42-888fd59ddbc4,1789818593.739,1789818593.742,1789818593.748,1789818593.751,1789818593.751,1789818593.774,34.84
2026-09-19 17:19:53.885,onvif-e9b03eab-61a3-46bd-9f42-888fd59ddbc4,1789818593.840,1789818593.843,1789818593.850,1789818593.854,1789818593.854,1789818593.885,44.96
2026-09-19 17:19:53.997,onvif-e9b03eab-61a3-46bd-9f42-888fd59ddbc4,1789818593.947,1789818593.949,1789818593.960,1789818593.964,1789818593.964,1789818593.998,51.04
2026-09-19 17:19:54.066,onvif-e9b03eab-61a3-46bd-9f42-888fd59ddbc4,1789818593.999,1789818594.018,1789818594.029,1789818594.031,1789818594.031,1789818594.067,67.89
2026-09-19 17:19:54.134,onvif-e9b03eab-61a3-46bd-9f42-888fd59ddbc4,1789818594.070,1789818594.097,1789818594.103,1789818594.104,1789818594.104,1789818594.135,64.57
2026-09-19 17:19:54.193,onvif-e9b03eab-61a3-46bd-9f42-888fd59ddbc4,1789818594.150,1789818594.153,1789818594.160,1789818594.167,1789818594.167,1789818594.194,43.21
2026-09-19 17:19:54.261,onvif-e9b03eab-61a3-46bd-9f42-888fd59ddbc4,1789818594.195,1789818594.222,1789818594.227,1789818594.231,1789818594.232,1789818594.261,66.99
2026-09-19 17:19:54.343,onvif-e9b03eab-61a3-46bd-9f42-888fd59ddbc4,1789818594.300,1789818594.304,1789818594.311,1789818594.312,1789818594.312,1789818594.343,43.35
2026-09-19 17:19:54.412,onvif-e9b03eab-61a3-46bd-9f42-888fd59ddbc4,1789818594.356,1789818594.372,1789818594.378,1789818594.382,1789818594.382,1789818594.413,56.91
2026-09-19 17:19:54.496,onvif-e9b03eab-61a3-46bd-9f42-888fd59ddbc4,1789818594.458,1789818594.461,1789818594.469,1789818594.473,1789818594.473,1789818594.496,38.19
2026-09-19 17:19:54.606,onvif-e9b03eab-61a3-46bd-9f42-888fd59ddbc4,1789818594.562,1789818594.563,1789818594.569,1789818594.570,1789818594.570,1789818594.607,44.91
2026-09-19 17:19:54.691,onvif-e9b03eab-61a3-46bd-9f42-888fd59ddbc4,1789818594.646,1789818594.647,1789818594.654,1789818594.660,1789818594.660,1789818594.691,45.09
2026-09-19 17:19:54.746,onvif-e9b03eab-61a3-46bd-9f42-888fd59ddbc4,1789818594.684,1789818594.717,1789818594.722,1789818594.725,1789818594.725,1789818594.746,61.94
2026-09-19 17:19:54.816,onvif-e9b03eab-61a3-46bd-9f42-888fd59ddbc4,1789818594.775,1789818594.778,1789818594.784,1789818594.787,1789818594.787,1789818594.816,40.81
2026-09-19 17:19:54.912,onvif-e9b03eab-61a3-46bd-9f42-888fd59ddbc4,1789818594.867,1789818594.873,1789818594.879,1789818594.883,1789818594.883,1789818594.913,45.96
2026-09-19 17:19:54.981,onvif-e9b03eab-61a3-46bd-9f42-888fd59ddbc4,1789818594.935,1789818594.942,1789818594.949,1789818594.951,1789818594.951,1789818594.981,46.24
2026-09-19 17:19:55.108,onvif-e9b03eab-61a3-46bd-9f42-888fd59ddbc4,1789818595.072,1789818595.074,1789818595.080,1789818595.085,1789818595.085,1789818595.109,36.92
2026-09-19 17:19:55.190,onvif-e9b03eab-61a3-46bd-9f42-888fd59ddbc4,1789818595.125,1789818595.143,1789818595.149,1789818595.156,1789818595.156,1789818595.190,64.99
2026-09-19 17:19:55.314,onvif-e9b03eab-61a3-46bd-9f42-888fd59ddbc4,1789818595.273,1789818595.276,1789818595.281,1789818595.284,1789818595.284,1789818595.315,41.90
2026-09-19 17:19:55.533,onvif-e9b03eab-61a3-46bd-9f42-888fd59ddbc4,1789818595.483,1789818595.487,1789818595.497,1789818595.503,1789818595.503,1789818595.533,50.55
2026-09-19 17:19:55.602,onvif-e9b03eab-61a3-46bd-9f42-888fd59ddbc4,1789818595.545,1789818595.556,1789818595.563,1789818595.567,1789818595.567,1789818595.603,57.76
2026-09-19 17:19:55.667,onvif-e9b03eab-61a3-46bd-9f42-888fd59ddbc4,1789818595.597,1789818595.626,1789818595.633,1789818595.637,1789818595.637,1789818595.667,69.65
2026-09-19 17:19:55.732,onvif-e9b03eab-61a3-46bd-9f42-888fd59ddbc4,1789818595.684,1789818595.695,1789818595.701,1789818595.708,1789818595.708,1789818595.733,48.46
2026-09-19 17:19:55.831,onvif-e9b03eab-61a3-46bd-9f42-888fd59ddbc4,1789818595.791,1789818595.796,1789818595.802,1789818595.806,1789818595.806,1789818595.831,40.29
2026-09-19 17:19:55.900,onvif-e9b03eab-61a3-46bd-9f42-888fd59ddbc4,1789818595.864,1789818595.865,1789818595.871,1789818595.874,1789818595.874,1789818595.900,36.33
2026-09-19 17:19:55.998,onvif-e9b03eab-61a3-46bd-9f42-888fd59ddbc4,1789818595.948,1789818595.952,1789818595.959,1789818595.964,1789818595.964,1789818595.999,50.56
2026-09-19 17:19:56.065,onvif-e9b03eab-61a3-46bd-9f42-888fd59ddbc4,1789818596.014,1789818596.021,1789818596.027,1789818596.032,1789818596.032,1789818596.065,51.16
2026-09-19 17:19:56.148,onvif-e9b03eab-61a3-46bd-9f42-888fd59ddbc4,1789818596.098,1789818596.104,1789818596.112,1789818596.116,1789818596.116,1789818596.149,50.46
2026-09-19 17:19:56.247,onvif-e9b03eab-61a3-46bd-9f42-888fd59ddbc4,1789818596.199,1789818596.199,1789818596.210,1789818596.214,1789818596.214,1789818596.247,48.44
2026-09-19 17:19:56.358,onvif-e9b03eab-61a3-46bd-9f42-888fd59ddbc4,1789818596.308,1789818596.311,1789818596.317,1789818596.321,1789818596.321,1789818596.358,50.57
2026-09-19 17:19:56.455,onvif-e9b03eab-61a3-46bd-9f42-888fd59ddbc4,1789818596.413,1789818596.414,1789818596.421,1789818596.424,1789818596.424,1789818596.455,42.19
2026-09-19 17:19:56.523,onvif-e9b03eab-61a3-46bd-9f42-888fd59ddbc4,1789818596.469,1789818596.484,1789818596.490,1789818596.492,1789818596.492,1789818596.523,54.44
2026-09-19 17:19:56.656,onvif-e9b03eab-61a3-46bd-9f42-888fd59ddbc4,1789818596.608,1789818596.611,1789818596.617,1789818596.622,1789818596.622,1789818596.657,48.49
2026-09-19 17:19:56.726,onvif-e9b03eab-61a3-46bd-9f42-888fd59ddbc4,1789818596.647,1789818596.681,1789818596.687,1789818596.693,1789818596.694,1789818596.727,79.85
2026-09-19 17:19:56.851,onvif-e9b03eab-61a3-46bd-9f42-888fd59ddbc4,1789818596.814,1789818596.817,1789818596.822,1789818596.823,1789818596.823,1789818596.851,37.35
2026-09-19 17:19:56.922,onvif-e9b03eab-61a3-46bd-9f42-888fd59ddbc4,1789818596.877,1789818596.887,1789818596.891,1789818596.893,1789818596.893,1789818596.922,45.02
2026-09-19 17:19:56.992,onvif-e9b03eab-61a3-46bd-9f42-888fd59ddbc4,1789818596.923,1789818596.956,1789818596.960,1789818596.966,1789818596.966,1789818596.992,69.60
2026-09-19 17:19:57.044,onvif-e9b03eab-61a3-46bd-9f42-888fd59ddbc4,1789818597.010,1789818597.013,1789818597.018,1789818597.022,1789818597.022,1789818597.044,34.86
2026-09-19 17:19:57.112,onvif-e9b03eab-61a3-46bd-9f42-888fd59ddbc4,1789818597.071,1789818597.082,1789818597.086,1789818597.090,1789818597.090,1789818597.113,41.84
2026-09-19 17:19:57.354,onvif-e9b03eab-61a3-46bd-9f42-888fd59ddbc4,1789818597.322,1789818597.326,1789818597.329,1789818597.331,1789818597.331,1789818597.355,32.30
2026-09-19 17:19:57.577,onvif-e9b03eab-61a3-46bd-9f42-888fd59ddbc4,1789818597.529,1789818597.533,1789818597.540,1789818597.543,1789818597.543,1789818597.577,48.78
2026-09-19 17:19:57.648,onvif-e9b03eab-61a3-46bd-9f42-888fd59ddbc4,1789818597.590,1789818597.603,1789818597.611,1789818597.615,1789818597.615,1789818597.648,58.07
2026-09-19 17:19:57.713,onvif-e9b03eab-61a3-46bd-9f42-888fd59ddbc4,1789818597.665,1789818597.672,1789818597.679,1789818597.681,1789818597.681,1789818597.714,48.99
2026-09-19 17:19:57.781,onvif-e9b03eab-61a3-46bd-9f42-888fd59ddbc4,1789818597.737,1789818597.739,1789818597.746,1789818597.751,1789818597.751,1789818597.781,44.90
2026-09-19 17:19:57.879,onvif-e9b03eab-61a3-46bd-9f42-888fd59ddbc4,1789818597.835,1789818597.841,1789818597.847,1789818597.854,1789818597.854,1789818597.879,44.61
2026-09-19 17:19:57.982,onvif-e9b03eab-61a3-46bd-9f42-888fd59ddbc4,1789818597.941,1789818597.943,1789818597.950,1789818597.952,1789818597.953,1789818597.983,41.28
2026-09-19 17:19:58.059,onvif-e9b03eab-61a3-46bd-9f42-888fd59ddbc4,1789818597.986,1789818598.014,1789818598.022,1789818598.027,1789818598.027,1789818598.059,72.86
2026-09-19 17:19:58.184,onvif-e9b03eab-61a3-46bd-9f42-888fd59ddbc4,1789818598.142,1789818598.147,1789818598.153,1789818598.157,1789818598.157,1789818598.185,42.28
2026-09-19 17:19:58.394,onvif-e9b03eab-61a3-46bd-9f42-888fd59ddbc4,1789818598.348,1789818598.353,1789818598.359,1789818598.363,1789818598.363,1789818598.395,47.02
2026-09-19 17:19:58.603,onvif-e9b03eab-61a3-46bd-9f42-888fd59ddbc4,1789818598.549,1789818598.552,1789818598.558,1789818598.563,1789818598.563,1789818598.604,54.26
2026-09-19 17:19:58.666,onvif-e9b03eab-61a3-46bd-9f42-888fd59ddbc4,1789818598.609,1789818598.620,1789818598.627,1789818598.633,1789818598.633,1789818598.666,57.72
2026-09-19 17:19:58.908,onvif-e9b03eab-61a3-46bd-9f42-888fd59ddbc4,1789818598.861,1789818598.866,1789818598.872,1789818598.878,1789818598.878,1789818598.909,48.29
2026-09-19 17:19:58.972,onvif-e9b03eab-61a3-46bd-9f42-888fd59ddbc4,1789818598.928,1789818598.935,1789818598.942,1789818598.944,1789818598.944,1789818598.973,45.47
2026-09-19 17:19:59.053,onvif-e9b03eab-61a3-46bd-9f42-888fd59ddbc4,1789818598.987,1789818599.006,1789818599.014,1789818599.021,1789818599.021,1789818599.053,65.77
2026-09-19 17:19:59.218,onvif-e9b03eab-61a3-46bd-9f42-888fd59ddbc4,1789818599.169,1789818599.173,1789818599.180,1789818599.185,1789818599.185,1789818599.219,50.18
2026-09-19 17:19:59.317,onvif-e9b03eab-61a3-46bd-9f42-888fd59ddbc4,1789818599.269,1789818599.275,1789818599.281,1789818599.284,1789818599.284,1789818599.318,48.23
2026-09-19 17:19:59.385,onvif-e9b03eab-61a3-46bd-9f42-888fd59ddbc4,1789818599.312,1789818599.344,1789818599.350,1789818599.353,1789818599.353,1789818599.386,74.17
2026-09-19 17:19:59.456,onvif-e9b03eab-61a3-46bd-9f42-888fd59ddbc4,1789818599.380,1789818599.413,1789818599.419,1789818599.422,1789818599.422,1789818599.457,76.20
2026-09-19 17:19:59.519,onvif-e9b03eab-61a3-46bd-9f42-888fd59ddbc4,1789818599.475,1789818599.479,1789818599.487,1789818599.490,1789818599.490,1789818599.519,43.62
2026-09-19 17:19:59.740,onvif-e9b03eab-61a3-46bd-9f42-888fd59ddbc4,1789818599.677,1789818599.682,1789818599.693,1789818599.699,1789818599.699,1789818599.741,64.00
2026-09-19 17:19:59.851,onvif-e9b03eab-61a3-46bd-9f42-888fd59ddbc4,1789818599.802,1789818599.804,1789818599.811,1789818599.813,1789818599.813,1789818599.851,49.48
2026-09-19 17:19:59.929,onvif-e9b03eab-61a3-46bd-9f42-888fd59ddbc4,1789818599.885,1789818599.890,1789818599.897,1789818599.901,1789818599.901,1789818599.930,44.50
2026-09-19 17:20:00.026,onvif-e9b03eab-61a3-46bd-9f42-888fd59ddbc4,1789818599.987,1789818599.991,1789818599.998,1789818600.000,1789818600.000,1789818600.026,38.92
2026-09-19 17:20:00.231,onvif-e9b03eab-61a3-46bd-9f42-888fd59ddbc4,1789818600.193,1789818600.197,1789818600.204,1789818600.206,1789818600.206,1789818600.232,39.14
2026-09-19 17:20:00.376,onvif-e9b03eab-61a3-46bd-9f42-888fd59ddbc4,1789818600.332,1789818600.336,1789818600.344,1789818600.347,1789818600.347,1789818600.376,44.50
2026-09-19 17:20:00.441,onvif-e9b03eab-61a3-46bd-9f42-888fd59ddbc4,1789818600.399,1789818600.406,1789818600.414,1789818600.418,1789818600.418,1789818600.442,42.93
2026-09-19 17:20:00.537,onvif-e9b03eab-61a3-46bd-9f42-888fd59ddbc4,1789818600.501,1789818600.503,1789818600.510,1789818600.512,1789818600.512,1789818600.537,36.67
2026-09-19 17:20:00.759,onvif-e9b03eab-61a3-46bd-9f42-888fd59ddbc4,1789818600.707,1789818600.712,1789818600.718,1789818600.723,1789818600.723,1789818600.759,52.53
2026-09-19 17:20:00.962,onvif-e9b03eab-61a3-46bd-9f42-888fd59ddbc4,1789818600.906,1789818600.912,1789818600.919,1789818600.921,1789818600.921,1789818600.963,56.32
2026-09-19 17:20:01.026,onvif-e9b03eab-61a3-46bd-9f42-888fd59ddbc4,1789818600.971,1789818600.982,1789818600.993,1789818600.997,1789818600.997,1789818601.026,55.44
2026-09-19 17:20:01.095,onvif-e9b03eab-61a3-46bd-9f42-888fd59ddbc4,1789818601.037,1789818601.051,1789818601.058,1789818601.060,1789818601.060,1789818601.095,58.36
2026-09-19 17:20:01.161,onvif-e9b03eab-61a3-46bd-9f42-888fd59ddbc4,1789818601.115,1789818601.119,1789818601.125,1789818601.128,1789818601.128,1789818601.162,46.49
2026-09-19 17:20:01.260,onvif-e9b03eab-61a3-46bd-9f42-888fd59ddbc4,1789818601.215,1789818601.219,1789818601.225,1789818601.230,1789818601.230,1789818601.260,44.99
2026-09-19 17:20:01.363,onvif-e9b03eab-61a3-46bd-9f42-888fd59ddbc4,1789818601.317,1789818601.322,1789818601.331,1789818601.335,1789818601.335,1789818601.363,46.27
2026-09-19 17:20:01.463,onvif-e9b03eab-61a3-46bd-9f42-888fd59ddbc4,1789818601.419,1789818601.424,1789818601.436,1789818601.438,1789818601.438,1789818601.464,44.18
2026-09-19 17:20:01.575,onvif-e9b03eab-61a3-46bd-9f42-888fd59ddbc4,1789818601.523,1789818601.525,1789818601.531,1789818601.535,1789818601.535,1789818601.575,52.54
2026-09-19 17:20:01.631,onvif-e9b03eab-61a3-46bd-9f42-888fd59ddbc4,1789818601.562,1789818601.594,1789818601.601,1789818601.605,1789818601.605,1789818601.632,70.01
2026-09-19 17:20:01.697,onvif-e9b03eab-61a3-46bd-9f42-888fd59ddbc4,1789818601.636,1789818601.665,1789818601.671,1789818601.675,1789818601.675,1789818601.697,61.56
2026-09-19 17:20:01.774,onvif-e9b03eab-61a3-46bd-9f42-888fd59ddbc4,1789818601.727,1789818601.732,1789818601.739,1789818601.743,1789818601.743,1789818601.775,47.83
2026-09-19 17:20:01.871,onvif-e9b03eab-61a3-46bd-9f42-888fd59ddbc4,1789818601.827,1789818601.829,1789818601.836,1789818601.840,1789818601.840,1789818601.871,44.30
2026-09-19 17:20:01.948,onvif-e9b03eab-61a3-46bd-9f42-888fd59ddbc4,1789818601.898,1789818601.903,1789818601.909,1789818601.915,1789818601.915,1789818601.948,50.08
2026-09-19 17:20:02.078,onvif-e9b03eab-61a3-46bd-9f42-888fd59ddbc4,1789818602.034,1789818602.037,1789818602.042,1789818602.045,1789818602.045,1789818602.079,44.59
2026-09-19 17:20:02.177,onvif-e9b03eab-61a3-46bd-9f42-888fd59ddbc4,1789818602.137,1789818602.143,1789818602.149,1789818602.152,1789818602.152,1789818602.177,40.08
2026-09-19 17:20:02.287,onvif-e9b03eab-61a3-46bd-9f42-888fd59ddbc4,1789818602.240,1789818602.243,1789818602.250,1789818602.254,1789818602.254,1789818602.287,46.99
2026-09-19 17:20:02.391,onvif-e9b03eab-61a3-46bd-9f42-888fd59ddbc4,1789818602.340,1789818602.344,1789818602.351,1789818602.354,1789818602.354,1789818602.392,51.22
2026-09-19 17:20:02.447,onvif-e9b03eab-61a3-46bd-9f42-888fd59ddbc4,1789818602.397,1789818602.414,1789818602.420,1789818602.424,1789818602.424,1789818602.448,50.10
2026-09-19 17:20:02.592,onvif-e9b03eab-61a3-46bd-9f42-888fd59ddbc4,1789818602.544,1789818602.548,1789818602.554,1789818602.558,1789818602.558,1789818602.592,48.76
2026-09-19 17:20:02.690,onvif-e9b03eab-61a3-46bd-9f42-888fd59ddbc4,1789818602.646,1789818602.649,1789818602.655,1789818602.662,1789818602.662,1789818602.690,44.15
2026-09-19 17:20:02.914,onvif-e9b03eab-61a3-46bd-9f42-888fd59ddbc4,1789818602.854,1789818602.856,1789818602.867,1789818602.873,1789818602.873,1789818602.914,60.01
2026-09-19 17:20:02.966,onvif-e9b03eab-61a3-46bd-9f42-888fd59ddbc4,1789818602.922,1789818602.925,1789818602.933,1789818602.940,1789818602.940,1789818602.966,44.37
2026-09-19 17:20:03.044,onvif-e9b03eab-61a3-46bd-9f42-888fd59ddbc4,1789818602.972,1789818602.994,1789818603.000,1789818603.005,1789818603.005,1789818603.044,72.49
2026-09-19 17:20:03.098,onvif-e9b03eab-61a3-46bd-9f42-888fd59ddbc4,1789818603.060,1789818603.061,1789818603.067,1789818603.072,1789818603.072,1789818603.099,38.90
2026-09-19 17:20:03.210,onvif-e9b03eab-61a3-46bd-9f42-888fd59ddbc4,1789818603.164,1789818603.166,1789818603.173,1789818603.179,1789818603.179,1789818603.210,46.45
2026-09-19 17:20:03.416,onvif-e9b03eab-61a3-46bd-9f42-888fd59ddbc4,1789818603.368,1789818603.371,1789818603.382,1789818603.388,1789818603.388,1789818603.416,48.00
2026-09-19 17:20:03.490,onvif-e9b03eab-61a3-46bd-9f42-888fd59ddbc4,1789818603.418,1789818603.440,1789818603.451,1789818603.453,1789818603.453,1789818603.490,72.10
2026-09-19 17:20:03.557,onvif-e9b03eab-61a3-46bd-9f42-888fd59ddbc4,1789818603.493,1789818603.514,1789818603.524,1789818603.527,1789818603.527,1789818603.558,64.81
2026-09-19 17:20:03.612,onvif-e9b03eab-61a3-46bd-9f42-888fd59ddbc4,1789818603.569,1789818603.571,1789818603.578,1789818603.584,1789818603.585,1789818603.613,43.33
2026-09-19 17:20:03.725,onvif-e9b03eab-61a3-46bd-9f42-888fd59ddbc4,1789818603.673,1789818603.680,1789818603.688,1789818603.693,1789818603.693,1789818603.725,52.33
2026-09-19 17:20:03.794,onvif-e9b03eab-61a3-46bd-9f42-888fd59ddbc4,1789818603.728,1789818603.748,1789818603.757,1789818603.761,1789818603.761,1789818603.795,67.16
2026-09-19 17:20:03.862,onvif-e9b03eab-61a3-46bd-9f42-888fd59ddbc4,1789818603.787,1789818603.819,1789818603.825,1789818603.831,1789818603.831,1789818603.863,75.42
2026-09-19 17:20:03.932,onvif-e9b03eab-61a3-46bd-9f42-888fd59ddbc4,1789818603.880,1789818603.885,1789818603.892,1789818603.899,1789818603.899,1789818603.933,53.21
2026-09-19 17:20:04.017,onvif-e9b03eab-61a3-46bd-9f42-888fd59ddbc4,1789818603.981,1789818603.982,1789818603.988,1789818603.993,1789818603.993,1789818604.017,36.49
2026-09-19 17:20:04.126,onvif-e9b03eab-61a3-46bd-9f42-888fd59ddbc4,1789818604.082,1789818604.084,1789818604.090,1789818604.095,1789818604.095,1789818604.127,44.65
2026-09-19 17:20:04.237,onvif-e9b03eab-61a3-46bd-9f42-888fd59ddbc4,1789818604.190,1789818604.196,1789818604.202,1789818604.208,1789818604.208,1789818604.238,47.97
2026-09-19 17:20:04.321,onvif-e9b03eab-61a3-46bd-9f42-888fd59ddbc4,1789818604.287,1789818604.291,1789818604.298,1789818604.301,1789818604.301,1789818604.322,34.68
2026-09-19 17:20:04.537,onvif-e9b03eab-61a3-46bd-9f42-888fd59ddbc4,1789818604.492,1789818604.498,1789818604.503,1789818604.508,1789818604.508,1789818604.537,45.24
2026-09-19 17:20:04.746,onvif-e9b03eab-61a3-46bd-9f42-888fd59ddbc4,1789818604.696,1789818604.701,1789818604.707,1789818604.710,1789818604.710,1789818604.747,50.51
2026-09-19 17:20:04.816,onvif-e9b03eab-61a3-46bd-9f42-888fd59ddbc4,1789818604.761,1789818604.770,1789818604.777,1789818604.781,1789818604.781,1789818604.817,55.62
2026-09-19 17:20:04.884,onvif-e9b03eab-61a3-46bd-9f42-888fd59ddbc4,1789818604.826,1789818604.840,1789818604.846,1789818604.849,1789818604.849,1789818604.884,57.72
2026-09-19 17:20:04.941,onvif-e9b03eab-61a3-46bd-9f42-888fd59ddbc4,1789818604.904,1789818604.907,1789818604.914,1789818604.918,1789818604.918,1789818604.941,37.57
2026-09-19 17:20:05.050,onvif-e9b03eab-61a3-46bd-9f42-888fd59ddbc4,1789818605.006,1789818605.010,1789818605.016,1789818605.023,1789818605.023,1789818605.050,44.25
2026-09-19 17:20:05.147,onvif-e9b03eab-61a3-46bd-9f42-888fd59ddbc4,1789818605.107,1789818605.111,1789818605.117,1789818605.124,1789818605.124,1789818605.148,40.21
2026-09-19 17:20:05.364,onvif-e9b03eab-61a3-46bd-9f42-888fd59ddbc4,1789818605.311,1789818605.316,1789818605.322,1789818605.329,1789818605.329,1789818605.364,53.29
2026-09-19 17:20:05.432,onvif-e9b03eab-61a3-46bd-9f42-888fd59ddbc4,1789818605.362,1789818605.385,1789818605.392,1789818605.393,1789818605.393,1789818605.432,70.54
2026-09-19 17:20:05.532,onvif-e9b03eab-61a3-46bd-9f42-888fd59ddbc4,1789818605.481,1789818605.485,1789818605.491,1789818605.494,1789818605.494,1789818605.532,51.25
2026-09-19 17:20:05.593,onvif-e9b03eab-61a3-46bd-9f42-888fd59ddbc4,1789818605.552,1789818605.555,1789818605.562,1789818605.564,1789818605.564,1789818605.593,41.38
2026-09-19 17:20:05.660,onvif-e9b03eab-61a3-46bd-9f42-888fd59ddbc4,1789818605.618,1789818605.624,1789818605.629,1789818605.631,1789818605.631,1789818605.661,43.17
2026-09-19 17:20:05.858,onvif-e9b03eab-61a3-46bd-9f42-888fd59ddbc4,1789818605.820,1789818605.823,1789818605.829,1789818605.832,1789818605.832,1789818605.859,38.25
2026-09-19 17:20:05.935,onvif-e9b03eab-61a3-46bd-9f42-888fd59ddbc4,1789818605.884,1789818605.893,1789818605.899,1789818605.903,1789818605.903,1789818605.935,51.37
2026-09-19 17:20:06.019,onvif-e9b03eab-61a3-46bd-9f42-888fd59ddbc4,1789818605.952,1789818605.974,1789818605.980,1789818605.986,1789818605.986,1789818606.019,66.65
2026-09-19 17:20:06.103,onvif-e9b03eab-61a3-46bd-9f42-888fd59ddbc4,1789818606.026,1789818606.054,1789818606.060,1789818606.061,1789818606.062,1789818606.103,77.38
2026-09-19 17:20:06.146,onvif-e9b03eab-61a3-46bd-9f42-888fd59ddbc4,1789818606.103,1789818606.106,1789818606.112,1789818606.118,1789818606.118,1789818606.147,44.04
2026-09-19 17:20:06.285,onvif-e9b03eab-61a3-46bd-9f42-888fd59ddbc4,1789818606.232,1789818606.235,1789818606.247,1789818606.252,1789818606.252,1789818606.286,53.35
2026-09-19 17:20:06.369,onvif-e9b03eab-61a3-46bd-9f42-888fd59ddbc4,1789818606.335,1789818606.336,1789818606.342,1789818606.349,1789818606.349,1789818606.370,34.86
2026-09-19 17:20:06.480,onvif-e9b03eab-61a3-46bd-9f42-888fd59ddbc4,1789818606.437,1789818606.443,1789818606.450,1789818606.456,1789818606.456,1789818606.480,43.16
2026-09-19 17:20:06.591,onvif-e9b03eab-61a3-46bd-9f42-888fd59ddbc4,1789818606.543,1789818606.550,1789818606.557,1789818606.564,1789818606.564,1789818606.591,47.83
2026-09-19 17:20:06.689,onvif-e9b03eab-61a3-46bd-9f42-888fd59ddbc4,1789818606.643,1789818606.645,1789818606.653,1789818606.660,1789818606.660,1789818606.689,46.42
2026-09-19 17:20:06.885,onvif-e9b03eab-61a3-46bd-9f42-888fd59ddbc4,1789818606.848,1789818606.849,1789818606.855,1789818606.860,1789818606.860,1789818606.886,37.46
2026-09-19 17:20:06.964,onvif-e9b03eab-61a3-46bd-9f42-888fd59ddbc4,1789818606.914,1789818606.919,1789818606.925,1789818606.931,1789818606.931,1789818606.965,50.88
2026-09-19 17:20:07.028,onvif-e9b03eab-61a3-46bd-9f42-888fd59ddbc4,1789818606.974,1789818606.988,1789818606.993,1789818606.996,1789818606.996,1789818607.028,54.61
2026-09-19 17:20:07.099,onvif-e9b03eab-61a3-46bd-9f42-888fd59ddbc4,1789818607.052,1789818607.056,1789818607.062,1789818607.064,1789818607.064,1789818607.100,47.68
2026-09-19 17:20:07.156,onvif-e9b03eab-61a3-46bd-9f42-888fd59ddbc4,1789818607.094,1789818607.125,1789818607.130,1789818607.132,1789818607.132,1789818607.156,62.03
2026-09-19 17:20:07.300,onvif-e9b03eab-61a3-46bd-9f42-888fd59ddbc4,1789818607.255,1789818607.258,1789818607.264,1789818607.266,1789818607.266,1789818607.301,45.36
2026-09-19 17:20:07.370,onvif-e9b03eab-61a3-46bd-9f42-888fd59ddbc4,1789818607.295,1789818607.327,1789818607.334,1789818607.336,1789818607.336,1789818607.370,75.24
2026-09-19 17:20:07.440,onvif-e9b03eab-61a3-46bd-9f42-888fd59ddbc4,1789818607.381,1789818607.402,1789818607.407,1789818607.409,1789818607.409,1789818607.440,59.90
2026-09-19 17:20:07.507,onvif-e9b03eab-61a3-46bd-9f42-888fd59ddbc4,1789818607.464,1789818607.469,1789818607.475,1789818607.478,1789818607.478,1789818607.508,44.25
2026-09-19 17:20:07.604,onvif-e9b03eab-61a3-46bd-9f42-888fd59ddbc4,1789818607.561,1789818607.565,1789818607.571,1789818607.578,1789818607.578,1789818607.605,43.62
2026-09-19 17:20:07.717,onvif-e9b03eab-61a3-46bd-9f42-888fd59ddbc4,1789818607.667,1789818607.672,1789818607.679,1789818607.685,1789818607.685,1789818607.717,49.72
2026-09-19 17:20:07.813,onvif-e9b03eab-61a3-46bd-9f42-888fd59ddbc4,1789818607.769,1789818607.774,1789818607.781,1789818607.788,1789818607.788,1789818607.814,44.49
2026-09-19 17:20:07.911,onvif-e9b03eab-61a3-46bd-9f42-888fd59ddbc4,1789818607.876,1789818607.880,1789818607.888,1789818607.891,1789818607.891,1789818607.912,35.36
2026-09-19 17:20:08.021,onvif-e9b03eab-61a3-46bd-9f42-888fd59ddbc4,1789818607.974,1789818607.976,1789818607.983,1789818607.988,1789818607.989,1789818608.021,46.88
2026-09-19 17:20:08.119,onvif-e9b03eab-61a3-46bd-9f42-888fd59ddbc4,1789818608.076,1789818608.078,1789818608.084,1789818608.091,1789818608.091,1789818608.120,43.88
2026-09-19 17:20:08.230,onvif-e9b03eab-61a3-46bd-9f42-888fd59ddbc4,1789818608.179,1789818608.180,1789818608.191,1789818608.197,1789818608.197,1789818608.231,52.11
2026-09-19 17:20:08.350,onvif-e9b03eab-61a3-46bd-9f42-888fd59ddbc4,1789818608.308,1789818608.312,1789818608.318,1789818608.325,1789818608.325,1789818608.350,42.46
2026-09-19 17:20:08.432,onvif-e9b03eab-61a3-46bd-9f42-888fd59ddbc4,1789818608.386,1789818608.393,1789818608.400,1789818608.407,1789818608.407,1789818608.432,45.75
2026-09-19 17:20:08.529,onvif-e9b03eab-61a3-46bd-9f42-888fd59ddbc4,1789818608.487,1789818608.489,1789818608.496,1789818608.499,1789818608.499,1789818608.529,42.43
2026-09-19 17:20:08.641,onvif-e9b03eab-61a3-46bd-9f42-888fd59ddbc4,1789818608.587,1789818608.590,1789818608.599,1789818608.605,1789818608.605,1789818608.641,54.31
2026-09-19 17:20:08.736,onvif-e9b03eab-61a3-46bd-9f42-888fd59ddbc4,1789818608.688,1789818608.691,1789818608.702,1789818608.707,1789818608.707,1789818608.737,48.36
2026-09-19 17:20:08.851,onvif-e9b03eab-61a3-46bd-9f42-888fd59ddbc4,1789818608.798,1789818608.801,1789818608.807,1789818608.812,1789818608.812,1789818608.851,53.27
2026-09-19 17:20:08.907,onvif-e9b03eab-61a3-46bd-9f42-888fd59ddbc4,1789818608.870,1789818608.872,1789818608.879,1789818608.883,1789818608.883,1789818608.907,36.87
2026-09-19 17:20:09.015,onvif-e9b03eab-61a3-46bd-9f42-888fd59ddbc4,1789818608.979,1789818608.980,1789818608.988,1789818608.994,1789818608.994,1789818609.015,36.52
2026-09-19 17:20:09.153,onvif-e9b03eab-61a3-46bd-9f42-888fd59ddbc4,1789818609.100,1789818609.105,1789818609.116,1789818609.122,1789818609.123,1789818609.154,53.94
2026-09-19 17:20:09.237,onvif-e9b03eab-61a3-46bd-9f42-888fd59ddbc4,1789818609.202,1789818609.206,1789818609.213,1789818609.215,1789818609.215,1789818609.238,35.02
2026-09-19 17:20:09.363,onvif-e9b03eab-61a3-46bd-9f42-888fd59ddbc4,1789818609.313,1789818609.318,1789818609.324,1789818609.326,1789818609.326,1789818609.364,51.17
2026-09-19 17:20:09.570,onvif-e9b03eab-61a3-46bd-9f42-888fd59ddbc4,1789818609.522,1789818609.528,1789818609.534,1789818609.540,1789818609.540,1789818609.571,48.92
2026-09-19 17:20:09.641,onvif-e9b03eab-61a3-46bd-9f42-888fd59ddbc4,1789818609.570,1789818609.597,1789818609.607,1789818609.609,1789818609.609,1789818609.641,71.76
2026-09-19 17:20:09.697,onvif-e9b03eab-61a3-46bd-9f42-888fd59ddbc4,1789818609.636,1789818609.665,1789818609.672,1789818609.673,1789818609.673,1789818609.698,62.26
2026-09-19 17:20:09.778,onvif-e9b03eab-61a3-46bd-9f42-888fd59ddbc4,1789818609.703,1789818609.734,1789818609.740,1789818609.747,1789818609.747,1789818609.779,75.72
2026-09-19 17:20:09.861,onvif-e9b03eab-61a3-46bd-9f42-888fd59ddbc4,1789818609.815,1789818609.822,1789818609.828,1789818609.835,1789818609.835,1789818609.862,46.68
2026-09-19 17:20:10.062,onvif-e9b03eab-61a3-46bd-9f42-888fd59ddbc4,1789818610.018,1789818610.022,1789818610.028,1789818610.031,1789818610.031,1789818610.063,44.55
2026-09-19 17:20:10.209,onvif-e9b03eab-61a3-46bd-9f42-888fd59ddbc4,1789818610.162,1789818610.168,1789818610.175,1789818610.177,1789818610.177,1789818610.209,47.26
2026-09-19 17:20:10.278,onvif-e9b03eab-61a3-46bd-9f42-888fd59ddbc4,1789818610.203,1789818610.237,1789818610.243,1789818610.246,1789818610.246,1789818610.279,76.24
2026-09-19 17:20:10.362,onvif-e9b03eab-61a3-46bd-9f42-888fd59ddbc4,1789818610.288,1789818610.317,1789818610.328,1789818610.332,1789818610.333,1789818610.362,73.97
2026-09-19 17:20:10.473,onvif-e9b03eab-61a3-46bd-9f42-888fd59ddbc4,1789818610.425,1789818610.427,1789818610.434,1789818610.440,1789818610.440,1789818610.474,48.70
2026-09-19 17:20:10.546,onvif-e9b03eab-61a3-46bd-9f42-888fd59ddbc4,1789818610.468,1789818610.497,1789818610.504,1789818610.510,1789818610.510,1789818610.546,78.14
2026-09-19 17:20:10.627,onvif-e9b03eab-61a3-46bd-9f42-888fd59ddbc4,1789818610.568,1789818610.577,1789818610.588,1789818610.594,1789818610.594,1789818610.627,59.33
2026-09-19 17:20:10.682,onvif-e9b03eab-61a3-46bd-9f42-888fd59ddbc4,1789818610.635,1789818610.639,1789818610.645,1789818610.651,1789818610.651,1789818610.682,46.77
2026-09-19 17:20:10.886,onvif-e9b03eab-61a3-46bd-9f42-888fd59ddbc4,1789818610.840,1789818610.841,1789818610.848,1789818610.851,1789818610.851,1789818610.886,46.54
2026-09-19 17:20:10.955,onvif-e9b03eab-61a3-46bd-9f42-888fd59ddbc4,1789818610.900,1789818610.910,1789818610.917,1789818610.922,1789818610.922,1789818610.955,54.98
2026-09-19 17:20:11.020,onvif-e9b03eab-61a3-46bd-9f42-888fd59ddbc4,1789818610.951,1789818610.979,1789818610.990,1789818610.992,1789818610.992,1789818611.021,69.55
2026-09-19 17:20:11.090,onvif-e9b03eab-61a3-46bd-9f42-888fd59ddbc4,1789818611.045,1789818611.052,1789818611.058,1789818611.061,1789818611.061,1789818611.091,45.53
2026-09-19 17:20:11.187,onvif-e9b03eab-61a3-46bd-9f42-888fd59ddbc4,1789818611.145,1789818611.149,1789818611.155,1789818611.156,1789818611.156,1789818611.187,42.02
2026-09-19 17:20:11.299,onvif-e9b03eab-61a3-46bd-9f42-888fd59ddbc4,1789818611.251,1789818611.255,1789818611.262,1789818611.269,1789818611.269,1789818611.300,48.90
2026-09-19 17:20:11.370,onvif-e9b03eab-61a3-46bd-9f42-888fd59ddbc4,1789818611.297,1789818611.325,1789818611.332,1789818611.338,1789818611.339,1789818611.370,72.70
2026-09-19 17:20:11.426,onvif-e9b03eab-61a3-46bd-9f42-888fd59ddbc4,1789818611.364,1789818611.394,1789818611.401,1789818611.404,1789818611.404,1789818611.427,62.90
2026-09-19 17:20:11.493,onvif-e9b03eab-61a3-46bd-9f42-888fd59ddbc4,1789818611.457,1789818611.460,1789818611.467,1789818611.472,1789818611.472,1789818611.494,36.33
2026-09-19 17:20:11.605,onvif-e9b03eab-61a3-46bd-9f42-888fd59ddbc4,1789818611.555,1789818611.562,1789818611.572,1789818611.574,1789818611.574,1789818611.605,49.66
2026-09-19 17:20:11.703,onvif-e9b03eab-61a3-46bd-9f42-888fd59ddbc4,1789818611.659,1789818611.663,1789818611.669,1789818611.670,1789818611.670,1789818611.703,44.05
2026-09-19 17:20:11.813,onvif-e9b03eab-61a3-46bd-9f42-888fd59ddbc4,1789818611.762,1789818611.765,1789818611.778,1789818611.781,1789818611.781,1789818611.814,51.89
2026-09-19 17:20:11.909,onvif-e9b03eab-61a3-46bd-9f42-888fd59ddbc4,1789818611.865,1789818611.867,1789818611.874,1789818611.879,1789818611.879,1789818611.909,44.53
2026-09-19 17:20:11.981,onvif-e9b03eab-61a3-46bd-9f42-888fd59ddbc4,1789818611.927,1789818611.936,1789818611.944,1789818611.948,1789818611.948,1789818611.981,53.90
2026-09-19 17:20:12.049,onvif-e9b03eab-61a3-46bd-9f42-888fd59ddbc4,1789818611.980,1789818612.010,1789818612.014,1789818612.017,1789818612.017,1789818612.050,70.27
2026-09-19 17:20:12.112,onvif-e9b03eab-61a3-46bd-9f42-888fd59ddbc4,1789818612.070,1789818612.077,1789818612.084,1789818612.089,1789818612.089,1789818612.112,42.38
2026-09-19 17:20:12.189,onvif-e9b03eab-61a3-46bd-9f42-888fd59ddbc4,1789818612.112,1789818612.146,1789818612.156,1789818612.158,1789818612.158,1789818612.190,77.99
2026-09-19 17:20:12.257,onvif-e9b03eab-61a3-46bd-9f42-888fd59ddbc4,1789818612.184,1789818612.215,1789818612.221,1789818612.227,1789818612.227,1789818612.257,73.36
2026-09-19 17:20:12.370,onvif-e9b03eab-61a3-46bd-9f42-888fd59ddbc4,1789818612.335,1789818612.338,1789818612.344,1789818612.345,1789818612.345,1789818612.370,35.77
2026-09-19 17:20:12.525,onvif-e9b03eab-61a3-46bd-9f42-888fd59ddbc4,1789818612.477,1789818612.483,1789818612.494,1789818612.497,1789818612.497,1789818612.525,48.00
2026-09-19 17:20:12.624,onvif-e9b03eab-61a3-46bd-9f42-888fd59ddbc4,1789818612.582,1789818612.586,1789818612.593,1789818612.595,1789818612.595,1789818612.625,42.21
2026-09-19 17:20:12.722,onvif-e9b03eab-61a3-46bd-9f42-888fd59ddbc4,1789818612.683,1789818612.688,1789818612.693,1789818612.697,1789818612.697,1789818612.723,39.62
2026-09-19 17:20:12.849,onvif-e9b03eab-61a3-46bd-9f42-888fd59ddbc4,1789818612.800,1789818612.803,1789818612.813,1789818612.818,1789818612.818,1789818612.849,49.29
2026-09-19 17:20:12.917,onvif-e9b03eab-61a3-46bd-9f42-888fd59ddbc4,1789818612.844,1789818612.873,1789818612.882,1789818612.886,1789818612.886,1789818612.917,73.09
2026-09-19 17:20:12.986,onvif-e9b03eab-61a3-46bd-9f42-888fd59ddbc4,1789818612.908,1789818612.943,1789818612.949,1789818612.955,1789818612.955,1789818612.987,78.49
2026-09-19 17:20:13.029,onvif-e9b03eab-61a3-46bd-9f42-888fd59ddbc4,1789818612.992,1789818612.994,1789818613.000,1789818613.006,1789818613.006,1789818613.029,37.03
2026-09-19 17:20:13.138,onvif-e9b03eab-61a3-46bd-9f42-888fd59ddbc4,1789818613.095,1789818613.100,1789818613.107,1789818613.109,1789818613.109,1789818613.138,43.32
2026-09-19 17:20:13.236,onvif-e9b03eab-61a3-46bd-9f42-888fd59ddbc4,1789818613.195,1789818613.198,1789818613.204,1789818613.210,1789818613.210,1789818613.237,41.67
2026-09-19 17:20:13.346,onvif-e9b03eab-61a3-46bd-9f42-888fd59ddbc4,1789818613.299,1789818613.304,1789818613.310,1789818613.317,1789818613.317,1789818613.347,48.17
2026-09-19 17:20:13.545,onvif-e9b03eab-61a3-46bd-9f42-888fd59ddbc4,1789818613.505,1789818613.509,1789818613.515,1789818613.517,1789818613.518,1789818613.546,40.79
2026-09-19 17:20:13.612,onvif-e9b03eab-61a3-46bd-9f42-888fd59ddbc4,1789818613.558,1789818613.578,1789818613.584,1789818613.587,1789818613.587,1789818613.613,54.58
2026-09-19 17:20:13.694,onvif-e9b03eab-61a3-46bd-9f42-888fd59ddbc4,1789818613.620,1789818613.648,1789818613.657,1789818613.663,1789818613.663,1789818613.695,75.06
2026-09-19 17:20:13.941,onvif-e9b03eab-61a3-46bd-9f42-888fd59ddbc4,1789818613.903,1789818613.904,1789818613.910,1789818613.912,1789818613.912,1789818613.941,38.65
2026-09-19 17:20:14.017,onvif-e9b03eab-61a3-46bd-9f42-888fd59ddbc4,1789818613.968,1789818613.974,1789818613.981,1789818613.988,1789818613.988,1789818614.017,49.72
2026-09-19 17:20:14.083,onvif-e9b03eab-61a3-46bd-9f42-888fd59ddbc4,1789818614.039,1789818614.045,1789818614.051,1789818614.058,1789818614.058,1789818614.083,44.70
2026-09-19 17:20:14.170,onvif-e9b03eab-61a3-46bd-9f42-888fd59ddbc4,1789818614.124,1789818614.124,1789818614.131,1789818614.138,1789818614.138,1789818614.170,46.43
2026-09-19 17:20:14.237,onvif-e9b03eab-61a3-46bd-9f42-888fd59ddbc4,1789818614.175,1789818614.194,1789818614.205,1789818614.208,1789818614.208,1789818614.238,62.34
2026-09-19 17:20:14.375,onvif-e9b03eab-61a3-46bd-9f42-888fd59ddbc4,1789818614.330,1789818614.336,1789818614.342,1789818614.349,1789818614.349,1789818614.376,45.53
2026-09-19 17:20:14.486,onvif-e9b03eab-61a3-46bd-9f42-888fd59ddbc4,1789818614.437,1789818614.438,1789818614.449,1789818614.452,1789818614.452,1789818614.487,49.60
2026-09-19 17:20:14.585,onvif-e9b03eab-61a3-46bd-9f42-888fd59ddbc4,1789818614.527,1789818614.530,1789818614.537,1789818614.544,1789818614.544,1789818614.586,58.41
2026-09-19 17:20:14.667,onvif-e9b03eab-61a3-46bd-9f42-888fd59ddbc4,1789818614.630,1789818614.632,1789818614.639,1789818614.646,1789818614.646,1789818614.668,37.85
2026-09-19 17:20:14.723,onvif-e9b03eab-61a3-46bd-9f42-888fd59ddbc4,1789818614.639,1789818614.686,1789818614.691,1789818614.697,1789818614.697,1789818614.724,85.15
2026-09-19 17:20:14.791,onvif-e9b03eab-61a3-46bd-9f42-888fd59ddbc4,1789818614.750,1789818614.753,1789818614.760,1789818614.764,1789818614.764,1789818614.792,42.03
2026-09-19 17:20:14.877,onvif-e9b03eab-61a3-46bd-9f42-888fd59ddbc4,1789818614.837,1789818614.842,1789818614.848,1789818614.851,1789818614.851,1789818614.878,40.64
2026-09-19 17:20:14.958,onvif-e9b03eab-61a3-46bd-9f42-888fd59ddbc4,1789818614.882,1789818614.911,1789818614.917,1789818614.921,1789818614.921,1789818614.959,76.73
2026-09-19 17:20:15.085,onvif-e9b03eab-61a3-46bd-9f42-888fd59ddbc4,1789818615.038,1789818615.039,1789818615.046,1789818615.049,1789818615.051,1789818615.086,47.79
2026-09-19 17:20:15.152,onvif-e9b03eab-61a3-46bd-9f42-888fd59ddbc4,1789818615.091,1789818615.109,1789818615.115,1789818615.121,1789818615.121,1789818615.153,61.84
2026-09-19 17:20:15.222,onvif-e9b03eab-61a3-46bd-9f42-888fd59ddbc4,1789818615.179,1789818615.189,1789818615.194,1789818615.198,1789818615.198,1789818615.223,43.26
2026-09-19 17:20:15.307,onvif-e9b03eab-61a3-46bd-9f42-888fd59ddbc4,1789818615.257,1789818615.262,1789818615.272,1789818615.277,1789818615.277,1789818615.307,50.48
2026-09-19 17:20:15.389,onvif-e9b03eab-61a3-46bd-9f42-888fd59ddbc4,1789818615.346,1789818615.351,1789818615.360,1789818615.362,1789818615.362,1789818615.389,43.73
2026-09-19 17:20:15.501,onvif-e9b03eab-61a3-46bd-9f42-888fd59ddbc4,1789818615.453,1789818615.459,1789818615.465,1789818615.470,1789818615.470,1789818615.501,47.73
2026-09-19 17:20:15.611,onvif-e9b03eab-61a3-46bd-9f42-888fd59ddbc4,1789818615.555,1789818615.560,1789818615.567,1789818615.570,1789818615.570,1789818615.611,56.73
2026-09-19 17:20:15.694,onvif-e9b03eab-61a3-46bd-9f42-888fd59ddbc4,1789818615.656,1789818615.657,1789818615.664,1789818615.671,1789818615.671,1789818615.695,38.70
2026-09-19 17:20:15.792,onvif-e9b03eab-61a3-46bd-9f42-888fd59ddbc4,1789818615.756,1789818615.758,1789818615.765,1789818615.768,1789818615.768,1789818615.792,36.12
2026-09-19 17:20:15.903,onvif-e9b03eab-61a3-46bd-9f42-888fd59ddbc4,1789818615.859,1789818615.860,1789818615.871,1789818615.878,1789818615.878,1789818615.903,44.86
2026-09-19 17:20:16.000,onvif-e9b03eab-61a3-46bd-9f42-888fd59ddbc4,1789818615.962,1789818615.966,1789818615.973,1789818615.975,1789818615.976,1789818616.001,38.19
2026-09-19 17:20:16.113,onvif-e9b03eab-61a3-46bd-9f42-888fd59ddbc4,1789818616.064,1789818616.068,1789818616.075,1789818616.079,1789818616.079,1789818616.113,49.37
2026-09-19 17:20:16.208,onvif-e9b03eab-61a3-46bd-9f42-888fd59ddbc4,1789818616.163,1789818616.164,1789818616.171,1789818616.176,1789818616.176,1789818616.209,45.25
2026-09-19 17:20:16.319,onvif-e9b03eab-61a3-46bd-9f42-888fd59ddbc4,1789818616.273,1789818616.278,1789818616.289,1789818616.295,1789818616.295,1789818616.319,46.79
2026-09-19 17:20:16.527,onvif-e9b03eab-61a3-46bd-9f42-888fd59ddbc4,1789818616.480,1789818616.482,1789818616.488,1789818616.494,1789818616.494,1789818616.527,46.90
2026-09-19 17:20:16.672,onvif-e9b03eab-61a3-46bd-9f42-888fd59ddbc4,1789818616.620,1789818616.622,1789818616.628,1789818616.633,1789818616.633,1789818616.672,52.15
2026-09-19 17:20:16.731,onvif-e9b03eab-61a3-46bd-9f42-888fd59ddbc4,1789818616.680,1789818616.685,1789818616.692,1789818616.697,1789818616.697,1789818616.731,50.87
2026-09-19 17:20:16.926,onvif-e9b03eab-61a3-46bd-9f42-888fd59ddbc4,1789818616.879,1789818616.884,1789818616.890,1789818616.895,1789818616.895,1789818616.927,47.84
2026-09-19 17:20:16.992,onvif-e9b03eab-61a3-46bd-9f42-888fd59ddbc4,1789818616.936,1789818616.955,1789818616.962,1789818616.965,1789818616.965,1789818616.993,56.73
2026-09-19 17:20:17.131,onvif-e9b03eab-61a3-46bd-9f42-888fd59ddbc4,1789818617.086,1789818617.090,1789818617.101,1789818617.105,1789818617.105,1789818617.132,45.78
2026-09-19 17:20:17.242,onvif-e9b03eab-61a3-46bd-9f42-888fd59ddbc4,1789818617.190,1789818617.195,1789818617.206,1789818617.212,1789818617.212,1789818617.243,52.66
2026-09-19 17:20:17.339,onvif-e9b03eab-61a3-46bd-9f42-888fd59ddbc4,1789818617.292,1789818617.297,1789818617.303,1789818617.309,1789818617.309,1789818617.339,47.10
2026-09-19 17:20:17.437,onvif-e9b03eab-61a3-46bd-9f42-888fd59ddbc4,1789818617.395,1789818617.398,1789818617.405,1789818617.412,1789818617.413,1789818617.437,42.44
2026-09-19 17:20:17.535,onvif-e9b03eab-61a3-46bd-9f42-888fd59ddbc4,1789818617.496,1789818617.500,1789818617.506,1789818617.513,1789818617.513,1789818617.536,39.25
2026-09-19 17:20:17.749,onvif-e9b03eab-61a3-46bd-9f42-888fd59ddbc4,1789818617.701,1789818617.706,1789818617.714,1789818617.721,1789818617.722,1789818617.750,49.10
2026-09-19 17:20:17.846,onvif-e9b03eab-61a3-46bd-9f42-888fd59ddbc4,1789818617.805,1789818617.810,1789818617.815,1789818617.819,1789818617.819,1789818617.846,41.80
2026-09-19 17:20:17.957,onvif-e9b03eab-61a3-46bd-9f42-888fd59ddbc4,1789818617.907,1789818617.911,1789818617.923,1789818617.928,1789818617.928,1789818617.957,50.41
2026-09-19 17:20:18.055,onvif-e9b03eab-61a3-46bd-9f42-888fd59ddbc4,1789818618.009,1789818618.013,1789818618.024,1789818618.030,1789818618.030,1789818618.056,47.22
2026-09-19 17:20:18.152,onvif-e9b03eab-61a3-46bd-9f42-888fd59ddbc4,1789818618.109,1789818618.110,1789818618.120,1789818618.127,1789818618.127,1789818618.152,43.30
2026-09-19 17:20:18.262,onvif-e9b03eab-61a3-46bd-9f42-888fd59ddbc4,1789818618.215,1789818618.217,1789818618.224,1789818618.230,1789818618.231,1789818618.263,48.40
2026-09-19 17:20:18.367,onvif-e9b03eab-61a3-46bd-9f42-888fd59ddbc4,1789818618.319,1789818618.326,1789818618.333,1789818618.339,1789818618.339,1789818618.368,48.93
2026-09-19 17:20:18.465,onvif-e9b03eab-61a3-46bd-9f42-888fd59ddbc4,1789818618.419,1789818618.423,1789818618.430,1789818618.437,1789818618.437,1789818618.466,46.96
2026-09-19 17:20:18.563,onvif-e9b03eab-61a3-46bd-9f42-888fd59ddbc4,1789818618.518,1789818618.520,1789818618.527,1789818618.533,1789818618.533,1789818618.564,45.37
2026-09-19 17:20:18.673,onvif-e9b03eab-61a3-46bd-9f42-888fd59ddbc4,1789818618.621,1789818618.626,1789818618.637,1789818618.641,1789818618.641,1789818618.674,53.23
2026-09-19 17:20:18.884,onvif-e9b03eab-61a3-46bd-9f42-888fd59ddbc4,1789818618.836,1789818618.842,1789818618.848,1789818618.853,1789818618.853,1789818618.885,48.45
2026-09-19 17:20:18.952,onvif-e9b03eab-61a3-46bd-9f42-888fd59ddbc4,1789818618.878,1789818618.912,1789818618.919,1789818618.922,1789818618.922,1789818618.953,74.64
2026-09-19 17:20:19.194,onvif-e9b03eab-61a3-46bd-9f42-888fd59ddbc4,1789818619.143,1789818619.149,1789818619.157,1789818619.160,1789818619.160,1789818619.195,51.33
2026-09-19 17:20:19.290,onvif-e9b03eab-61a3-46bd-9f42-888fd59ddbc4,1789818619.241,1789818619.247,1789818619.254,1789818619.261,1789818619.261,1789818619.290,49.47
2026-09-19 17:20:19.440,onvif-e9b03eab-61a3-46bd-9f42-888fd59ddbc4,1789818619.381,1789818619.387,1789818619.396,1789818619.402,1789818619.402,1789818619.440,58.85
2026-09-19 17:20:19.487,onvif-e9b03eab-61a3-46bd-9f42-888fd59ddbc4,1789818619.444,1789818619.448,1789818619.456,1789818619.463,1789818619.463,1789818619.488,43.34
2026-09-19 17:20:19.695,onvif-e9b03eab-61a3-46bd-9f42-888fd59ddbc4,1789818619.645,1789818619.651,1789818619.657,1789818619.664,1789818619.664,1789818619.696,50.39
2026-09-19 17:20:19.764,onvif-e9b03eab-61a3-46bd-9f42-888fd59ddbc4,1789818619.713,1789818619.720,1789818619.727,1789818619.731,1789818619.731,1789818619.765,52.39
2026-09-19 17:20:20.324,onvif-e9b03eab-61a3-46bd-9f42-888fd59ddbc4,1789818620.268,1789818620.271,1789818620.280,1789818620.285,1789818620.285,1789818620.325,56.43
2026-09-19 17:20:20.609,onvif-e9b03eab-61a3-46bd-9f42-888fd59ddbc4,1789818620.568,1789818620.569,1789818620.577,1789818620.581,1789818620.581,1789818620.609,41.54
2026-09-19 17:20:20.676,onvif-e9b03eab-61a3-46bd-9f42-888fd59ddbc4,1789818620.623,1789818620.638,1789818620.645,1789818620.648,1789818620.648,1789818620.677,53.33
2026-09-19 17:20:20.853,onvif-e9b03eab-61a3-46bd-9f42-888fd59ddbc4,1789818620.801,1789818620.803,1789818620.814,1789818620.822,1789818620.822,1789818620.854,53.03
2026-09-19 17:20:20.923,onvif-e9b03eab-61a3-46bd-9f42-888fd59ddbc4,1789818620.845,1789818620.872,1789818620.883,1789818620.887,1789818620.887,1789818620.923,78.36
2026-09-19 17:20:21.019,onvif-e9b03eab-61a3-46bd-9f42-888fd59ddbc4,1789818620.976,1789818620.983,1789818620.988,1789818620.994,1789818620.994,1789818621.020,43.30
2026-09-19 17:20:21.237,onvif-e9b03eab-61a3-46bd-9f42-888fd59ddbc4,1789818621.183,1789818621.187,1789818621.199,1789818621.207,1789818621.207,1789818621.237,54.09
2026-09-19 17:20:21.319,onvif-e9b03eab-61a3-46bd-9f42-888fd59ddbc4,1789818621.287,1789818621.289,1789818621.296,1789818621.298,1789818621.298,1789818621.319,32.55
2026-09-19 17:20:21.429,onvif-e9b03eab-61a3-46bd-9f42-888fd59ddbc4,1789818621.386,1789818621.390,1789818621.396,1789818621.402,1789818621.402,1789818621.430,43.65
2026-09-19 17:20:21.637,onvif-e9b03eab-61a3-46bd-9f42-888fd59ddbc4,1789818621.593,1789818621.596,1789818621.604,1789818621.609,1789818621.609,1789818621.638,44.50
2026-09-19 17:20:21.887,onvif-e9b03eab-61a3-46bd-9f42-888fd59ddbc4,1789818621.836,1789818621.841,1789818621.853,1789818621.856,1789818621.857,1789818621.888,51.16
2026-09-19 17:20:21.958,onvif-e9b03eab-61a3-46bd-9f42-888fd59ddbc4,1789818621.902,1789818621.911,1789818621.919,1789818621.921,1789818621.921,1789818621.958,55.76
2026-09-19 17:20:22.054,onvif-e9b03eab-61a3-46bd-9f42-888fd59ddbc4,1789818622.005,1789818622.007,1789818622.018,1789818622.024,1789818622.024,1789818622.054,48.82
2026-09-19 17:20:22.151,onvif-e9b03eab-61a3-46bd-9f42-888fd59ddbc4,1789818622.105,1789818622.111,1789818622.118,1789818622.121,1789818622.121,1789818622.151,45.97
2026-09-19 17:20:22.248,onvif-e9b03eab-61a3-46bd-9f42-888fd59ddbc4,1789818622.206,1789818622.207,1789818622.218,1789818622.224,1789818622.224,1789818622.248,42.41
2026-09-19 17:20:22.347,onvif-e9b03eab-61a3-46bd-9f42-888fd59ddbc4,1789818622.311,1789818622.314,1789818622.320,1789818622.323,1789818622.323,1789818622.347,36.41
2026-09-19 17:20:22.458,onvif-e9b03eab-61a3-46bd-9f42-888fd59ddbc4,1789818622.412,1789818622.416,1789818622.423,1789818622.426,1789818622.426,1789818622.458,46.35
2026-09-19 17:20:22.554,onvif-e9b03eab-61a3-46bd-9f42-888fd59ddbc4,1789818622.517,1789818622.523,1789818622.530,1789818622.534,1789818622.534,1789818622.555,37.74
2026-09-19 17:20:22.764,onvif-e9b03eab-61a3-46bd-9f42-888fd59ddbc4,1789818622.717,1789818622.717,1789818622.724,1789818622.731,1789818622.731,1789818622.765,48.37
2026-09-19 17:20:22.835,onvif-e9b03eab-61a3-46bd-9f42-888fd59ddbc4,1789818622.771,1789818622.787,1789818622.794,1789818622.800,1789818622.800,1789818622.835,64.37
2026-09-19 17:20:22.915,onvif-e9b03eab-61a3-46bd-9f42-888fd59ddbc4,1789818622.847,1789818622.867,1789818622.877,1789818622.882,1789818622.882,1789818622.915,68.59
2026-09-19 17:20:23.069,onvif-e9b03eab-61a3-46bd-9f42-888fd59ddbc4,1789818623.026,1789818623.027,1789818623.033,1789818623.040,1789818623.040,1789818623.070,43.55
2026-09-19 17:20:23.179,onvif-e9b03eab-61a3-46bd-9f42-888fd59ddbc4,1789818623.131,1789818623.134,1789818623.140,1789818623.142,1789818623.142,1789818623.180,48.48
2026-09-19 17:20:23.235,onvif-e9b03eab-61a3-46bd-9f42-888fd59ddbc4,1789818623.199,1789818623.203,1789818623.209,1789818623.210,1789818623.210,1789818623.236,36.41
2026-09-19 17:20:23.387,onvif-e9b03eab-61a3-46bd-9f42-888fd59ddbc4,1789818623.334,1789818623.340,1789818623.351,1789818623.354,1789818623.354,1789818623.387,53.50
2026-09-19 17:20:23.484,onvif-e9b03eab-61a3-46bd-9f42-888fd59ddbc4,1789818623.437,1789818623.441,1789818623.451,1789818623.456,1789818623.456,1789818623.485,48.00
2026-09-19 17:20:23.581,onvif-e9b03eab-61a3-46bd-9f42-888fd59ddbc4,1789818623.537,1789818623.543,1789818623.549,1789818623.551,1789818623.551,1789818623.581,44.48
2026-09-19 17:20:23.680,onvif-e9b03eab-61a3-46bd-9f42-888fd59ddbc4,1789818623.644,1789818623.649,1789818623.656,1789818623.658,1789818623.658,1789818623.681,36.38
2026-09-19 17:20:23.789,onvif-e9b03eab-61a3-46bd-9f42-888fd59ddbc4,1789818623.745,1789818623.751,1789818623.757,1789818623.763,1789818623.763,1789818623.790,45.24
2026-09-19 17:20:24.027,onvif-e9b03eab-61a3-46bd-9f42-888fd59ddbc4,1789818623.978,1789818623.983,1789818623.989,1789818623.992,1789818623.992,1789818624.028,49.43
2026-09-19 17:20:24.091,onvif-e9b03eab-61a3-46bd-9f42-888fd59ddbc4,1789818624.053,1789818624.057,1789818624.064,1789818624.067,1789818624.067,1789818624.091,38.19
2026-09-19 17:20:24.242,onvif-e9b03eab-61a3-46bd-9f42-888fd59ddbc4,1789818624.206,1789818624.207,1789818624.218,1789818624.219,1789818624.220,1789818624.243,36.23
2026-09-19 17:20:24.298,onvif-e9b03eab-61a3-46bd-9f42-888fd59ddbc4,1789818624.260,1789818624.264,1789818624.271,1789818624.276,1789818624.276,1789818624.298,38.42
2026-09-19 17:20:24.512,onvif-e9b03eab-61a3-46bd-9f42-888fd59ddbc4,1789818624.464,1789818624.470,1789818624.476,1789818624.478,1789818624.478,1789818624.512,48.77
2026-09-19 17:20:24.681,onvif-e9b03eab-61a3-46bd-9f42-888fd59ddbc4,1789818624.624,1789818624.626,1789818624.633,1789818624.639,1789818624.639,1789818624.682,58.12
2026-09-19 17:20:24.737,onvif-e9b03eab-61a3-46bd-9f42-888fd59ddbc4,1789818624.679,1789818624.695,1789818624.702,1789818624.709,1789818624.709,1789818624.737,58.26
2026-09-19 17:20:24.848,onvif-e9b03eab-61a3-46bd-9f42-888fd59ddbc4,1789818624.797,1789818624.800,1789818624.808,1789818624.810,1789818624.810,1789818624.848,50.97
2026-09-19 17:20:25.025,onvif-e9b03eab-61a3-46bd-9f42-888fd59ddbc4,1789818624.976,1789818624.978,1789818624.984,1789818624.989,1789818624.989,1789818625.026,49.59
2026-09-19 17:20:25.095,onvif-e9b03eab-61a3-46bd-9f42-888fd59ddbc4,1789818625.019,1789818625.047,1789818625.053,1789818625.060,1789818625.060,1789818625.095,76.53
2026-09-19 17:20:25.222,onvif-e9b03eab-61a3-46bd-9f42-888fd59ddbc4,1789818625.174,1789818625.180,1789818625.187,1789818625.189,1789818625.189,1789818625.222,48.09
2026-09-19 17:20:25.290,onvif-e9b03eab-61a3-46bd-9f42-888fd59ddbc4,1789818625.215,1789818625.249,1789818625.256,1789818625.258,1789818625.259,1789818625.291,75.38
2026-09-19 17:20:25.428,onvif-e9b03eab-61a3-46bd-9f42-888fd59ddbc4,1789818625.382,1789818625.386,1789818625.394,1789818625.400,1789818625.400,1789818625.429,47.29
2026-09-19 17:20:25.626,onvif-e9b03eab-61a3-46bd-9f42-888fd59ddbc4,1789818625.586,1789818625.587,1789818625.597,1789818625.600,1789818625.600,1789818625.627,40.51
2026-09-19 17:20:25.690,onvif-e9b03eab-61a3-46bd-9f42-888fd59ddbc4,1789818625.650,1789818625.657,1789818625.663,1789818625.665,1789818625.665,1789818625.690,40.16
2026-09-19 17:20:25.769,onvif-e9b03eab-61a3-46bd-9f42-888fd59ddbc4,1789818625.703,1789818625.732,1789818625.737,1789818625.739,1789818625.739,1789818625.770,66.10
2026-09-19 17:20:25.837,onvif-e9b03eab-61a3-46bd-9f42-888fd59ddbc4,1789818625.793,1789818625.798,1789818625.804,1789818625.808,1789818625.808,1789818625.838,45.25
2026-09-19 17:20:25.935,onvif-e9b03eab-61a3-46bd-9f42-888fd59ddbc4,1789818625.892,1789818625.894,1789818625.900,1789818625.903,1789818625.903,1789818625.936,44.18
2026-09-19 17:20:26.033,onvif-e9b03eab-61a3-46bd-9f42-888fd59ddbc4,1789818625.997,1789818626.001,1789818626.007,1789818626.009,1789818626.009,1789818626.033,35.93
2026-09-19 17:20:26.143,onvif-e9b03eab-61a3-46bd-9f42-888fd59ddbc4,1789818626.100,1789818626.102,1789818626.109,1789818626.111,1789818626.111,1789818626.144,43.46
2026-09-19 17:20:26.241,onvif-e9b03eab-61a3-46bd-9f42-888fd59ddbc4,1789818626.199,1789818626.204,1789818626.214,1789818626.219,1789818626.219,1789818626.242,42.74
2026-09-19 17:20:26.337,onvif-e9b03eab-61a3-46bd-9f42-888fd59ddbc4,1789818626.304,1789818626.305,1789818626.312,1789818626.315,1789818626.315,1789818626.338,33.95
2026-09-19 17:20:26.457,onvif-e9b03eab-61a3-46bd-9f42-888fd59ddbc4,1789818626.406,1789818626.412,1789818626.418,1789818626.422,1789818626.422,1789818626.457,51.16
2026-09-19 17:20:26.511,onvif-e9b03eab-61a3-46bd-9f42-888fd59ddbc4,1789818626.466,1789818626.482,1789818626.488,1789818626.491,1789818626.491,1789818626.512,45.41
2026-09-19 17:20:26.650,onvif-e9b03eab-61a3-46bd-9f42-888fd59ddbc4,1789818626.608,1789818626.610,1789818626.616,1789818626.617,1789818626.617,1789818626.651,42.29
2026-09-19 17:20:26.861,onvif-e9b03eab-61a3-46bd-9f42-888fd59ddbc4,1789818626.817,1789818626.824,1789818626.830,1789818626.833,1789818626.833,1789818626.862,44.06
2026-09-19 17:20:27.058,onvif-e9b03eab-61a3-46bd-9f42-888fd59ddbc4,1789818627.020,1789818627.020,1789818627.027,1789818627.030,1789818627.030,1789818627.058,38.43
2026-09-19 17:20:27.125,onvif-e9b03eab-61a3-46bd-9f42-888fd59ddbc4,1789818627.082,1789818627.090,1789818627.101,1789818627.103,1789818627.103,1789818627.125,43.06
2026-09-19 17:20:27.207,onvif-e9b03eab-61a3-46bd-9f42-888fd59ddbc4,1789818627.141,1789818627.170,1789818627.181,1789818627.183,1789818627.183,1789818627.207,66.13
2026-09-19 17:20:27.278,onvif-e9b03eab-61a3-46bd-9f42-888fd59ddbc4,1789818627.223,1789818627.226,1789818627.237,1789818627.239,1789818627.239,1789818627.278,55.32
2026-09-19 17:20:27.473,onvif-e9b03eab-61a3-46bd-9f42-888fd59ddbc4,1789818627.432,1789818627.437,1789818627.442,1789818627.447,1789818627.447,1789818627.474,41.22
2026-09-19 17:20:27.540,onvif-e9b03eab-61a3-46bd-9f42-888fd59ddbc4,1789818627.475,1789818627.505,1789818627.511,1789818627.515,1789818627.515,1789818627.541,65.56
2026-09-19 17:20:27.666,onvif-e9b03eab-61a3-46bd-9f42-888fd59ddbc4,1789818627.631,1789818627.631,1789818627.637,1789818627.643,1789818627.643,1789818627.666,35.54
2026-09-19 17:20:27.875,onvif-e9b03eab-61a3-46bd-9f42-888fd59ddbc4,1789818627.837,1789818627.840,1789818627.847,1789818627.850,1789818627.850,1789818627.876,38.98
2026-09-19 17:20:27.952,onvif-e9b03eab-61a3-46bd-9f42-888fd59ddbc4,1789818627.896,1789818627.908,1789818627.914,1789818627.921,1789818627.921,1789818627.953,56.22
2026-09-19 17:20:28.019,onvif-e9b03eab-61a3-46bd-9f42-888fd59ddbc4,1789818627.949,1789818627.982,1789818627.992,1789818627.997,1789818627.997,1789818628.019,69.69
2026-09-19 17:20:28.074,onvif-e9b03eab-61a3-46bd-9f42-888fd59ddbc4,1789818628.041,1789818628.043,1789818628.049,1789818628.053,1789818628.053,1789818628.075,33.65
2026-09-19 17:20:28.185,onvif-e9b03eab-61a3-46bd-9f42-888fd59ddbc4,1789818628.152,1789818628.154,1789818628.161,1789818628.163,1789818628.163,1789818628.185,33.47
2026-09-19 17:20:28.296,onvif-e9b03eab-61a3-46bd-9f42-888fd59ddbc4,1789818628.247,1789818628.249,1789818628.260,1789818628.265,1789818628.265,1789818628.297,49.74
2026-09-19 17:20:28.408,onvif-e9b03eab-61a3-46bd-9f42-888fd59ddbc4,1789818628.359,1789818628.362,1789818628.373,1789818628.378,1789818628.378,1789818628.408,48.95
2026-09-19 17:20:28.490,onvif-e9b03eab-61a3-46bd-9f42-888fd59ddbc4,1789818628.453,1789818628.456,1789818628.467,1789818628.470,1789818628.470,1789818628.490,37.64
2026-09-19 17:20:28.602,onvif-e9b03eab-61a3-46bd-9f42-888fd59ddbc4,1789818628.553,1789818628.555,1789818628.566,1789818628.571,1789818628.571,1789818628.602,48.82
2026-09-19 17:20:28.700,onvif-e9b03eab-61a3-46bd-9f42-888fd59ddbc4,1789818628.654,1789818628.656,1789818628.663,1789818628.669,1789818628.670,1789818628.700,46.24
2026-09-19 17:20:28.797,onvif-e9b03eab-61a3-46bd-9f42-888fd59ddbc4,1789818628.759,1789818628.762,1789818628.768,1789818628.773,1789818628.773,1789818628.797,38.30
2026-09-19 17:20:28.894,onvif-e9b03eab-61a3-46bd-9f42-888fd59ddbc4,1789818628.859,1789818628.862,1789818628.871,1789818628.874,1789818628.874,1789818628.894,35.24
2026-09-19 17:20:28.992,onvif-e9b03eab-61a3-46bd-9f42-888fd59ddbc4,1789818628.962,1789818628.963,1789818628.969,1789818628.971,1789818628.971,1789818628.992,30.46
2026-09-19 17:20:29.115,onvif-e9b03eab-61a3-46bd-9f42-888fd59ddbc4,1789818629.066,1789818629.068,1789818629.079,1789818629.085,1789818629.085,1789818629.116,49.63
2026-09-19 17:20:29.199,onvif-e9b03eab-61a3-46bd-9f42-888fd59ddbc4,1789818629.168,1789818629.169,1789818629.175,1789818629.181,1789818629.181,1789818629.200,31.94
2026-09-19 17:20:29.311,onvif-e9b03eab-61a3-46bd-9f42-888fd59ddbc4,1789818629.275,1789818629.281,1789818629.288,1789818629.290,1789818629.290,1789818629.312,36.51
2026-09-19 17:20:29.421,onvif-e9b03eab-61a3-46bd-9f42-888fd59ddbc4,1789818629.373,1789818629.378,1789818629.385,1789818629.392,1789818629.392,1789818629.421,47.90
2026-09-19 17:20:29.519,onvif-e9b03eab-61a3-46bd-9f42-888fd59ddbc4,1789818629.474,1789818629.478,1789818629.484,1789818629.489,1789818629.489,1789818629.519,45.02
2026-09-19 17:20:29.616,onvif-e9b03eab-61a3-46bd-9f42-888fd59ddbc4,1789818629.581,1789818629.585,1789818629.592,1789818629.598,1789818629.598,1789818629.616,35.18
2026-09-19 17:20:29.824,onvif-e9b03eab-61a3-46bd-9f42-888fd59ddbc4,1789818629.781,1789818629.785,1789818629.792,1789818629.796,1789818629.796,1789818629.825,43.75
2026-09-19 17:20:30.034,onvif-e9b03eab-61a3-46bd-9f42-888fd59ddbc4,1789818629.986,1789818629.990,1789818629.996,1789818630.000,1789818630.000,1789818630.035,48.95
2026-09-19 17:20:30.096,onvif-e9b03eab-61a3-46bd-9f42-888fd59ddbc4,1789818630.048,1789818630.058,1789818630.065,1789818630.066,1789818630.066,1789818630.097,48.96
2026-09-19 17:20:30.206,onvif-e9b03eab-61a3-46bd-9f42-888fd59ddbc4,1789818630.163,1789818630.168,1789818630.174,1789818630.179,1789818630.179,1789818630.206,43.22
2026-09-19 17:20:30.346,onvif-e9b03eab-61a3-46bd-9f42-888fd59ddbc4,1789818630.300,1789818630.301,1789818630.312,1789818630.315,1789818630.315,1789818630.347,46.78
2026-09-19 17:20:30.442,onvif-e9b03eab-61a3-46bd-9f42-888fd59ddbc4,1789818630.396,1789818630.400,1789818630.406,1789818630.413,1789818630.413,1789818630.442,46.14
2026-09-19 17:20:30.540,onvif-e9b03eab-61a3-46bd-9f42-888fd59ddbc4,1789818630.499,1789818630.500,1789818630.507,1789818630.513,1789818630.513,1789818630.540,40.97
2026-09-19 17:20:30.649,onvif-e9b03eab-61a3-46bd-9f42-888fd59ddbc4,1789818630.603,1789818630.606,1789818630.613,1789818630.615,1789818630.615,1789818630.650,46.93
2026-09-19 17:20:30.746,onvif-e9b03eab-61a3-46bd-9f42-888fd59ddbc4,1789818630.703,1789818630.707,1789818630.714,1789818630.717,1789818630.717,1789818630.747,43.83
2026-09-19 17:20:30.945,onvif-e9b03eab-61a3-46bd-9f42-888fd59ddbc4,1789818630.909,1789818630.910,1789818630.917,1789818630.919,1789818630.919,1789818630.945,36.05
2026-09-19 17:20:31.012,onvif-e9b03eab-61a3-46bd-9f42-888fd59ddbc4,1789818630.948,1789818630.979,1789818630.985,1789818630.988,1789818630.988,1789818631.012,64.12
2026-09-19 17:20:31.154,onvif-e9b03eab-61a3-46bd-9f42-888fd59ddbc4,1789818631.114,1789818631.117,1789818631.123,1789818631.127,1789818631.127,1789818631.154,40.37
2026-09-19 17:20:31.221,onvif-e9b03eab-61a3-46bd-9f42-888fd59ddbc4,1789818631.155,1789818631.185,1789818631.191,1789818631.194,1789818631.194,1789818631.221,66.61
2026-09-19 17:20:31.289,onvif-e9b03eab-61a3-46bd-9f42-888fd59ddbc4,1789818631.236,1789818631.254,1789818631.260,1789818631.262,1789818631.262,1789818631.290,53.26
2026-09-19 17:20:31.359,onvif-e9b03eab-61a3-46bd-9f42-888fd59ddbc4,1789818631.319,1789818631.320,1789818631.326,1789818631.329,1789818631.329,1789818631.359,39.86
2026-09-19 17:20:31.470,onvif-e9b03eab-61a3-46bd-9f42-888fd59ddbc4,1789818631.434,1789818631.437,1789818631.446,1789818631.453,1789818631.453,1789818631.471,36.86
2026-09-19 17:20:31.567,onvif-e9b03eab-61a3-46bd-9f42-888fd59ddbc4,1789818631.528,1789818631.532,1789818631.543,1789818631.548,1789818631.548,1789818631.568,39.84
2026-09-19 17:20:31.710,onvif-e9b03eab-61a3-46bd-9f42-888fd59ddbc4,1789818631.665,1789818631.670,1789818631.679,1789818631.683,1789818631.684,1789818631.710,44.90
2026-09-19 17:20:31.769,onvif-e9b03eab-61a3-46bd-9f42-888fd59ddbc4,1789818631.729,1789818631.731,1789818631.737,1789818631.741,1789818631.741,1789818631.769,40.61
2026-09-19 17:20:31.866,onvif-e9b03eab-61a3-46bd-9f42-888fd59ddbc4,1789818631.830,1789818631.831,1789818631.836,1789818631.843,1789818631.843,1789818631.867,36.67
2026-09-19 17:20:32.075,onvif-e9b03eab-61a3-46bd-9f42-888fd59ddbc4,1789818632.036,1789818632.039,1789818632.050,1789818632.052,1789818632.052,1789818632.075,39.29
2026-09-19 17:20:32.275,onvif-e9b03eab-61a3-46bd-9f42-888fd59ddbc4,1789818632.240,1789818632.241,1789818632.248,1789818632.251,1789818632.251,1789818632.276,35.60
2026-09-19 17:20:32.389,onvif-e9b03eab-61a3-46bd-9f42-888fd59ddbc4,1789818632.343,1789818632.348,1789818632.354,1789818632.356,1789818632.356,1789818632.390,46.63
2026-09-19 17:20:32.694,onvif-e9b03eab-61a3-46bd-9f42-888fd59ddbc4,1789818632.656,1789818632.662,1789818632.668,1789818632.671,1789818632.671,1789818632.695,38.20
2026-09-19 17:20:32.765,onvif-e9b03eab-61a3-46bd-9f42-888fd59ddbc4,1789818632.728,1789818632.730,1789818632.737,1789818632.742,1789818632.742,1789818632.766,37.89
2026-09-19 17:20:32.902,onvif-e9b03eab-61a3-46bd-9f42-888fd59ddbc4,1789818632.858,1789818632.863,1789818632.870,1789818632.874,1789818632.874,1789818632.902,44.25
2026-09-19 17:20:32.969,onvif-e9b03eab-61a3-46bd-9f42-888fd59ddbc4,1789818632.899,1789818632.931,1789818632.938,1789818632.945,1789818632.945,1789818632.969,69.83
2026-09-19 17:20:33.095,onvif-e9b03eab-61a3-46bd-9f42-888fd59ddbc4,1789818633.058,1789818633.058,1789818633.064,1789818633.070,1789818633.070,1789818633.096,37.86
2026-09-19 17:20:33.207,onvif-e9b03eab-61a3-46bd-9f42-888fd59ddbc4,1789818633.162,1789818633.165,1789818633.171,1789818633.176,1789818633.176,1789818633.207,45.12
2026-09-19 17:20:33.409,onvif-e9b03eab-61a3-46bd-9f42-888fd59ddbc4,1789818633.368,1789818633.373,1789818633.384,1789818633.387,1789818633.387,1789818633.409,41.32
2026-09-19 17:20:33.618,onvif-e9b03eab-61a3-46bd-9f42-888fd59ddbc4,1789818633.574,1789818633.577,1789818633.583,1789818633.590,1789818633.591,1789818633.618,43.96
2026-09-19 17:20:33.714,onvif-e9b03eab-61a3-46bd-9f42-888fd59ddbc4,1789818633.676,1789818633.678,1789818633.684,1789818633.688,1789818633.688,1789818633.714,38.41
2026-09-19 17:20:33.809,onvif-e9b03eab-61a3-46bd-9f42-888fd59ddbc4,1789818633.777,1789818633.779,1789818633.786,1789818633.789,1789818633.789,1789818633.810,32.51
2026-09-19 17:20:33.920,onvif-e9b03eab-61a3-46bd-9f42-888fd59ddbc4,1789818633.876,1789818633.880,1789818633.886,1789818633.890,1789818633.890,1789818633.920,44.93
2026-09-19 17:20:34.031,onvif-e9b03eab-61a3-46bd-9f42-888fd59ddbc4,1789818633.985,1789818633.986,1789818633.997,1789818634.003,1789818634.003,1789818634.032,46.63
2026-09-19 17:20:34.130,onvif-e9b03eab-61a3-46bd-9f42-888fd59ddbc4,1789818634.086,1789818634.092,1789818634.097,1789818634.103,1789818634.103,1789818634.131,44.81
2026-09-19 17:20:34.225,onvif-e9b03eab-61a3-46bd-9f42-888fd59ddbc4,1789818634.184,1789818634.187,1789818634.192,1789818634.199,1789818634.199,1789818634.226,42.05
2026-09-19 17:20:34.322,onvif-e9b03eab-61a3-46bd-9f42-888fd59ddbc4,1789818634.288,1789818634.292,1789818634.298,1789818634.299,1789818634.299,1789818634.322,34.66
2026-09-19 17:20:34.435,onvif-e9b03eab-61a3-46bd-9f42-888fd59ddbc4,1789818634.390,1789818634.393,1789818634.400,1789818634.405,1789818634.405,1789818634.435,45.15
2026-09-19 17:20:34.545,onvif-e9b03eab-61a3-46bd-9f42-888fd59ddbc4,1789818634.494,1789818634.499,1789818634.510,1789818634.514,1789818634.514,1789818634.546,51.82
2026-09-19 17:20:34.658,onvif-e9b03eab-61a3-46bd-9f42-888fd59ddbc4,1789818634.618,1789818634.622,1789818634.632,1789818634.636,1789818634.636,1789818634.659,41.07
2026-09-19 17:20:34.741,onvif-e9b03eab-61a3-46bd-9f42-888fd59ddbc4,1789818634.698,1789818634.701,1789818634.707,1789818634.713,1789818634.714,1789818634.742,43.93
2026-09-19 17:20:34.838,onvif-e9b03eab-61a3-46bd-9f42-888fd59ddbc4,1789818634.801,1789818634.808,1789818634.814,1789818634.816,1789818634.816,1789818634.839,37.62
2026-09-19 17:20:34.909,onvif-e9b03eab-61a3-46bd-9f42-888fd59ddbc4,1789818634.844,1789818634.875,1789818634.885,1789818634.889,1789818634.889,1789818634.910,65.75
2026-09-19 17:20:34.976,onvif-e9b03eab-61a3-46bd-9f42-888fd59ddbc4,1789818634.910,1789818634.944,1789818634.954,1789818634.958,1789818634.958,1789818634.977,66.78
2026-09-19 17:20:35.047,onvif-e9b03eab-61a3-46bd-9f42-888fd59ddbc4,1789818635.006,1789818635.011,1789818635.021,1789818635.026,1789818635.026,1789818635.047,41.00
2026-09-19 17:20:35.143,onvif-e9b03eab-61a3-46bd-9f42-888fd59ddbc4,1789818635.107,1789818635.112,1789818635.119,1789818635.122,1789818635.122,1789818635.143,36.66
2026-09-19 17:20:35.365,onvif-e9b03eab-61a3-46bd-9f42-888fd59ddbc4,1789818635.332,1789818635.332,1789818635.339,1789818635.344,1789818635.344,1789818635.366,34.20
2026-09-19 17:20:35.561,onvif-e9b03eab-61a3-46bd-9f42-888fd59ddbc4,1789818635.517,1789818635.519,1789818635.525,1789818635.531,1789818635.531,1789818635.562,44.63
2026-09-19 17:20:35.629,onvif-e9b03eab-61a3-46bd-9f42-888fd59ddbc4,1789818635.563,1789818635.588,1789818635.594,1789818635.600,1789818635.600,1789818635.629,65.55
2026-09-19 17:20:35.754,onvif-e9b03eab-61a3-46bd-9f42-888fd59ddbc4,1789818635.727,1789818635.729,1789818635.734,1789818635.736,1789818635.736,1789818635.755,27.72
2026-09-19 17:20:35.974,onvif-e9b03eab-61a3-46bd-9f42-888fd59ddbc4,1789818635.927,1789818635.928,1789818635.934,1789818635.939,1789818635.940,1789818635.975,48.06
2026-09-19 17:20:36.095,onvif-e9b03eab-61a3-46bd-9f42-888fd59ddbc4,1789818636.050,1789818636.052,1789818636.059,1789818636.063,1789818636.063,1789818636.095,44.96
2026-09-19 17:20:36.178,onvif-e9b03eab-61a3-46bd-9f42-888fd59ddbc4,1789818636.132,1789818636.136,1789818636.144,1789818636.150,1789818636.150,1789818636.178,45.99
2026-09-19 17:20:36.304,onvif-e9b03eab-61a3-46bd-9f42-888fd59ddbc4,1789818636.274,1789818636.277,1789818636.283,1789818636.285,1789818636.285,1789818636.304,30.25
2026-09-19 17:20:36.386,onvif-e9b03eab-61a3-46bd-9f42-888fd59ddbc4,1789818636.343,1789818636.345,1789818636.352,1789818636.355,1789818636.355,1789818636.387,44.26
2026-09-19 17:20:36.587,onvif-e9b03eab-61a3-46bd-9f42-888fd59ddbc4,1789818636.541,1789818636.545,1789818636.551,1789818636.557,1789818636.557,1789818636.587,46.43
2026-09-19 17:20:36.878,onvif-e9b03eab-61a3-46bd-9f42-888fd59ddbc4,1789818636.848,1789818636.853,1789818636.860,1789818636.862,1789818636.862,1789818636.879,31.08
2026-09-19 17:20:37.127,onvif-e9b03eab-61a3-46bd-9f42-888fd59ddbc4,1789818637.053,1789818637.057,1789818637.064,1789818637.071,1789818637.071,1789818637.127,73.95
2026-09-19 17:20:37.159,onvif-e9b03eab-61a3-46bd-9f42-888fd59ddbc4,1789818637.114,1789818637.125,1789818637.132,1789818637.136,1789818637.136,1789818637.159,45.11
2026-09-19 17:20:37.225,onvif-e9b03eab-61a3-46bd-9f42-888fd59ddbc4,1789818637.175,1789818637.193,1789818637.199,1789818637.201,1789818637.201,1789818637.226,50.85
2026-09-19 17:20:37.297,onvif-e9b03eab-61a3-46bd-9f42-888fd59ddbc4,1789818637.262,1789818637.265,1789818637.272,1789818637.275,1789818637.275,1789818637.298,36.27
2026-09-19 17:20:37.392,onvif-e9b03eab-61a3-46bd-9f42-888fd59ddbc4,1789818637.359,1789818637.361,1789818637.368,1789818637.370,1789818637.370,1789818637.392,32.82
2026-09-19 17:20:37.503,onvif-e9b03eab-61a3-46bd-9f42-888fd59ddbc4,1789818637.468,1789818637.472,1789818637.478,1789818637.482,1789818637.482,1789818637.503,35.64
2026-09-19 17:20:37.701,onvif-e9b03eab-61a3-46bd-9f42-888fd59ddbc4,1789818637.666,1789818637.668,1789818637.675,1789818637.677,1789818637.677,1789818637.701,35.40
2026-09-19 17:20:37.767,onvif-e9b03eab-61a3-46bd-9f42-888fd59ddbc4,1789818637.705,1789818637.736,1789818637.743,1789818637.745,1789818637.745,1789818637.768,62.92
2026-09-19 17:20:37.854,onvif-e9b03eab-61a3-46bd-9f42-888fd59ddbc4,1789818637.810,1789818637.813,1789818637.818,1789818637.824,1789818637.824,1789818637.854,44.82
2026-09-19 17:20:37.915,onvif-e9b03eab-61a3-46bd-9f42-888fd59ddbc4,1789818637.875,1789818637.881,1789818637.888,1789818637.890,1789818637.890,1789818637.916,41.24
